{
"type": "FeatureCollection",
"name": "commute_hulls_regional_train",
"crs": { "type": "name", "properties": { "name": "urn:ogc:def:crs:OGC:1.3:CRS84" } },
"features": [
{ "type": "Feature", "properties": { "MODE": "REGIONAL TRAIN", "transit_time_minutes_nearest_tier": 90.0, "centre": "southern-cross", "centre_name": "Southern Cross" }, "geometry": { "type": "Polygon", "coordinates": [ [ [ 144.218228998205177, -37.598719892357686 ], [ 144.218265478429799, -37.598680873180953 ], [ 144.218307031783581, -37.598645209756711 ], [ 144.218353174127628, -37.598613317594491 ], [ 144.218403367859452, -37.598585568264902 ], [ 144.218457028176488, -37.598562285070649 ], [ 144.2242386395464, -37.596366778831232 ], [ 144.224289901643346, -37.596349714681644 ], [ 144.224343018953022, -37.596336730626192 ], [ 144.224397479934538, -37.596327951706378 ], [ 144.224452760107681, -37.596323462466593 ], [ 144.22450832710345, -37.596323306139872 ], [ 144.224563645790795, -37.596327484231736 ], [ 144.224618183429897, -37.596335956505555 ], [ 144.230837984968076, -37.597556842064762 ], [ 144.230895827519618, -37.597570839375742 ], [ 144.2309514647485, -37.59758966387173 ], [ 144.231004262387074, -37.597613100952927 ], [ 144.231053618537572, -37.597640883435737 ], [ 144.231098970533623, -37.597672694598423 ], [ 144.244285290104955, -37.607965940764558 ], [ 144.259651469710008, -37.618424897930687 ], [ 144.308944673673238, -37.646397555959034 ], [ 144.31844595590519, -37.650852079351061 ], [ 144.443430637734053, -37.681154245760133 ], [ 144.569433946070234, -37.695577826414961 ], [ 144.573110319751777, -37.694588112639671 ], [ 144.712080428044004, -37.596438295970927 ], [ 144.713145573057375, -37.594437621832107 ], [ 144.712359798302117, -37.592332686278226 ], [ 144.597596764635142, -37.467727762506236 ], [ 144.57555694736962, -37.454183898049564 ], [ 144.575512812474415, -37.454153759714139 ], [ 144.575472792982282, -37.454120167651418 ], [ 144.575437312002862, -37.454083477021221 ], [ 144.552820991563834, -37.428016828306014 ], [ 144.55279202854507, -37.427979702653474 ], [ 144.552767714276257, -37.427940512956781 ], [ 144.516257678613442, -37.361053374336748 ], [ 144.516239234993805, -37.361014815825563 ], [ 144.516225289062675, -37.360975071941681 ], [ 144.516215957832713, -37.360934476174577 ], [ 144.516211319594333, -37.360893369161289 ], [ 144.516018161738685, -37.357391794949791 ], [ 144.516018753781111, -37.357343372145948 ], [ 144.516025852492533, -37.357295279719516 ], [ 144.516039375865603, -37.357248073172308 ], [ 144.516059167684233, -37.35720229777251 ], [ 144.517451751213343, -37.354467570432263 ], [ 144.517475871588687, -37.354426310677894 ], [ 144.517505085061401, -37.354387204841132 ], [ 144.517539093311797, -37.354350652249565 ], [ 144.517577549060036, -37.35431702615783 ], [ 144.520359712962573, -37.352118369328167 ], [ 144.520406343102763, -37.352085380460224 ], [ 144.520457243853969, -37.35205669561573 ], [ 144.520511794941029, -37.352032664344932 ], [ 144.5205693316083, -37.352013579489885 ], [ 144.524710515196546, -37.350849351444538 ], [ 144.52477033463407, -37.350835443488947 ], [ 144.524831709811281, -37.350826883917286 ], [ 144.524893892819222, -37.350823777035231 ], [ 144.524956125905362, -37.350826160702809 ], [ 144.528850048446657, -37.351147936261263 ], [ 144.52890065591501, -37.351153979055745 ], [ 144.528950369848587, -37.351163656073396 ], [ 144.528998781620118, -37.351176887773292 ], [ 144.529045493304949, -37.351193565396564 ], [ 144.529090120951736, -37.351213551860226 ], [ 144.533000619401122, -37.353155859871407 ], [ 144.533043479616083, -37.353179401159416 ], [ 144.533083442495212, -37.353205992846114 ], [ 144.533120168508447, -37.353235409006921 ], [ 144.533153345625323, -37.353267399720188 ], [ 144.549581253345593, -37.370678266409605 ], [ 144.705786518794582, -37.460129207559426 ], [ 144.712949990235245, -37.462217632059996 ], [ 144.713003355455214, -37.462235712435849 ], [ 144.751575934552449, -37.477201159718575 ], [ 144.75162945494364, -37.477224849708314 ], [ 144.751679447320754, -37.477253012990246 ], [ 144.751725325438116, -37.477285319304301 ], [ 144.751766551294565, -37.477321389806157 ], [ 144.754246330583783, -37.479742249142767 ], [ 144.754281040044162, -37.479779972269483 ], [ 144.754310654640449, -37.479820360061808 ], [ 144.754334855148358, -37.479862977179458 ], [ 144.76344186276404, -37.498402879254549 ], [ 144.765038682654762, -37.499780680878096 ], [ 144.958754878918086, -37.536700828224333 ], [ 144.962066525375803, -37.536174751625509 ], [ 144.978308485913431, -37.511352861617134 ], [ 144.987306356128784, -37.488938446489897 ], [ 144.992223444396529, -37.470786574440503 ], [ 144.996309812833374, -37.447375913860732 ], [ 144.995588880609631, -37.413676992664378 ], [ 144.975217120387924, -37.298679253525876 ], [ 144.97357059144187, -37.294617764257431 ], [ 144.973555924684973, -37.29457427867171 ], [ 144.973546764831298, -37.294529840565417 ], [ 144.973543203382576, -37.294484893897177 ], [ 144.973545275909487, -37.294439887705643 ], [ 144.973865485083138, -37.291498909447419 ], [ 144.973874727202258, -37.29144795989292 ], [ 144.973891183218711, -37.291398185195789 ], [ 144.973914638293877, -37.291350235138779 ], [ 144.995410005746265, -37.253855410937916 ], [ 144.995442111558503, -37.253807300484119 ], [ 145.03428666880481, -37.203188376422503 ], [ 145.078718769447335, -37.12045721235927 ], [ 145.112862529499978, -37.047955100004977 ], [ 145.112881023274497, -37.047920290890296 ], [ 145.128841533435804, -37.021055844098804 ], [ 145.128874323093584, -37.021008259293524 ], [ 145.128914020833435, -37.020964187153261 ], [ 145.131382600205541, -37.018545484105488 ], [ 145.131419749461458, -37.018512540088331 ], [ 145.131460762810917, -37.018482688717526 ], [ 145.131505241794088, -37.018456220007181 ], [ 145.131552754282779, -37.018433391107706 ], [ 145.135390124101548, -37.016789926739634 ], [ 145.135438242796056, -37.016771612188037 ], [ 145.135488307735244, -37.016757033217374 ], [ 145.135539869114439, -37.016746320811109 ], [ 145.135592463684816, -37.016739571213776 ], [ 145.139251301220611, -37.016411662112425 ], [ 145.139306339672174, -37.016408911938477 ], [ 145.139361449258701, -37.016410500968078 ], [ 145.139416099254049, -37.016416413898227 ], [ 145.139469763357965, -37.016426593785205 ], [ 145.143006628147361, -37.01724632205876 ], [ 145.143054513653226, -37.017259317585605 ], [ 145.143100748912815, -37.017275711474454 ], [ 145.143144959731785, -37.017295371045599 ], [ 145.143186788299374, -37.017318137189221 ], [ 145.143225896083976, -37.017343825653064 ], [ 145.14326196657322, -37.017372228533638 ], [ 145.147593448921782, -37.021104103218732 ], [ 145.147626193537121, -37.021134989429164 ], [ 145.147655343887919, -37.021168110333107 ], [ 145.147680664047186, -37.021203197873483 ], [ 145.147701949085814, -37.021239968076195 ], [ 145.147719026731352, -37.021278123348466 ], [ 145.147731758762546, -37.02131735488728 ], [ 145.148497804262661, -37.024205007111426 ], [ 145.14850600950021, -37.02424447385917 ], [ 145.148509816075091, -37.024284368625686 ], [ 145.148509193967755, -37.024324376864655 ], [ 145.148504148076256, -37.024364183134587 ], [ 145.148070434109997, -37.026733951849998 ], [ 145.148061708383437, -37.026770848600009 ], [ 145.148049181056678, -37.02680703464975 ], [ 145.148032939136669, -37.026842258658448 ], [ 145.112200180726262, -37.095530667113849 ], [ 145.071485053962903, -37.197613399350516 ], [ 145.036720667192782, -37.354072789029104 ], [ 145.038292180168128, -37.371777133219801 ], [ 145.038293408674178, -37.371820467797214 ], [ 145.038289414045863, -37.371863696062455 ], [ 145.03586040820349, -37.387705997398825 ], [ 145.035851299068554, -37.387748448547349 ], [ 145.035837151901688, -37.387790011780147 ], [ 144.997480466476617, -37.482229351943474 ], [ 144.979878460821993, -37.54424038665838 ], [ 144.979859244889042, -37.544292950891496 ], [ 144.953248792971038, -37.603379424695049 ], [ 144.937534800191202, -37.646204355058543 ], [ 144.930006702386947, -37.684367606140128 ], [ 144.997461543499099, -37.818447945875086 ], [ 145.088340032796197, -37.896390254051575 ], [ 145.1271501689898, -37.91840435074478 ], [ 145.127206172669929, -37.918440576490084 ], [ 145.215572863468822, -37.98335101823109 ], [ 145.349839096985448, -38.03252705289605 ], [ 145.488090517687453, -38.072673332855501 ], [ 145.510584638547869, -38.076873148226582 ], [ 145.51063443472745, -38.076884350588635 ], [ 145.510682739153367, -38.076899079283166 ], [ 145.510729153095184, -38.076917212731907 ], [ 145.51077329342661, -38.076938601251896 ], [ 145.513864475310896, -38.078593632100002 ], [ 145.51391326525075, -38.078622895245182 ], [ 145.513957800417899, -38.078656128248113 ], [ 145.513997566399155, -38.07869294724798 ], [ 145.514032103866185, -38.078732926962999 ], [ 145.516331655743897, -38.081728602395913 ], [ 145.516360568214139, -38.081771280419531 ], [ 145.516383519123593, -38.081816164512574 ], [ 145.516400243363279, -38.081862736234051 ], [ 145.51641054774521, -38.081910457648867 ], [ 145.516840040426899, -38.08484206792577 ], [ 145.516843740067713, -38.084886175787233 ], [ 145.516841951989363, -38.084930357871954 ], [ 145.516834693402359, -38.084974188682132 ], [ 145.516822034201596, -38.085017246102119 ], [ 145.515799400335766, -38.087855603834534 ], [ 145.515783042835352, -38.08789426697335 ], [ 145.51576232946104, -38.087931602902572 ], [ 145.515737429872303, -38.087967305798962 ], [ 145.515708548019319, -38.088001083215339 ], [ 145.515675920472461, -38.088032658475939 ], [ 145.51563981448453, -38.088061772942936 ], [ 145.510873252333312, -38.091572178652044 ], [ 145.510827411603941, -38.091602545755784 ], [ 145.510777796372878, -38.091628948835321 ], [ 145.51072495308631, -38.091651097093873 ], [ 145.510669463745018, -38.091668746595921 ], [ 145.510611939494396, -38.091681702953991 ], [ 145.510553013892775, -38.091689823469736 ], [ 145.504498365177596, -38.092267329893666 ], [ 145.504447797190295, -38.092270355935817 ], [ 145.504397089020244, -38.092269817681178 ], [ 145.504346642111898, -38.092265719390952 ], [ 145.504296855841233, -38.092258093510338 ], [ 145.483610355341881, -38.088325545654357 ], [ 145.483576159496891, -38.088318145195657 ], [ 145.380275567862952, -38.063154930738364 ], [ 145.380228679669216, -38.063141684839948 ], [ 145.380183433312141, -38.063125252879082 ], [ 145.340535723743017, -38.047022131468857 ], [ 145.255578660381218, -38.018443620823724 ], [ 145.255533493035045, -38.018426511765888 ], [ 145.204914560344832, -37.997022182788811 ], [ 145.204873200016436, -37.997002861405328 ], [ 145.204834045175176, -37.996980849667892 ], [ 145.204797374565629, -37.996956304279905 ], [ 145.115053664936596, -37.931460528127047 ], [ 145.036214701167609, -37.883722257611467 ], [ 145.036198209183823, -37.883711870082941 ], [ 144.947764778339291, -37.825782925406962 ], [ 144.900418742924529, -37.80966437930833 ], [ 144.898079146274, -37.809438482226881 ], [ 144.7183204693996, -37.832448733679563 ], [ 144.71520106656547, -37.83401983628287 ], [ 144.600003448263465, -37.92232797828725 ], [ 144.593083128160231, -37.928701020187567 ], [ 144.593044673210898, -37.928733099263006 ], [ 144.59300243144429, -37.928762036192168 ], [ 144.592956810194465, -37.928787551935834 ], [ 144.592908249385346, -37.928809400444997 ], [ 144.560720706119241, -37.941672037204633 ], [ 144.502958189570961, -37.970218691833075 ], [ 144.422790451536173, -38.027304384882775 ], [ 144.363603587256421, -38.202835804237594 ], [ 144.363586854109542, -38.202877182220355 ], [ 144.363565148123456, -38.202917096036131 ], [ 144.363538671128623, -38.202955174536925 ], [ 144.363507669321081, -38.202991063640255 ], [ 144.363472430973161, -38.203024429621919 ], [ 144.361419862404915, -38.204787564345622 ], [ 144.361374890498581, -38.204822162857155 ], [ 144.3613253734502, -38.204852653116035 ], [ 144.34614097254908, -38.213182160791973 ], [ 144.346098802014239, -38.213203193765729 ], [ 144.346054465009985, -38.213221241511604 ], [ 144.346008300152931, -38.213236166192395 ], [ 144.309238710262349, -38.223660555297883 ], [ 144.309190450669632, -38.223672354125796 ], [ 144.309141057799394, -38.223680741191885 ], [ 144.309090918425255, -38.223685650820784 ], [ 144.305361865296192, -38.223919170990996 ], [ 144.305307526280586, -38.223920524676345 ], [ 144.305253270392171, -38.223917795181478 ], [ 144.305199589551961, -38.223911007253875 ], [ 144.305146970466808, -38.223900222437464 ], [ 144.301785317240586, -38.223074538404681 ], [ 144.30172877356344, -38.223058018651138 ], [ 144.301674753638252, -38.223036886879015 ], [ 144.301623859944698, -38.223011378769904 ], [ 144.301576660094156, -38.222981778814301 ], [ 144.301533680498892, -38.222948417138497 ], [ 144.297175098063349, -38.219187442416967 ], [ 144.297142182159746, -38.219156336246179 ], [ 144.297112943040901, -38.219123022149205 ], [ 144.297087617347245, -38.219087769752122 ], [ 144.297066410045318, -38.219050864368086 ], [ 144.297049492768707, -38.219012604688288 ], [ 144.29703700242942, -38.218973300364318 ], [ 144.296291526709894, -38.216081508480805 ], [ 144.296283639247378, -38.216042001297581 ], [ 144.296280224914568, -38.216002097852311 ], [ 144.296281310624323, -38.215962112760522 ], [ 144.296286887809316, -38.215922361280974 ], [ 144.296754311401543, -38.213556807025704 ], [ 144.296767071352463, -38.213509255125679 ], [ 144.296786251463317, -38.213463064918933 ], [ 144.342977565273259, -38.11953502549396 ], [ 144.342986492662874, -38.119517899882624 ], [ 144.370784976511061, -38.069120028786649 ], [ 144.370806889645365, -38.069084594206394 ], [ 144.405925026405157, -38.01804471221665 ], [ 144.40595686189738, -38.018003773641439 ], [ 144.40599402991262, -38.017965751630392 ], [ 144.406036107274048, -38.017931079075808 ], [ 144.406082614912378, -38.01790015073486 ], [ 144.446417949051323, -37.993846390132781 ], [ 144.465484393601628, -37.979896852357093 ], [ 144.491264194604071, -37.957312688152953 ], [ 144.491296946832534, -37.957286253993992 ], [ 144.491332330499489, -37.957262039057191 ], [ 144.491370106505201, -37.957240206969644 ], [ 144.496128886730645, -37.954720410434902 ], [ 144.597928043474241, -37.870727531885223 ], [ 144.598988116425033, -37.869200197752569 ], [ 144.604047385061335, -37.852226511619079 ], [ 144.496854969549133, -37.718631762360772 ], [ 144.493524068949711, -37.717868821039076 ], [ 144.397883508410075, -37.729936196058127 ], [ 144.397819254554463, -37.729941320362052 ], [ 144.397754683765385, -37.729940610970949 ], [ 144.397690632949974, -37.729934077079264 ], [ 144.391703355355389, -37.729045514700104 ], [ 144.391648232983357, -37.729035044702648 ], [ 144.391594701314972, -37.729020257865422 ], [ 144.391543294809679, -37.729001301820219 ], [ 144.3914945267083, -37.728978365824133 ], [ 144.391448883908595, -37.728951678869848 ], [ 144.39140682210396, -37.728921507399377 ], [ 144.284889128339927, -37.64432444906258 ], [ 144.218439300107235, -37.610045579604744 ], [ 144.218393135807986, -37.610019023951672 ], [ 144.218350558710483, -37.609988913048916 ], [ 144.218311999642793, -37.609955551585024 ], [ 144.218277848773482, -37.60991927714015 ], [ 144.216205800819438, -37.607470634334852 ], [ 144.21617706507692, -37.607432789583761 ], [ 144.216153130395298, -37.607392886286057 ], [ 144.216134227272704, -37.607351308735161 ], [ 144.216120537749191, -37.607308457347997 ], [ 144.215384173633822, -37.604415373989177 ], [ 144.215375830282341, -37.604371661353674 ], [ 144.215372912505359, -37.604327508575601 ], [ 144.215375448393189, -37.604283340870744 ], [ 144.215383413514388, -37.604239583597902 ], [ 144.216094684009136, -37.601342530584517 ], [ 144.216108000733669, -37.601299605026071 ], [ 144.216126541521248, -37.601257924668978 ], [ 144.216150127806685, -37.601217890915549 ], [ 144.216178532434981, -37.601179889309869 ], [ 144.218228998205177, -37.598719892357686 ] ] ] } },
{ "type": "Feature", "properties": { "MODE": "REGIONAL TRAIN", "transit_time_minutes_nearest_tier": 75.0, "centre": "southern-cross", "centre_name": "Southern Cross" }, "geometry": { "type": "Polygon", "coordinates": [ [ [ 144.218228998205177, -37.598719892357686 ], [ 144.218265478429799, -37.598680873180953 ], [ 144.218307031783581, -37.598645209756711 ], [ 144.218353174127628, -37.598613317594491 ], [ 144.218403367859452, -37.598585568264902 ], [ 144.218457028176488, -37.598562285070649 ], [ 144.2242386395464, -37.596366778831232 ], [ 144.224289901643346, -37.596349714681644 ], [ 144.224343018953022, -37.596336730626192 ], [ 144.224397479934538, -37.596327951706378 ], [ 144.224452760107681, -37.596323462466593 ], [ 144.22450832710345, -37.596323306139872 ], [ 144.224563645790795, -37.596327484231736 ], [ 144.224618183429897, -37.596335956505555 ], [ 144.230837984968076, -37.597556842064762 ], [ 144.230892061799182, -37.597569762185806 ], [ 144.230944252660407, -37.597586903132544 ], [ 144.230994038630541, -37.597608094476996 ], [ 144.231040924698306, -37.597633125519067 ], [ 144.2310844446842, -37.59766174738121 ], [ 144.259206374762982, -37.618108851073707 ], [ 144.309453780793689, -37.646626475980199 ], [ 144.318022790442569, -37.650646255479899 ], [ 144.442400145054137, -37.680741581903646 ], [ 144.574084638076783, -37.695482888194384 ], [ 144.574142508527729, -37.695491791930905 ], [ 144.574198902880795, -37.695505421819774 ], [ 144.603402096186869, -37.703899863597222 ], [ 144.606258603638423, -37.703873909911799 ], [ 144.713083080919574, -37.620039190578773 ], [ 144.714209546935194, -37.618406637362384 ], [ 144.714716558503483, -37.595046013321934 ], [ 144.714721965752915, -37.594991193921224 ], [ 144.717706531461488, -37.578060342668685 ], [ 144.672866854843676, -37.471339733873812 ], [ 144.669987708497928, -37.466686887876364 ], [ 144.669964396680939, -37.466643657077327 ], [ 144.669946868589875, -37.46659872410951 ], [ 144.669935315394838, -37.466552579060988 ], [ 144.669929863096428, -37.466505725239131 ], [ 144.669930571151809, -37.466458673681188 ], [ 144.670226646585007, -37.462789687286048 ], [ 144.670232547107702, -37.462747587851744 ], [ 144.670243381637079, -37.462706116212047 ], [ 144.670259054392062, -37.46266563896036 ], [ 144.670279426824152, -37.462626513899579 ], [ 144.670304318842312, -37.462589086879113 ], [ 144.672697696607941, -37.459366169701831 ], [ 144.672728074651133, -37.459329472022986 ], [ 144.672762795024937, -37.45929530934535 ], [ 144.672801527098272, -37.459264006983808 ], [ 144.672843902039915, -37.459235863015429 ], [ 144.67288951633077, -37.459211145441209 ], [ 144.676825666908485, -37.457295003904584 ], [ 144.676870564498472, -37.457275315914842 ], [ 144.676917514346769, -37.457258950424773 ], [ 144.6769661305444, -37.457246041951777 ], [ 144.677016013486451, -37.45723669659796 ], [ 144.677066753156566, -37.457230991178101 ], [ 144.680969350346317, -37.456935164948845 ], [ 144.681022606883971, -37.456933140889426 ], [ 144.681075865708806, -37.456935126336198 ], [ 144.68112865287975, -37.456941103620998 ], [ 144.71039907551642, -37.461383282989921 ], [ 144.710446387101911, -37.461392152485793 ], [ 144.71049256791602, -37.4614042290859 ], [ 144.710537276508433, -37.461419423498732 ], [ 144.750818992504776, -37.476762896991552 ], [ 144.750867677495194, -37.476783819086108 ], [ 144.750913564114938, -37.476808432646358 ], [ 144.750956213125448, -37.476836502066519 ], [ 144.750995216278028, -37.476867758660305 ], [ 144.754228259777307, -37.47972546664402 ], [ 144.754259922213151, -37.479756057747274 ], [ 144.754288086850721, -37.479788749039919 ], [ 144.754312535515339, -37.479823287287253 ], [ 144.754333078816245, -37.479859404947319 ], [ 144.762604060097033, -37.496283713280228 ], [ 144.762620555322144, -37.496321152377476 ], [ 144.762632852414754, -37.49635960260192 ], [ 144.762640855995528, -37.496398765744303 ], [ 144.763901157026908, -37.50491427213565 ], [ 144.763904819134154, -37.504954204191861 ], [ 144.763904016908754, -37.504994237581393 ], [ 144.763898756678856, -37.505034056160362 ], [ 144.757103570777531, -37.541004763101292 ], [ 144.756066557750444, -37.558620534532793 ], [ 144.756061007398188, -37.558665790966963 ], [ 144.756049755130903, -37.558710371530488 ], [ 144.756032915554584, -37.558753822124658 ], [ 144.752318336723846, -37.566860327209696 ], [ 144.746717440948089, -37.659780530463507 ], [ 144.758691915985224, -37.675864703109617 ], [ 144.778550776497696, -37.693080271973031 ], [ 144.780522550648271, -37.694025897047084 ], [ 144.782824798670617, -37.693976366646204 ], [ 144.921982850592741, -37.658132550709482 ], [ 144.924116296203778, -37.655935979374625 ], [ 144.932977012695659, -37.632472325749944 ], [ 144.933431311220431, -37.600152065483293 ], [ 144.933434483922326, -37.600109211494242 ], [ 144.933442768372601, -37.600066792282384 ], [ 144.933456089351239, -37.600025192956203 ], [ 144.933474325914034, -37.599984791180056 ], [ 144.933497312490772, -37.59994595374566 ], [ 144.953124011543906, -37.570498053369498 ], [ 144.955550028418912, -37.564747742484172 ], [ 144.960507510027412, -37.539673112123204 ], [ 144.960519458310188, -37.539627897316031 ], [ 144.960537159202346, -37.539583894705544 ], [ 144.96056042653359, -37.539541567067509 ], [ 144.978428219593383, -37.511090870003791 ], [ 144.987418593984813, -37.488602951184433 ], [ 144.992223438296378, -37.47078666880136 ], [ 144.996274024587109, -37.447664956008452 ], [ 144.995588841534413, -37.413676772426776 ], [ 144.975217120387924, -37.298679253525876 ], [ 144.97357059144187, -37.294617764257431 ], [ 144.973557064752924, -37.294578392584668 ], [ 144.97354805443868, -37.294538204325384 ], [ 144.9735436344709, -37.294497529444556 ], [ 144.973543841132255, -37.29445670190205 ], [ 144.97369176302746, -37.292064610485582 ], [ 144.973696899781544, -37.292022257758177 ], [ 144.973707014126688, -37.291980481018058 ], [ 144.973722015853923, -37.291939652835367 ], [ 144.973741771168392, -37.291900137320276 ], [ 144.995409425864864, -37.25385642631295 ], [ 144.99544226069807, -37.253807106402817 ], [ 145.034599994670259, -37.202837585293956 ], [ 145.034629318361027, -37.202803077541432 ], [ 145.034662506785395, -37.202770887457106 ], [ 145.03667241927721, -37.200995660841564 ], [ 145.036707607231989, -37.200967226736871 ], [ 145.036745809604611, -37.200941401604759 ], [ 145.036786725192968, -37.200918389058494 ], [ 145.036830031404151, -37.20089837053586 ], [ 145.040104170255319, -37.199536186703966 ], [ 145.040154403750932, -37.199517731963333 ], [ 145.04020665660579, -37.199503304768598 ], [ 145.040260425603691, -37.199493044059231 ], [ 145.040315192928205, -37.199487048649821 ], [ 145.043991709594565, -37.199230724601648 ], [ 145.044045302584209, -37.199229037681633 ], [ 145.044098853193162, -37.199231435896401 ], [ 145.044151875912206, -37.199237897502897 ], [ 145.044203890017883, -37.199248363917782 ], [ 145.047528292200894, -37.200053661153973 ], [ 145.047584236308865, -37.200069837353617 ], [ 145.04763773589039, -37.20009064280692 ], [ 145.047688194283552, -37.200115845478877 ], [ 145.047735048742112, -37.200145164293701 ], [ 145.047777776711371, -37.200178272269547 ], [ 145.05211497573859, -37.203913490679049 ], [ 145.052147760219896, -37.203944402062149 ], [ 145.052176939008319, -37.20397754516447 ], [ 145.052202275946684, -37.204012651749224 ], [ 145.052223565970024, -37.204049437688219 ], [ 145.052240636765561, -37.2040876052613 ], [ 145.052253350167348, -37.204126845565874 ], [ 145.053017613719049, -37.20701500516293 ], [ 145.053025789165503, -37.207054477020769 ], [ 145.053029554854817, -37.207094373344006 ], [ 145.053028881089887, -37.207134379574029 ], [ 145.053023773175937, -37.207174180285215 ], [ 145.052586046734319, -37.209543510705899 ], [ 145.05257478681213, -37.209588486221868 ], [ 145.052557868526947, -37.209632313113651 ], [ 145.052535467184782, -37.209674537225339 ], [ 145.052507814910996, -37.209714721009178 ], [ 145.033675367497693, -37.234050454344221 ], [ 145.035328916274693, -37.350267807805722 ], [ 145.03660604003457, -37.354458819986434 ], [ 145.036614976416473, -37.354494288744021 ], [ 145.036620319236192, -37.354530215507026 ], [ 145.038291785621453, -37.371597100215261 ], [ 145.038293394609326, -37.371641051623804 ], [ 145.038289628174795, -37.371684918915989 ], [ 145.036016143545254, -37.387088484274337 ], [ 145.036007047319146, -37.387131802092746 ], [ 145.035992708613037, -37.387174207409942 ], [ 144.997480511182999, -37.482229194311273 ], [ 144.979878460821993, -37.54424038665838 ], [ 144.979859244889042, -37.544292950891496 ], [ 144.953248816740029, -37.603379371962163 ], [ 144.937448514547043, -37.646479180123727 ], [ 144.929681012742748, -37.683827150944175 ], [ 144.931763463235171, -37.729580223107554 ], [ 144.996577161160388, -37.817783092957463 ], [ 145.088339892686832, -37.896390174531717 ], [ 145.1271501689898, -37.91840435074478 ], [ 145.127206428645195, -37.918440764893674 ], [ 145.215179012309363, -37.983141754913255 ], [ 145.349773556650206, -38.03252675197897 ], [ 145.349819919278445, -38.032545815202106 ], [ 145.349863877785566, -38.032568159187697 ], [ 145.349905062124691, -38.032593595843132 ], [ 145.353092857245741, -38.034755693785662 ], [ 145.353129865100954, -38.034783147664072 ], [ 145.353163636826793, -38.034813097689849 ], [ 145.353193904380419, -38.034845306156086 ], [ 145.353220427529919, -38.034879517430817 ], [ 145.355023203849129, -38.037455663943639 ], [ 145.355047795374247, -38.037495265218055 ], [ 145.355067370674817, -38.037536579215399 ], [ 145.355081741956383, -38.03757920960976 ], [ 145.355090771345829, -38.037622747446356 ], [ 145.355513729290351, -38.040554992939306 ], [ 145.355517332237014, -38.040599106658931 ], [ 145.355515450541134, -38.040643287253026 ], [ 145.355508102314985, -38.040687109238128 ], [ 145.355495358316659, -38.040730150583549 ], [ 145.354467245302146, -38.04356719674513 ], [ 145.3544511661363, -38.043605119430701 ], [ 145.354430896609387, -38.04364176462397 ], [ 145.354406596529742, -38.043676843397172 ], [ 145.354378457485382, -38.043710079172591 ], [ 145.352583927057537, -38.045638511655113 ], [ 145.352552169350076, -38.045669641882945 ], [ 145.352517044881779, -38.045698421567842 ], [ 145.352478830588126, -38.045724623796225 ], [ 145.352437827767375, -38.045748041976303 ], [ 145.349318322907379, -38.047367996624075 ], [ 145.34927161918668, -38.047389805724976 ], [ 145.349222504135042, -38.047408003233919 ], [ 145.349171423060824, -38.04742242416021 ], [ 145.34911883909848, -38.047432937754103 ], [ 145.345676250804416, -38.047984784014332 ], [ 145.345622640024658, -38.047991293417695 ], [ 145.345568489365377, -38.047993741118411 ], [ 145.345514289793442, -38.047992104923971 ], [ 145.345460532719244, -38.047986399669234 ], [ 145.341789503475894, -38.047454966263594 ], [ 145.341728374430488, -38.047443326134101 ], [ 145.341669240114157, -38.047426429115085 ], [ 145.255578506937525, -38.018443569112037 ], [ 145.255533184351947, -38.018426381244751 ], [ 145.204257137754979, -37.996711891696854 ], [ 145.204215684992249, -37.9966924945454 ], [ 145.20417645241389, -37.996670394120208 ], [ 145.204139720813629, -37.996645748598553 ], [ 145.115053372247047, -37.931460351108754 ], [ 145.036214701167609, -37.883722257611467 ], [ 145.036198291287548, -37.883711923783196 ], [ 144.947416081590831, -37.825576389073277 ], [ 144.899177442748623, -37.809256737284841 ], [ 144.867303829119294, -37.803060600784953 ], [ 144.719184092764777, -37.831959722990185 ], [ 144.715203529420819, -37.834017944878966 ], [ 144.600003448263465, -37.92232797828725 ], [ 144.593083128160231, -37.928701020187567 ], [ 144.593044673210898, -37.928733099263006 ], [ 144.59300243144429, -37.928762036192168 ], [ 144.592956810194465, -37.928787551935834 ], [ 144.592908249385346, -37.928809400444997 ], [ 144.560720706119241, -37.941672037204633 ], [ 144.502958027600272, -37.970218771810408 ], [ 144.422402206175434, -38.027503733118991 ], [ 144.38911062049462, -38.07611683998617 ], [ 144.368415586394207, -38.161602730166706 ], [ 144.368401813131698, -38.161647186223874 ], [ 144.36838239725796, -38.161690309279336 ], [ 144.368357539214827, -38.161731654126577 ], [ 144.36832749563078, -38.161770793916865 ], [ 144.366107275093867, -38.164356866446049 ], [ 144.36607255740816, -38.164393204467693 ], [ 144.366033371896492, -38.164426590619826 ], [ 144.365990118702825, -38.164456683974244 ], [ 144.365943239510528, -38.164483177227233 ], [ 144.362797714441825, -38.166077385936404 ], [ 144.362749170703097, -38.16609941025137 ], [ 144.362698126345066, -38.166117571966154 ], [ 144.362645072959225, -38.166131696170758 ], [ 144.362590521486339, -38.166141646839144 ], [ 144.358911623228352, -38.166664031490129 ], [ 144.358850778206943, -38.166670027052142 ], [ 144.358789469581666, -38.166670832708604 ], [ 144.358728405524914, -38.166666439153431 ], [ 144.358668291383822, -38.166656897136271 ], [ 144.354370626519085, -38.165782582039149 ], [ 144.354317160521987, -38.165769464048566 ], [ 144.35426558060783, -38.165752271752623 ], [ 144.354216383526136, -38.165731170725145 ], [ 144.354170043076977, -38.16570636418362 ], [ 144.351746648768881, -38.164267109027897 ], [ 144.351707558313308, -38.164241670317786 ], [ 144.351671480164214, -38.164213594160515 ], [ 144.351638698776696, -38.164183101922674 ], [ 144.3516094726115, -38.1641504340203 ], [ 144.349590745494424, -38.161666786301367 ], [ 144.349559074601615, -38.16162250440911 ], [ 144.349533927645496, -38.161575686046035 ], [ 144.349515625162297, -38.161526928006246 ], [ 144.344971508990795, -38.146313515787519 ], [ 144.344958961289421, -38.146253747300136 ], [ 144.342170688165083, -38.123616346296984 ], [ 144.342168012041924, -38.123571438002827 ], [ 144.342171016228605, -38.123526542657054 ], [ 144.342569111828482, -38.120476167673601 ], [ 144.342578068582498, -38.120430575593524 ], [ 144.342592881933143, -38.120385946495837 ], [ 144.342613396453771, -38.120342748613169 ], [ 144.37078473417489, -38.069120469104028 ], [ 144.370806889645365, -38.069084594206394 ], [ 144.405925026405157, -38.01804471221665 ], [ 144.40595686189738, -38.018003773641439 ], [ 144.40599402991262, -38.017965751630392 ], [ 144.406036107274048, -38.017931079075808 ], [ 144.406082614912378, -38.01790015073486 ], [ 144.446417949051323, -37.993846390132767 ], [ 144.465484393601628, -37.979896852357093 ], [ 144.491264194604071, -37.957312688152953 ], [ 144.491296946832534, -37.957286253993992 ], [ 144.491332330499489, -37.957262039057191 ], [ 144.491370106505201, -37.957240206969644 ], [ 144.496128528725848, -37.954720600013673 ], [ 144.598688259977877, -37.869845138242866 ], [ 144.605663957579765, -37.848494666754398 ], [ 144.605680270404946, -37.848453109089014 ], [ 144.605701564581921, -37.848412993652836 ], [ 144.605727641338007, -37.848374694893003 ], [ 144.60965932379122, -37.843212953106885 ], [ 144.609688189256048, -37.843178697686312 ], [ 144.609720880350466, -37.843146676761343 ], [ 144.609757123650098, -37.843117158146612 ], [ 144.615431954804706, -37.838899154036383 ], [ 144.616304896209442, -37.836829667408971 ], [ 144.599988196449544, -37.722416101400377 ], [ 144.598623834504849, -37.720612636481249 ], [ 144.596121649426919, -37.719857246699704 ], [ 144.548275506009645, -37.718709238517441 ], [ 144.535683262021109, -37.720078929714802 ], [ 144.53562229223536, -37.720082912995721 ], [ 144.535561137027315, -37.720081656738607 ], [ 144.496102255592064, -37.717568098459147 ], [ 144.398619421430681, -37.729859042590775 ], [ 144.398569233960359, -37.729863540853266 ], [ 144.398518741646228, -37.729864475592564 ], [ 144.398468344800165, -37.729861839397905 ], [ 144.39251785014261, -37.729338273477836 ], [ 144.39246450187531, -37.729331522527502 ], [ 144.39241220414101, -37.7293207713996 ], [ 144.392361431293722, -37.729306117609674 ], [ 144.392312643855689, -37.729287694071409 ], [ 144.392266284340138, -37.72926566789107 ], [ 144.388698343085736, -37.727381553871496 ], [ 144.388652420710685, -37.727354558066494 ], [ 144.388610150426331, -37.727324029976025 ], [ 144.284888226826638, -37.644323984470631 ], [ 144.218439300107235, -37.610045579604744 ], [ 144.218393135807986, -37.610019023951672 ], [ 144.218350558710483, -37.609988913048916 ], [ 144.218311999642793, -37.609955551585024 ], [ 144.218277848773482, -37.60991927714015 ], [ 144.216205800819438, -37.607470634334852 ], [ 144.21617706507692, -37.607432789583761 ], [ 144.216153130395298, -37.607392886286057 ], [ 144.216134227272704, -37.607351308735161 ], [ 144.216120537749191, -37.607308457347997 ], [ 144.215384173633822, -37.604415373989177 ], [ 144.215375830282341, -37.604371661353674 ], [ 144.215372912505359, -37.604327508575601 ], [ 144.215375448393189, -37.604283340870744 ], [ 144.215383413514388, -37.604239583597902 ], [ 144.216094684009136, -37.601342530584517 ], [ 144.216108000733669, -37.601299605026071 ], [ 144.216126541521248, -37.601257924668978 ], [ 144.216150127806685, -37.601217890915549 ], [ 144.216178532434981, -37.601179889309869 ], [ 144.218228998205177, -37.598719892357686 ] ] ] } },
{ "type": "Feature", "properties": { "MODE": "REGIONAL TRAIN", "transit_time_minutes_nearest_tier": 60.0, "centre": "southern-cross", "centre_name": "Southern Cross" }, "geometry": { "type": "Polygon", "coordinates": [ [ [ 144.429542615019955, -37.6820115251628 ], [ 144.429572014397479, -37.681979312642923 ], [ 144.429604875642269, -37.681949287587372 ], [ 144.429640942372117, -37.681921684246987 ], [ 144.429679933197036, -37.681896717978546 ], [ 144.429721543914724, -37.681874583564529 ], [ 144.433675422494218, -37.679966608286179 ], [ 144.433720515327508, -37.679947013268688 ], [ 144.433767655775426, -37.679930744664993 ], [ 144.433816456362393, -37.67991793619607 ], [ 144.43386651596802, -37.679908693142096 ], [ 144.433917423123745, -37.679903091476945 ], [ 144.437832442972592, -37.679615233893607 ], [ 144.437892472789855, -37.679613360077873 ], [ 144.437952414996545, -37.679616546091182 ], [ 144.438011596330028, -37.679624756148634 ], [ 144.438069352073171, -37.679637898035935 ], [ 144.438125033520066, -37.679655824145016 ], [ 144.446597488273312, -37.682808110478554 ], [ 144.564429812591527, -37.696820863074315 ], [ 144.570354728376628, -37.69548320178027 ], [ 144.570408658780025, -37.695473257312912 ], [ 144.570463552648334, -37.695467539784417 ], [ 144.57051888657827, -37.695466103710416 ], [ 144.574233056363028, -37.695513841777831 ], [ 144.574295150268824, -37.69551735477534 ], [ 144.574356385239128, -37.695526255747396 ], [ 144.574416023098422, -37.69554043739452 ], [ 144.607877261287683, -37.705110899375264 ], [ 144.60793313723579, -37.705129608280785 ], [ 144.607986179356317, -37.705152950510616 ], [ 144.611810116974226, -37.707054711067059 ], [ 144.649991129251021, -37.72057005050543 ], [ 144.653455277628808, -37.720508518881438 ], [ 144.722644662167511, -37.643505161448097 ], [ 144.722733026217298, -37.641003788230357 ], [ 144.717677358325659, -37.633039051409938 ], [ 144.717654980593295, -37.632999077558601 ], [ 144.71763758432752, -37.632957565832299 ], [ 144.71762533361246, -37.632914907795346 ], [ 144.714436265768285, -37.61864776896698 ], [ 144.714429476476795, -37.618606300575102 ], [ 144.714427550145956, -37.618564510087545 ], [ 144.714716501187013, -37.595049386821074 ], [ 144.714718701509497, -37.595013867300509 ], [ 144.714724415782882, -37.594978596518821 ], [ 144.718744214695647, -37.576077817251878 ], [ 144.718757470059188, -37.576030873172108 ], [ 144.718776939749802, -37.575985321837464 ], [ 144.718802401710008, -37.575941682748578 ], [ 144.71883356554352, -37.575900453596674 ], [ 144.718870075827482, -37.575862104587557 ], [ 144.722432868192215, -37.572507988989031 ], [ 144.722470770028934, -37.572475665296103 ], [ 144.722512469881792, -37.572446454169736 ], [ 144.722557566159622, -37.572420636925379 ], [ 144.72260562456367, -37.572398462193739 ], [ 144.722656182269901, -37.572380143526381 ], [ 144.722708752386239, -37.572365857339321 ], [ 144.728012110293463, -37.571152231103163 ], [ 144.728070742953292, -37.571141460942215 ], [ 144.728130480708586, -37.571135705764242 ], [ 144.728190648478176, -37.571135030607039 ], [ 144.728250566321748, -37.5711394431004 ], [ 144.728309557123225, -37.571148893379871 ], [ 144.728366954242148, -37.571163274650182 ], [ 144.734364835836089, -37.572949946116246 ], [ 144.734415844527234, -37.572967455540613 ], [ 144.734464451382649, -37.572988860078759 ], [ 144.734510188296866, -37.573013953596472 ], [ 144.734552614801657, -37.573042494432812 ], [ 144.734591322308319, -37.573074207727657 ], [ 144.734625938042029, -37.573108788068268 ], [ 144.734656128632224, -37.573145902430653 ], [ 144.737868940781823, -37.577555456211037 ], [ 144.737895069352902, -37.577595887837354 ], [ 144.737915944913624, -37.577638209450122 ], [ 144.737931354867584, -37.577681990064882 ], [ 144.737941142276895, -37.577726783838621 ], [ 144.737945207460598, -37.577772134609958 ], [ 144.737943509010165, -37.57781758054454 ], [ 144.7374205279514, -37.582995082203595 ], [ 144.746813861477989, -37.66062912381328 ], [ 144.758688159466544, -37.675861522322116 ], [ 144.782502281042241, -37.696555489979993 ], [ 144.782536910770972, -37.696588620471601 ], [ 144.782567401095605, -37.696624227010787 ], [ 144.782593473384821, -37.696661984219482 ], [ 144.782614889379005, -37.69670154706597 ], [ 144.793284156030268, -37.719327721486614 ], [ 144.79699760521035, -37.720079930690275 ], [ 144.909887055329733, -37.697760321568836 ], [ 144.911551183442725, -37.695036179516748 ], [ 144.909547702482314, -37.68366803543195 ], [ 144.909542337691448, -37.683614565699109 ], [ 144.909545007014344, -37.683560968214231 ], [ 144.909890938025598, -37.680796434570581 ], [ 144.909900727003077, -37.68074666284511 ], [ 144.909917446202797, -37.680698070828988 ], [ 144.909940886574702, -37.680651266058916 ], [ 144.922919715962223, -37.65843091698283 ], [ 144.932571736080433, -37.63448316564326 ], [ 144.933431388059915, -37.600148132559568 ], [ 144.933434915386357, -37.60010610235436 ], [ 144.933443360896376, -37.60006451796243 ], [ 144.933456650755005, -37.600023742895935 ], [ 144.93347466878069, -37.599984133591747 ], [ 144.933497257461227, -37.599946036295648 ], [ 144.952990720603054, -37.570683469261262 ], [ 144.960510875288605, -37.539657808174226 ], [ 144.960521882181069, -37.539620836096461 ], [ 144.960536762109825, -37.539584734003689 ], [ 144.96055540923939, -37.539549758663426 ], [ 144.980140172947415, -37.506720013697326 ], [ 144.984827396052623, -37.49510145857947 ], [ 144.992148426225725, -37.471086016904579 ], [ 144.994907569246152, -37.455466383146835 ], [ 144.995469401332173, -37.415142161653883 ], [ 144.995471954697621, -37.415104083822584 ], [ 144.995478535505299, -37.415066314568406 ], [ 144.995489096614023, -37.415029124414957 ], [ 145.016769157919924, -37.352449307434746 ], [ 145.01678927554434, -37.352401057493303 ], [ 145.01681607555966, -37.35235492451006 ], [ 145.018660821974606, -37.349598466870127 ], [ 145.018693169302651, -37.349555956811791 ], [ 145.01873118865808, -37.349516552133835 ], [ 145.018774416731418, -37.349480733018922 ], [ 145.018822326742225, -37.349448935955714 ], [ 145.022348077548941, -37.347360414560775 ], [ 145.022400082965731, -37.347333025471634 ], [ 145.022455552844264, -37.347310379551537 ], [ 145.022513811233154, -37.347292752760836 ], [ 145.022574148202267, -37.347280359897127 ], [ 145.026413256492418, -37.346669873717403 ], [ 145.026462528474354, -37.346663829944454 ], [ 145.026512276254152, -37.346661280922923 ], [ 145.026562111709808, -37.346662246539729 ], [ 145.026611646035292, -37.346666719261371 ], [ 145.026660492773772, -37.346674664192527 ], [ 145.030919463483656, -37.34752527634646 ], [ 145.030972469269585, -37.347538098202762 ], [ 145.031023645653562, -37.347555006137256 ], [ 145.031072499785694, -37.347575837319887 ], [ 145.031118561179255, -37.347600391138073 ], [ 145.031161386241507, -37.34762843112852 ], [ 145.034733799143368, -37.350211541077165 ], [ 145.034774333993795, -37.35024399360077 ], [ 145.034810529833891, -37.35027956543783 ], [ 145.034842012193025, -37.350317888579539 ], [ 145.034868455362442, -37.350358566552941 ], [ 145.034889585765001, -37.350401178522468 ], [ 145.03659229248106, -37.354420991737996 ], [ 145.036605435730479, -37.354456856211051 ], [ 145.036614811038277, -37.354493466737303 ], [ 145.03662035391622, -37.354530571511773 ], [ 145.038291909401437, -37.371774217722027 ], [ 145.038293449472121, -37.371819110880338 ], [ 145.038289382202407, -37.371863903395187 ], [ 145.035841897383335, -37.38776555119977 ], [ 145.035832789234092, -37.387807906408135 ], [ 145.035818665459431, -37.38784937658685 ], [ 144.99748046380455, -37.482229361365036 ], [ 144.979878460821993, -37.54424038665838 ], [ 144.979859244889042, -37.544292950891496 ], [ 144.953248950590847, -37.603379075006238 ], [ 144.937175058468995, -37.647454025772035 ], [ 144.929680926498094, -37.683827151550332 ], [ 144.931676930755145, -37.729617954929736 ], [ 144.932496748110196, -37.73434069981225 ], [ 144.995717300200141, -37.817210902662396 ], [ 145.049359641886213, -37.871233580956279 ], [ 145.087778802115821, -37.896072478666504 ], [ 145.127680728820621, -37.918784158512032 ], [ 145.127735979577835, -37.918819956539558 ], [ 145.216933735297005, -37.984339694111611 ], [ 145.216978698471081, -37.984376660239342 ], [ 145.217018058485394, -37.984417433673137 ], [ 145.217051304629905, -37.984461485373004 ], [ 145.219620822594834, -37.988353658311262 ], [ 145.219645546749092, -37.98839640395186 ], [ 145.21966450736565, -37.988440956129303 ], [ 145.219677497928757, -37.988486829613237 ], [ 145.219684376943263, -37.988533524781658 ], [ 145.219685069476213, -37.988580533062475 ], [ 145.219679567973486, -37.988627342472462 ], [ 145.218779761494545, -37.993505380476506 ], [ 145.2187700922739, -37.993545176854155 ], [ 145.218755942734617, -37.993584124483164 ], [ 145.218737427387936, -37.993621908144362 ], [ 145.218714696079985, -37.993658222038604 ], [ 145.218687932779233, -37.993692772261724 ], [ 145.218657354087696, -37.993725279183408 ], [ 145.21615962864368, -37.996145031828206 ], [ 145.216117249349111, -37.996181747825318 ], [ 145.216070014291148, -37.996214543585118 ], [ 145.216018499080775, -37.996243019451299 ], [ 145.215963331490201, -37.996266828410384 ], [ 145.211964653543504, -37.997772151266432 ], [ 145.211918338495082, -37.997787639729971 ], [ 145.211870476968272, -37.997799833617762 ], [ 145.211821442381279, -37.997808637792374 ], [ 145.211771617304947, -37.997813983563063 ], [ 145.211721390478033, -37.997815829221757 ], [ 145.207773064303012, -37.997822713075841 ], [ 145.207722827681721, -37.99782104257384 ], [ 145.207672973317102, -37.997815870592959 ], [ 145.207623890176421, -37.997807237485318 ], [ 145.207575961209386, -37.997795210607016 ], [ 145.207529560360342, -37.997779883792475 ], [ 145.203522538423783, -37.996288518783217 ], [ 145.203471206363474, -37.996266810254603 ], [ 145.203422943834596, -37.996241067210931 ], [ 145.203378255390874, -37.996211558780836 ], [ 145.115053158862821, -37.931460222054255 ], [ 145.036214701167609, -37.883722257611467 ], [ 145.036198291287548, -37.883711923783196 ], [ 144.947416081590831, -37.825576389073277 ], [ 144.899174681070548, -37.809255802219049 ], [ 144.868077074214426, -37.802935016172931 ], [ 144.841624380880432, -37.799773927629502 ], [ 144.725634221693412, -37.827447338636624 ], [ 144.717006070155833, -37.833074258131745 ], [ 144.716962580602058, -37.833099958016994 ], [ 144.71691619886542, -37.833122251107376 ], [ 144.716867347796352, -37.83314093416147 ], [ 144.695103271670064, -37.840467940601442 ], [ 144.618563193345011, -37.876356012056092 ], [ 144.617087942494521, -37.877926175992734 ], [ 144.604851061284052, -37.905147142833592 ], [ 144.601470571525709, -37.91939926746668 ], [ 144.601457493249711, -37.919442511847116 ], [ 144.601439096649642, -37.919484524079991 ], [ 144.601415560976903, -37.919524894789774 ], [ 144.598287194335825, -37.924261328931358 ], [ 144.598252338430029, -37.924307228834934 ], [ 144.598210851149418, -37.924349527036931 ], [ 144.594307023398329, -37.927874986300083 ], [ 144.594264439895056, -37.92790951790731 ], [ 144.594217436031755, -37.927940242054703 ], [ 144.594166551528417, -37.927966805950206 ], [ 144.504103658063201, -37.969623543057715 ], [ 144.420717508381358, -38.028694849457366 ], [ 144.420678415100213, -38.028720131862144 ], [ 144.420636644100881, -38.02874257561853 ], [ 144.420592523811848, -38.028762004259285 ], [ 144.420546401134033, -38.02877826502376 ], [ 144.415380265195807, -38.030386302564828 ], [ 144.415328383659812, -38.030400210504197 ], [ 144.41527505274442, -38.030410111255939 ], [ 144.415220765909737, -38.030415913210419 ], [ 144.41516602546119, -38.030417562683219 ], [ 144.41511133790172, -38.030415044412173 ], [ 144.415057209244821, -38.030408381698294 ], [ 144.409828696555394, -38.029559180281169 ], [ 144.409774569641883, -38.029548173490674 ], [ 144.409722067318313, -38.029533023203122 ], [ 144.409671695218208, -38.029513875326444 ], [ 144.409623938458395, -38.02949091426796 ], [ 144.409579256966992, -38.029464361158553 ], [ 144.406541549745839, -38.027467284115474 ], [ 144.406495496060813, -38.027433436724216 ], [ 144.40645443944328, -38.027395780275079 ], [ 144.4064188802096, -38.027354773656995 ], [ 144.406389251681759, -38.02731091658395 ], [ 144.40452032451114, -38.024133972474694 ], [ 144.404501138688687, -38.024097192281467 ], [ 144.404486130610906, -38.024059216320737 ], [ 144.40447541736404, -38.024020340879972 ], [ 144.404469082525765, -38.023980869263873 ], [ 144.404467175513275, -38.02394110942803 ], [ 144.404491882078247, -38.020816761738033 ], [ 144.404494544875575, -38.020775976202842 ], [ 144.404501866175565, -38.020735549072775 ], [ 144.40451378579192, -38.020695812646153 ], [ 144.404530205742162, -38.020657093543477 ], [ 144.4045509910531, -38.020619710022608 ], [ 144.406612545554168, -38.017325564368946 ], [ 144.406638595849302, -38.017288446039949 ], [ 144.406668947576065, -38.017253432791357 ], [ 144.40670333111666, -38.017220835643236 ], [ 144.40674144104014, -38.017190944153327 ], [ 144.40678293881561, -38.017164023844835 ], [ 144.446809526587543, -37.993589275022366 ], [ 144.465765545405048, -37.979671194393767 ], [ 144.491955534306157, -37.95681010535943 ], [ 144.492001041091328, -37.95677459457562 ], [ 144.492051289614437, -37.956743347709335 ], [ 144.492105646154869, -37.956716758834304 ], [ 144.495381752949413, -37.955308950935958 ], [ 144.495430248288102, -37.955290406781408 ], [ 144.49548074082, -37.955275576390989 ], [ 144.532200620219157, -37.946023779672402 ], [ 144.534138397659319, -37.944995067531814 ], [ 144.597986339928639, -37.871930497436601 ], [ 144.604796323453087, -37.850402189967362 ], [ 144.604813126660332, -37.850358553537426 ], [ 144.604835410006757, -37.850316488576624 ], [ 144.608212874354052, -37.844748166605264 ], [ 144.6082411701355, -37.844707116644621 ], [ 144.60827468172883, -37.844668615014776 ], [ 144.608313047740722, -37.844633076913638 ], [ 144.613981302363442, -37.839903124971549 ], [ 144.61402275572172, -37.839871847890741 ], [ 144.614067966204658, -37.839844036513526 ], [ 144.637686035768553, -37.826766508105813 ], [ 144.638303615844563, -37.825221490787996 ], [ 144.643833489565282, -37.737587575088824 ], [ 144.643240334922638, -37.735732092089812 ], [ 144.641438869826601, -37.734464800514253 ], [ 144.599789588172484, -37.719964648157394 ], [ 144.548272687772823, -37.718709187813332 ], [ 144.534945100138998, -37.720057681963006 ], [ 144.534888343138221, -37.720061133993447 ], [ 144.534831436386128, -37.720060049367774 ], [ 144.500775812105218, -37.718044381491573 ], [ 144.50070132954005, -37.718035987949222 ], [ 144.492817218324433, -37.716718527037784 ], [ 144.492772097267391, -37.716709434710879 ], [ 144.492728066892738, -37.71669743346316 ], [ 144.457501461812598, -37.705785937511664 ], [ 144.457433292856763, -37.705760546475361 ], [ 144.431083231895968, -37.69418747346942 ], [ 144.431029594994897, -37.694160693039841 ], [ 144.430980052517896, -37.694129325164063 ], [ 144.430935222922528, -37.694093761422479 ], [ 144.427993098349873, -37.691482979211493 ], [ 144.427953985176885, -37.691444154305152 ], [ 144.427920495554247, -37.691402140084087 ], [ 144.427893037582749, -37.69135744854087 ], [ 144.427871945858527, -37.691310624293465 ], [ 144.426753128014553, -37.688314920470177 ], [ 144.426738660840641, -37.688266533934836 ], [ 144.426730992975138, -37.688217175005363 ], [ 144.426730217846, -37.688167445173882 ], [ 144.426736344885398, -37.688117950451257 ], [ 144.427409652585993, -37.684654449070372 ], [ 144.42742217684912, -37.684607063222124 ], [ 144.42744102768421, -37.684561019228809 ], [ 144.427465987340156, -37.684516848929597 ], [ 144.427496767506256, -37.684475062520306 ], [ 144.429542615019955, -37.6820115251628 ] ] ] } },
{ "type": "Feature", "properties": { "MODE": "REGIONAL TRAIN", "transit_time_minutes_nearest_tier": 45.0, "centre": "southern-cross", "centre_name": "Southern Cross" }, "geometry": { "type": "Polygon", "coordinates": [ [ [ 144.564952063881492, -37.697812741876852 ], [ 144.564983064129734, -37.697776628255632 ], [ 144.565018323211405, -37.697743071895943 ], [ 144.5650575091652, -37.697712388723104 ], [ 144.565100253060479, -37.69768486761172 ], [ 144.565146152470874, -37.69766076766598 ], [ 144.569310576010764, -37.69569779586449 ], [ 144.569360965244442, -37.695676686325612 ], [ 144.569413765820997, -37.695659700968307 ], [ 144.569468444779289, -37.695647011239856 ], [ 144.569524450199168, -37.695638745228123 ], [ 144.569581216772008, -37.695634986368717 ], [ 144.574205228859228, -37.695514027286507 ], [ 144.574258918124457, -37.695514643228975 ], [ 144.574312293300494, -37.695519292130236 ], [ 144.574364875679237, -37.695527932295469 ], [ 144.574416193662785, -37.695540486233291 ], [ 144.608082601234656, -37.705179256181466 ], [ 144.608123433823579, -37.705192384173976 ], [ 144.655563758767414, -37.722163783852707 ], [ 144.655610527366235, -37.722182612948686 ], [ 144.655654907090764, -37.722204792201389 ], [ 144.655696518664399, -37.722230132064269 ], [ 144.680513348909557, -37.738837874748548 ], [ 144.713094490904979, -37.753016169933623 ], [ 144.73339651987871, -37.757376831886901 ], [ 144.735247515478079, -37.756950733308834 ], [ 144.736888307406701, -37.755519831021161 ], [ 144.765196935951707, -37.707558808221926 ], [ 144.76554159893152, -37.705624236038823 ], [ 144.764026268821709, -37.7011612723608 ], [ 144.764014265572825, -37.701117285951071 ], [ 144.764007845966859, -37.70107256744361 ], [ 144.764007074065262, -37.701027563155542 ], [ 144.764011957562076, -37.700982722255517 ], [ 144.764022447707305, -37.700938492280642 ], [ 144.765105275726768, -37.697364320790143 ], [ 144.765120936299155, -37.697321895842357 ], [ 144.765141754792296, -37.697280894878567 ], [ 144.765167530705838, -37.697241712757901 ], [ 144.765198015798205, -37.697204726822534 ], [ 144.765232916477487, -37.697170293263937 ], [ 144.765271896629059, -37.697138743692484 ], [ 144.769984798854694, -37.693680970945188 ], [ 144.770025067658821, -37.693654064568626 ], [ 144.770068301821539, -37.693630240249192 ], [ 144.770114129037637, -37.693609703145455 ], [ 144.770162154673358, -37.693592630108668 ], [ 144.770211965164492, -37.693579168159751 ], [ 144.770263131577906, -37.693569433223509 ], [ 144.770315213304571, -37.69356350913025 ], [ 144.776028431712064, -37.693127285825639 ], [ 144.776080474870724, -37.69312522246215 ], [ 144.776132536621304, -37.693126964671045 ], [ 144.776184177200378, -37.693132497735867 ], [ 144.776234960402036, -37.693141774919091 ], [ 144.776284457262165, -37.693154717856643 ], [ 144.776332249681758, -37.693171217219998 ], [ 144.780486362364201, -37.694789430693646 ], [ 144.780534615845255, -37.694810597223764 ], [ 144.780580054865055, -37.694835386814603 ], [ 144.780622249998316, -37.694863565191575 ], [ 144.780660802474841, -37.694894866054064 ], [ 144.780695347948296, -37.694928993591901 ], [ 144.783401204934762, -37.697885483236654 ], [ 144.783430112682481, -37.697920357433127 ], [ 144.7834548324943, -37.697957208583702 ], [ 144.783475151986892, -37.697995720086332 ], [ 144.806224719343447, -37.747386306940349 ], [ 144.823895811504997, -37.770794096925854 ], [ 144.836911548535767, -37.780566061813474 ], [ 144.838824842365852, -37.781037910132859 ], [ 144.840843657238253, -37.780701571567924 ], [ 144.904308918466683, -37.755657666755482 ], [ 144.906121884381008, -37.754270885055156 ], [ 144.907766199720584, -37.75099109403606 ], [ 144.915789046008655, -37.712427085750981 ], [ 144.912403987389325, -37.700945451452462 ], [ 144.912392573215982, -37.700892878776429 ], [ 144.909674449069655, -37.681613214234751 ], [ 144.909670931212503, -37.6815650722952 ], [ 144.90967390790226, -37.681516907303504 ], [ 144.909683345022756, -37.681469271084381 ], [ 144.909699134441468, -37.681422709403371 ], [ 144.909721095248614, -37.681377755714145 ], [ 144.92390075231333, -37.656394289484872 ], [ 144.932860917913104, -37.633042334775489 ], [ 144.93343132969224, -37.600150888358215 ], [ 144.933435607774129, -37.600101479434478 ], [ 144.933446676044383, -37.600052742634162 ], [ 144.933464400744299, -37.600005266878881 ], [ 144.961162448652772, -37.538384067471057 ], [ 144.961186790970316, -37.538338074307511 ], [ 144.961217372417764, -37.538294507366849 ], [ 144.961253817698037, -37.538253901290162 ], [ 144.963572954742659, -37.535951082804218 ], [ 144.963609774534547, -37.535917988386238 ], [ 144.963650490449481, -37.535887927251721 ], [ 144.963694710371726, -37.535861188902189 ], [ 144.963742008441841, -37.535838030838995 ], [ 144.966991126415451, -37.53441715241037 ], [ 144.96704140116006, -37.53439767526141 ], [ 144.967093844369089, -37.53438224466764 ], [ 144.967147943938471, -37.534371011307478 ], [ 144.967203171590711, -37.534364084873573 ], [ 144.970966892923371, -37.534042767172799 ], [ 144.971021935247961, -37.534040218868796 ], [ 144.971077027680451, -37.534041949201672 ], [ 144.971131647019604, -37.534047941738784 ], [ 144.971185274556944, -37.534058139570263 ], [ 144.974744461931607, -37.534882771937482 ], [ 144.974792645456887, -37.534895833603997 ], [ 144.974839159930184, -37.53491229084414 ], [ 144.974883628897402, -37.534932010465475 ], [ 144.97492569245847, -37.534954832872167 ], [ 144.974965010180057, -37.534980573356577 ], [ 144.975001263850544, -37.535009023594206 ], [ 144.97935403185565, -37.538746540937481 ], [ 144.979387911207652, -37.538778482263567 ], [ 144.979417926406086, -37.538812786870047 ], [ 144.979443818974289, -37.538849159348061 ], [ 144.979465365936079, -37.538887286481128 ], [ 144.979482381735892, -37.538926839942405 ], [ 144.979494719837021, -37.538967479121844 ], [ 144.979502273983599, -37.539008854059333 ], [ 144.980062507286647, -37.543548059392663 ], [ 144.980065195990505, -37.543587946543859 ], [ 144.980063437291847, -37.543627866553116 ], [ 144.98005724500743, -37.543667505641224 ], [ 144.980046667803009, -37.543706552236578 ], [ 144.98003178881109, -37.543744699424259 ], [ 144.953464415037132, -37.602473296046668 ], [ 144.937534182334304, -37.646205849558747 ], [ 144.929680947277632, -37.68382762855132 ], [ 144.93167703388778, -37.729620319465283 ], [ 144.933109798413483, -37.738565452407535 ], [ 144.93311382618765, -37.73860324993084 ], [ 144.933113835803795, -37.738641182554467 ], [ 144.933109827187707, -37.73867898136136 ], [ 144.932354111548761, -37.743411453091099 ], [ 144.947794023188578, -37.799103295942551 ], [ 144.94961731312182, -37.800917269176502 ], [ 144.969981182568631, -37.810633593003395 ], [ 144.993210043502785, -37.816432198410361 ], [ 144.993262725339548, -37.816447653256269 ], [ 144.993313224954676, -37.816467161085811 ], [ 144.996573729801185, -37.817888967577034 ], [ 144.99662119233588, -37.817912138884211 ], [ 144.996665563346539, -37.817938889076366 ], [ 144.996706415518645, -37.817968960538082 ], [ 144.996743355424115, -37.818002063668359 ], [ 144.999069943493765, -37.82030540744249 ], [ 144.999104135543206, -37.820343081416418 ], [ 144.999133258712021, -37.820383346563339 ], [ 145.018263203155982, -37.850291922625196 ], [ 145.04708455118282, -37.870000778126759 ], [ 145.087777405740695, -37.896071657547296 ], [ 145.127150161854132, -37.918404346699681 ], [ 145.127195571867531, -37.91843297324057 ], [ 145.127237062434602, -37.918465117175955 ], [ 145.12727420142653, -37.918500443727162 ], [ 145.127306602034508, -37.918538584968161 ], [ 145.130513232226093, -37.922763667536991 ], [ 145.130539199674786, -37.922801948095746 ], [ 145.13056038990419, -37.922842032579894 ], [ 145.130576605708029, -37.922883547959017 ], [ 145.13058769617183, -37.922926107885971 ], [ 145.130593558077521, -37.922969316292374 ], [ 145.130594136864289, -37.923012771074191 ], [ 145.130589427136783, -37.923056067834089 ], [ 145.129728465344044, -37.928106867670358 ], [ 145.129719197925994, -37.928147254674904 ], [ 145.129705327666187, -37.928186805806412 ], [ 145.129686969726322, -37.928225192660541 ], [ 145.129664276531116, -37.928262096499765 ], [ 145.129637436503089, -37.928297210900034 ], [ 145.129606672498085, -37.928330244295132 ], [ 145.127129719641516, -37.930750672504892 ], [ 145.127092016493464, -37.930783985608265 ], [ 145.127050327376111, -37.930814172230043 ], [ 145.127005063482386, -37.930840934626879 ], [ 145.126956671266271, -37.930864008829701 ], [ 145.123480056915383, -37.932340530752619 ], [ 145.123434777102688, -37.93235776611855 ], [ 145.123387753698466, -37.932371769542058 ], [ 145.123339353581457, -37.932382431767614 ], [ 145.123289954372126, -37.932389669607851 ], [ 145.123239941486389, -37.932393426592697 ], [ 145.118821253487823, -37.932569820615221 ], [ 145.11876012711042, -37.932569654654813 ], [ 145.118699376253971, -37.932564293808767 ], [ 145.118639702647812, -37.932553799999809 ], [ 145.118581795577342, -37.932538294441223 ], [ 145.115121016399428, -37.931444131237413 ], [ 145.115067834652507, -37.931424746645511 ], [ 145.115017450493696, -37.931401134647203 ], [ 145.114970397757276, -37.931373545419525 ], [ 145.114927174978533, -37.931342271279178 ], [ 145.068568461694781, -37.894128541487774 ], [ 145.036346492413912, -37.883781931695928 ], [ 145.036299001511253, -37.883764617885845 ], [ 145.036253718430146, -37.883743919230128 ], [ 145.036211026193456, -37.883720010807309 ], [ 145.036171285908665, -37.883693094845441 ], [ 145.036134833713191, -37.883663399011446 ], [ 144.990852788189528, -37.843177416013795 ], [ 144.950030671906035, -37.826423264279853 ], [ 144.899174895157472, -37.809255845702133 ], [ 144.86807788928445, -37.802935181960812 ], [ 144.844461255689396, -37.800169919153532 ], [ 144.844410021526954, -37.80016199020217 ], [ 144.844359921665358, -37.800150361058087 ], [ 144.828787878238472, -37.795908843979284 ], [ 144.80211720655555, -37.791100405559924 ], [ 144.797463263953574, -37.791297637712162 ], [ 144.731522740083534, -37.818193128104944 ], [ 144.725632339288097, -37.826655661265598 ], [ 144.725596801984864, -37.826700308470834 ], [ 144.725554922814041, -37.826741350921118 ], [ 144.720501136687005, -37.831139452679167 ], [ 144.720467384550631, -37.831166442369287 ], [ 144.720430883667746, -37.831191079024109 ], [ 144.720391893941979, -37.831213187217323 ], [ 144.715582820227553, -37.833703612042598 ], [ 144.715541763181449, -37.833722970088438 ], [ 144.715498800651915, -37.833739523879743 ], [ 144.698492546214254, -37.839602982912403 ], [ 144.698443898122491, -37.839617688151904 ], [ 144.698393756689143, -37.83962879944734 ], [ 144.698342543091485, -37.839636223466087 ], [ 144.698290687513179, -37.839639897847945 ], [ 144.691820660451526, -37.839861886974468 ], [ 144.691766306795529, -37.839861686199981 ], [ 144.691712226157847, -37.839857366566505 ], [ 144.691658913681664, -37.839848967622984 ], [ 144.691606857476813, -37.839836566267209 ], [ 144.69155653415055, -37.839820276041458 ], [ 144.670212018026945, -37.83194336722115 ], [ 144.666834685009292, -37.832196083352031 ], [ 144.619775388169074, -37.870738406022575 ], [ 144.618126515621043, -37.875839737032685 ], [ 144.618106880026062, -37.875888684908226 ], [ 144.618080342837999, -37.875935542943772 ], [ 144.618047249017621, -37.875979702002979 ], [ 144.615844004908666, -37.878570720394706 ], [ 144.615809751424734, -37.878606932925706 ], [ 144.615771086491122, -37.878640238368291 ], [ 144.615728400390424, -37.878670300533798 ], [ 144.615682123996891, -37.878696815971097 ], [ 144.615632724427201, -37.878719517029893 ], [ 144.610705730958699, -37.880728493273772 ], [ 144.610651640888193, -37.880747787955862 ], [ 144.610595308296524, -37.880762509441226 ], [ 144.610537346730609, -37.880772497390517 ], [ 144.610478387480157, -37.880777643019712 ], [ 144.610419072701887, -37.880777890285025 ], [ 144.610360048424894, -37.880773236493361 ], [ 144.604211227308355, -37.880029746011978 ], [ 144.604159777748691, -37.880021581607302 ], [ 144.604109497383519, -37.880009691252312 ], [ 144.604060814750426, -37.879994176288115 ], [ 144.604014144768968, -37.879975168948214 ], [ 144.603969885203952, -37.8799528312314 ], [ 144.603928413275497, -37.879927353520955 ], [ 144.603890082443655, -37.879898952962016 ], [ 144.599463858141007, -37.876301671162885 ], [ 144.599424522495326, -37.876266148604408 ], [ 144.599390098877166, -37.876227554709466 ], [ 144.599360966223713, -37.876186314330504 ], [ 144.599337445226155, -37.876142881452601 ], [ 144.599319794799698, -37.876097734195596 ], [ 144.599308209233584, -37.876051369550879 ], [ 144.598421564133275, -37.871171719398873 ], [ 144.59841636460871, -37.871128274463516 ], [ 144.598416492391692, -37.871084634565577 ], [ 144.598421946273845, -37.871041209230562 ], [ 144.598432675065879, -37.870998405969715 ], [ 144.605261144563713, -37.84930461674066 ], [ 144.605280729508451, -37.849254841504425 ], [ 144.605307436536066, -37.849207194117149 ], [ 144.608198732250145, -37.84476131431088 ], [ 144.608233915312383, -37.844714420617223 ], [ 144.608275989740008, -37.844671244046381 ], [ 144.612352083398406, -37.840974471149025 ], [ 144.612384683017495, -37.840947277130191 ], [ 144.612420023143471, -37.840922328812603 ], [ 144.612457858617688, -37.840899799263937 ], [ 144.638537691593513, -37.826671878017862 ], [ 144.638580198563062, -37.826650808708393 ], [ 144.638624881931776, -37.82663279408402 ], [ 144.645727814349897, -37.824075127604068 ], [ 144.645784812754869, -37.824057472429416 ], [ 144.645843874884122, -37.824044783808432 ], [ 144.645904315155121, -37.824037209028205 ], [ 144.655097133321505, -37.823284542406753 ], [ 144.655150719822529, -37.823282175101653 ], [ 144.655204348765068, -37.823283830688332 ], [ 144.655257541240758, -37.823289494382301 ], [ 144.66921718742006, -37.825311620051302 ], [ 144.693313532614582, -37.823943962256834 ], [ 144.729834781058997, -37.791776373150256 ], [ 144.730792609280002, -37.788885858685866 ], [ 144.709199102133113, -37.75791556895858 ], [ 144.677008186316073, -37.743926961087773 ], [ 144.646892771392629, -37.736704463816828 ], [ 144.646818904667185, -37.7366821715664 ], [ 144.603232040903862, -37.720675579771736 ], [ 144.567480569151115, -37.710595417605205 ], [ 144.567434528557754, -37.710580593309622 ], [ 144.567390297730185, -37.710562624733797 ], [ 144.5673482161084, -37.710541649774157 ], [ 144.567308606637937, -37.710517829398995 ], [ 144.564279548993767, -37.70852445985404 ], [ 144.564241483978208, -37.708497004434982 ], [ 144.56420670534402, -37.70846692288778 ], [ 144.564175498960708, -37.708434462476845 ], [ 144.564148121333631, -37.708399890019955 ], [ 144.564124797495538, -37.708363489695223 ], [ 144.562214733034068, -37.705015057511616 ], [ 144.562194277572985, -37.704973940809708 ], [ 144.562178993129606, -37.704931429116051 ], [ 144.562169026893429, -37.70488793184343 ], [ 144.562164474835839, -37.704843867895661 ], [ 144.56216538078624, -37.704799661633224 ], [ 144.562467615645517, -37.701131248090334 ], [ 144.562473857261409, -37.701087871959402 ], [ 144.562485353690676, -37.701045179521294 ], [ 144.562501996962709, -37.701003571696461 ], [ 144.562523630774137, -37.700963439219223 ], [ 144.562550051956919, -37.700925158968452 ], [ 144.564952063881492, -37.697812741876852 ] ] ] } },
{ "type": "Feature", "properties": { "MODE": "REGIONAL TRAIN", "transit_time_minutes_nearest_tier": 30.0, "centre": "southern-cross", "centre_name": "Southern Cross" }, "geometry": { "type": "Polygon", "coordinates": [ [ [ 144.72688262394729, -37.769926030104116 ], [ 144.726841438654475, -37.769892290300511 ], [ 144.726804903786842, -37.769855329217258 ], [ 144.726773416663605, -37.7698155488157 ], [ 144.726747319706817, -37.769773381717414 ], [ 144.726726896717565, -37.76972928649915 ], [ 144.726712369790135, -37.769683742705581 ], [ 144.725667692701421, -37.765502905607299 ], [ 144.725659998918559, -37.76546266139956 ], [ 144.725656912292663, -37.765422030172125 ], [ 144.725658458014607, -37.765381343625286 ], [ 144.725664623458101, -37.765340933910416 ], [ 144.725675358283354, -37.765301130918346 ], [ 144.725690574847931, -37.765262259586436 ], [ 144.727336349550683, -37.761643531722065 ], [ 144.727355828210904, -37.761606068374135 ], [ 144.727379469025664, -37.761570146407792 ], [ 144.727407080656917, -37.761536056550547 ], [ 144.727438439630305, -37.761504074701733 ], [ 144.727473292144253, -37.761474459699635 ], [ 144.727511356123784, -37.76144745122668 ], [ 144.731632210838626, -37.758778039334203 ], [ 144.731676112445854, -37.758752288928726 ], [ 144.731722927183654, -37.758730006445937 ], [ 144.731772221896279, -37.758711398054636 ], [ 144.731823540482907, -37.75869663592897 ], [ 144.731876408117927, -37.75868585665539 ], [ 144.731930335643767, -37.758679159969034 ], [ 144.737430483903694, -37.758209820455733 ], [ 144.737484976148977, -37.758207265780527 ], [ 144.737539525440212, -37.75820887992419 ], [ 144.737593626981521, -37.758214647949529 ], [ 144.737646780120173, -37.758224516479537 ], [ 144.737698492979462, -37.758238394191324 ], [ 144.775177745490709, -37.769911690809977 ], [ 144.836148994572682, -37.780882762629169 ], [ 144.836198466472496, -37.780893537151044 ], [ 144.836246510663784, -37.780907812785394 ], [ 144.836292734706717, -37.780925472924643 ], [ 144.836336761028178, -37.780946373315409 ], [ 144.866624057380363, -37.796834771712689 ], [ 144.877718332420017, -37.798052080721682 ], [ 144.894961826629043, -37.794810153793456 ], [ 144.896904506503347, -37.792791155840568 ], [ 144.907139050537694, -37.761540900558053 ], [ 144.906167508631086, -37.754655066177619 ], [ 144.90616407549561, -37.754613089922188 ], [ 144.906165588328349, -37.754571042409005 ], [ 144.906172033932108, -37.754529290210733 ], [ 144.906183356105743, -37.754488197324967 ], [ 144.906199456134374, -37.754448122000788 ], [ 144.907783063531582, -37.751061128675929 ], [ 144.916813581095255, -37.715890013514723 ], [ 144.912404009364138, -37.7009455259711 ], [ 144.912392573215982, -37.700892878776429 ], [ 144.909674449069655, -37.681613214234751 ], [ 144.909670956890551, -37.681567796989604 ], [ 144.909673246739175, -37.681522331427274 ], [ 144.909681295247537, -37.681477281318308 ], [ 144.909695020307026, -37.681433106194731 ], [ 144.909714281906133, -37.681390256662418 ], [ 144.911222311894676, -37.678504380866521 ], [ 144.911243538894212, -37.678468339835362 ], [ 144.911268684536225, -37.678433928139391 ], [ 144.911297552632732, -37.678401414254132 ], [ 144.91132991795439, -37.678371051848202 ], [ 144.911365527987982, -37.678343077804378 ], [ 144.914635358471486, -37.675991904360515 ], [ 144.914677325949668, -37.67596451409392 ], [ 144.91472239843489, -37.675940441460128 ], [ 144.914770162256673, -37.675919907393933 ], [ 144.914820179045023, -37.675903100353402 ], [ 144.914871989753578, -37.675890174590648 ], [ 144.919346248604882, -37.674958404583279 ], [ 144.919396499074736, -37.674949852890293 ], [ 144.919447517461151, -37.674944953727348 ], [ 144.919498884415333, -37.674943747363493 ], [ 144.919550177723465, -37.674946243714437 ], [ 144.919600975777087, -37.674952422261327 ], [ 144.923456302976916, -37.675564580931464 ], [ 144.923510250606427, -37.675575358187437 ], [ 144.923562609442087, -37.675590286398496 ], [ 144.923612875247017, -37.675609221800123 ], [ 144.923660563940103, -37.675631982036933 ], [ 144.923705216257616, -37.675658347918656 ], [ 144.927809357481408, -37.678339673622339 ], [ 144.927847518149918, -37.678366997335701 ], [ 144.927882410336025, -37.67839695427471 ], [ 144.927913747561632, -37.678429298484893 ], [ 144.927941272534866, -37.678463764411411 ], [ 144.927964759262608, -37.678500069079156 ], [ 144.927984014905888, -37.678537914416012 ], [ 144.929631646951776, -37.682251934717797 ], [ 144.929646823154116, -37.682291980115309 ], [ 144.929657261570469, -37.682332971415633 ], [ 144.929662872241181, -37.68237455538025 ], [ 144.929663606808703, -37.682416373662861 ], [ 144.929659458934907, -37.682458065897428 ], [ 144.928995920113607, -37.686643258677741 ], [ 144.930098649420813, -37.72527777124612 ], [ 144.933109509344717, -37.738671264211732 ], [ 144.93311609604919, -37.738710404632791 ], [ 144.933118341584361, -37.738749852745322 ], [ 144.933116228691489, -37.7387893054782 ], [ 144.933109773596726, -37.738828459724289 ], [ 144.932062921028489, -37.74355703940838 ], [ 144.931516716300848, -37.781890352852784 ], [ 144.948374224122148, -37.800301307543172 ], [ 144.969981720681858, -37.810633789616467 ], [ 144.993882136360412, -37.816622990788929 ], [ 144.993932434942963, -37.816637693749051 ], [ 144.993980761927133, -37.816656093471536 ], [ 144.994026686716722, -37.81667802601433 ], [ 144.997301671431103, -37.818414133057253 ], [ 144.997347792664243, -37.818441357451185 ], [ 144.997390207951099, -37.8184721413256 ], [ 144.997428482634518, -37.818506169221386 ], [ 144.997462224486782, -37.818543092435768 ], [ 144.997491087729117, -37.818582532595393 ], [ 145.01771505686412, -37.849736875856046 ], [ 145.050193987484334, -37.872014734129522 ], [ 145.050231339639794, -37.872042782796925 ], [ 145.050265338570171, -37.872073394398015 ], [ 145.050295705601172, -37.872106318026781 ], [ 145.050322191826297, -37.872141283826409 ], [ 145.050344580146771, -37.872178005201199 ], [ 145.052527165860624, -37.87621453450511 ], [ 145.052545241153496, -37.876252627983348 ], [ 145.052558905395756, -37.876291859067962 ], [ 145.052568047054763, -37.876331907560036 ], [ 145.052572591510113, -37.876372446588569 ], [ 145.052572501663093, -37.876413145278264 ], [ 145.052567778239478, -37.876453671450292 ], [ 145.051863416463505, -37.880493911974554 ], [ 145.051852829225055, -37.880538178330241 ], [ 145.051836716283162, -37.88058138508508 ], [ 145.051815238800174, -37.880623100058436 ], [ 145.051788611598852, -37.880662905990626 ], [ 145.051757101013891, -37.880700404716897 ], [ 145.049125191962787, -37.883516198944456 ], [ 145.049085115310277, -37.883554462590148 ], [ 145.049039961531236, -37.883588992010814 ], [ 145.048990280872772, -37.883619366423623 ], [ 145.048936678749897, -37.883645215679124 ], [ 145.045460714545499, -37.885119511491858 ], [ 145.045415445264183, -37.885136717823876 ], [ 145.045368436825214, -37.885150691014566 ], [ 145.045320055990516, -37.885161322044247 ], [ 145.045270680230175, -37.885168527968972 ], [ 145.0452206947771, -37.885172252567656 ], [ 145.040804591410222, -37.885345782061762 ], [ 145.040741846418086, -37.885345498224787 ], [ 145.040679523214152, -37.885339734864253 ], [ 145.040618381285952, -37.885328562214013 ], [ 145.040559165724943, -37.885312116426917 ], [ 145.03691623380243, -37.884117555822804 ], [ 145.03687073581105, -37.884100733722462 ], [ 145.036827288255466, -37.884080795186762 ], [ 145.03678623011416, -37.884057895777175 ], [ 145.036747881722306, -37.884032214155873 ], [ 145.03671254227271, -37.884003950691813 ], [ 145.033742114132025, -37.881408299582411 ], [ 145.033699401546613, -37.881366144955336 ], [ 145.033663368188485, -37.881320238238281 ], [ 145.021300277919835, -37.863227666917851 ], [ 144.99317628964522, -37.844304805579597 ], [ 144.946220251200629, -37.824989971146252 ], [ 144.899755081567633, -37.8093625678259 ], [ 144.8444276227101, -37.800165153116033 ], [ 144.84440629279581, -37.800161259925986 ], [ 144.767797781144111, -37.784911505057693 ], [ 144.767725732080663, -37.784893003502944 ], [ 144.73178777164992, -37.773504401663601 ], [ 144.731740130202382, -37.773487233424056 ], [ 144.731694682979651, -37.773466655682597 ], [ 144.731651816211524, -37.773442843318442 ], [ 144.731611894196874, -37.773415998699853 ], [ 144.72688262394729, -37.769926030104116 ] ] ] } },
{ "type": "Feature", "properties": { "MODE": "REGIONAL TRAIN", "transit_time_minutes_nearest_tier": 15.0, "centre": "southern-cross", "centre_name": "Southern Cross" }, "geometry": { "type": "Polygon", "coordinates": [ [ [ 144.920334072462452, -37.802925394417031 ], [ 144.904357671623302, -37.809382357211462 ], [ 144.904308493065741, -37.809399946577059 ], [ 144.904257432578788, -37.809413754020049 ], [ 144.904204951009348, -37.809423654921041 ], [ 144.904151522031015, -37.809429559919202 ], [ 144.904097627868794, -37.809431415718777 ], [ 144.904043754946315, -37.809429205570211 ], [ 144.898323687178987, -37.808977476314546 ], [ 144.898272020002793, -37.808971480481667 ], [ 144.89822126553176, -37.808961744378962 ], [ 144.898171852980141, -37.808948350341574 ], [ 144.898124200213431, -37.808931411638568 ], [ 144.898078710214463, -37.808911071515048 ], [ 144.898035767675339, -37.808887501980692 ], [ 144.897995735744161, -37.808860902355022 ], [ 144.893331542374767, -37.805460066490163 ], [ 144.893290076361524, -37.805426499838752 ], [ 144.893253243892104, -37.805389688052394 ], [ 144.893221445881551, -37.805350031828027 ], [ 144.893195028443159, -37.805307962823619 ], [ 144.893174279121183, -37.805263938959627 ], [ 144.893159423761261, -37.805218439434228 ], [ 144.891988717719556, -37.800666026370756 ], [ 144.89198010055344, -37.800621001653653 ], [ 144.891977256253455, -37.800575516678443 ], [ 144.891980213874973, -37.800530036253114 ], [ 144.89198894318389, -37.800485025138286 ], [ 144.89200335496605, -37.800440943297993 ], [ 144.892023301939446, -37.800398241199332 ], [ 144.894206659739012, -37.796362590333402 ], [ 144.894231123101605, -37.796322869588828 ], [ 144.894260375025596, -37.796285242827082 ], [ 144.894294133794688, -37.796250072411198 ], [ 144.894332074290958, -37.796217697047943 ], [ 144.894373831126018, -37.796188428526094 ], [ 144.89441900215985, -37.796162548713866 ], [ 144.899059649796186, -37.793769403190943 ], [ 144.89911157520811, -37.793745619906829 ], [ 144.899166371741387, -37.793726314706802 ], [ 144.899223428270233, -37.793711702894129 ], [ 144.899282108465343, -37.79370194742846 ], [ 144.899341757890255, -37.793697157108589 ], [ 144.903752823993017, -37.793528822176846 ], [ 144.903812525954748, -37.793529036770913 ], [ 144.903871869387899, -37.79353422555296 ], [ 144.903930197998307, -37.793544331138882 ], [ 144.911746767632252, -37.795244433595329 ], [ 144.91438449563725, -37.794864235392566 ], [ 144.924043508131007, -37.785754188840102 ], [ 144.923991252631481, -37.783218516559458 ], [ 144.918966303238562, -37.777192723170806 ], [ 144.91893259451615, -37.777146574144446 ], [ 144.918905994588584, -37.777097586104716 ], [ 144.916808836754569, -37.772504253424572 ], [ 144.906233588208835, -37.757604131602299 ], [ 144.906209214039308, -37.757565572731131 ], [ 144.906189597199017, -37.757525339615988 ], [ 144.906174917578824, -37.757483801219344 ], [ 144.906165309791476, -37.757441338473377 ], [ 144.906160861937423, -37.757398340786359 ], [ 144.906161614797242, -37.757355202471778 ], [ 144.906447363261236, -37.753686020725681 ], [ 144.906453312918671, -37.753643120081236 ], [ 144.90646440570714, -37.753600868345558 ], [ 144.90648053980928, -37.753559653302425 ], [ 144.906501567139486, -37.753519853220247 ], [ 144.906527294703352, -37.753481833380519 ], [ 144.908800076988314, -37.750477671134256 ], [ 144.90882775532063, -37.75044449717987 ], [ 144.908859012417139, -37.750413391934188 ], [ 144.90889360441048, -37.750384598075698 ], [ 144.908931261415887, -37.750358340249434 ], [ 144.908971689636871, -37.750334823314574 ], [ 144.912245875942091, -37.748601226727814 ], [ 144.912289782516581, -37.748580189920617 ], [ 144.912335901835775, -37.748562386845201 ], [ 144.912383857155532, -37.748547962932648 ], [ 144.912433256734374, -37.748537036010013 ], [ 144.912483697033508, -37.748529695337858 ], [ 144.917053392454847, -37.74803283086198 ], [ 144.917112642707622, -37.748028884325997 ], [ 144.917172087749663, -37.748029883055771 ], [ 144.917231074745274, -37.748035816083132 ], [ 144.917288955888864, -37.748046618250484 ], [ 144.91734509551884, -37.748062170926445 ], [ 144.922376300871122, -37.749695370878939 ], [ 144.922426224482791, -37.74971386974007 ], [ 144.922473653266962, -37.749736125900398 ], [ 144.922518140058287, -37.749761929526713 ], [ 144.922559265427509, -37.749791037339655 ], [ 144.922596641635835, -37.749823174907434 ], [ 144.922629916290845, -37.749858039232862 ], [ 144.925752840105673, -37.75348298822167 ], [ 144.925782622089514, -37.753521582866107 ], [ 144.925807376277959, -37.753562355443954 ], [ 144.925826852796234, -37.753604894400318 ], [ 144.925840855040605, -37.753648770349997 ], [ 144.925849241663627, -37.753693540411419 ], [ 144.926231961246998, -37.75680350757289 ], [ 144.926234613422054, -37.756842156234484 ], [ 144.926233077381823, -37.756880842997752 ], [ 144.926227364458128, -37.756919282297851 ], [ 144.923822546935355, -37.76871654613219 ], [ 144.931041492211506, -37.781524844272099 ], [ 144.931058472534318, -37.781558546388112 ], [ 144.93107197933881, -37.781593224053815 ], [ 144.933890386309201, -37.790017239338574 ], [ 144.944259790337583, -37.798380546787392 ], [ 144.948482223418807, -37.800522184132952 ], [ 144.948534363607024, -37.800552058335896 ], [ 144.948581911432939, -37.800586419690518 ], [ 144.948624256813673, -37.80062482731325 ], [ 144.952831633419635, -37.804907761093027 ], [ 144.965551584683567, -37.810053668273007 ], [ 144.969937507918019, -37.810649103154667 ], [ 144.969997888978355, -37.810660017412999 ], [ 144.970056412877028, -37.8106760833859 ], [ 144.97011238353781, -37.810697109986833 ], [ 144.97491903354404, -37.812764395832424 ], [ 144.995708751288475, -37.817400874343811 ], [ 144.995759446590114, -37.817414245888109 ], [ 144.995808333635068, -37.817431337380086 ], [ 144.995854979775288, -37.817451997561278 ], [ 144.995898972193658, -37.817476043590389 ], [ 144.995939921557209, -37.817503262661418 ], [ 144.995977465462715, -37.817533413886913 ], [ 144.99601127164388, -37.817566230429627 ], [ 144.999713399580855, -37.821526205335616 ], [ 144.999746173800929, -37.821565378163619 ], [ 144.999773622914404, -37.8216070471614 ], [ 144.999795447957041, -37.821650758501193 ], [ 144.999811411216427, -37.821696036110872 ], [ 144.999821338821391, -37.821742386858695 ], [ 144.999825122636139, -37.821789305924241 ], [ 144.999889791250268, -37.826180769416823 ], [ 144.999887610222686, -37.826225822213132 ], [ 144.999879762782882, -37.826270476464387 ], [ 144.999866327520976, -37.826314284912769 ], [ 144.999847438995431, -37.826356808771301 ], [ 144.999823286385748, -37.826397622118861 ], [ 144.999794111597879, -37.826436316166102 ], [ 144.996599607927465, -37.83022825053996 ], [ 144.996568321611818, -37.830261894418733 ], [ 144.996533237925007, -37.83029309314702 ], [ 144.996494658986876, -37.830321578056008 ], [ 144.996452917017905, -37.830347103846755 ], [ 144.996408371478338, -37.830369450702634 ], [ 144.996361405972465, -37.830388426182431 ], [ 144.99631242494533, -37.830403866877532 ], [ 144.990236897625238, -37.832064425458384 ], [ 144.990186326126718, -37.83207619480639 ], [ 144.990134596909257, -37.832084195750667 ], [ 144.990082155350706, -37.832088359404736 ], [ 144.990029452962517, -37.832088649920372 ], [ 144.989976943501773, -37.832085064796267 ], [ 144.989925079064506, -37.832077634899633 ], [ 144.989874306192974, -37.832066424200391 ], [ 144.968047019153829, -37.826366811431576 ], [ 144.950111264812989, -37.826376536106771 ], [ 144.950058135877271, -37.82637458566424 ], [ 144.950005469914004, -37.826368701769233 ], [ 144.949953728770822, -37.826358936019815 ], [ 144.949903366184827, -37.82634537405545 ], [ 144.949854823803378, -37.826328134806026 ], [ 144.949808527311063, -37.82630736944872 ], [ 144.944451477734333, -37.823634336754445 ], [ 144.944407093157281, -37.823609771594157 ], [ 144.944365857913681, -37.823581966768337 ], [ 144.944328146457963, -37.82355117477303 ], [ 144.94429430124373, -37.823517675230612 ], [ 144.933839944388041, -37.812092388492886 ], [ 144.933815723548264, -37.812063655409077 ], [ 144.933794350881101, -37.812033533606815 ], [ 144.931608519121198, -37.808655795593111 ], [ 144.923506372105777, -37.803193345000736 ], [ 144.920334072462452, -37.802925394417031 ] ] ] } },
{ "type": "Feature", "properties": { "MODE": "REGIONAL TRAIN", "transit_time_minutes_nearest_tier": 90.0, "centre": "geelong", "centre_name": "Geelong" }, "geometry": { "type": "Polygon", "coordinates": [ [ [ 143.62416307037762, -38.312777554928608 ], [ 143.62423403109662, -38.312743773755649 ], [ 143.632049323451326, -38.309608321628538 ], [ 143.6321003609645, -38.309590264003887 ], [ 143.632153394398102, -38.309576224074817 ], [ 143.632207915723882, -38.309566336335223 ], [ 143.632263402661039, -38.309560695503549 ], [ 143.666139683062937, -38.307433228330581 ], [ 143.835460676403358, -38.284632906210277 ], [ 143.909266500584863, -38.258866665744023 ], [ 143.982234218436133, -38.232277377066104 ], [ 143.982285472560335, -38.232261004798119 ], [ 143.982338494027573, -38.232248619683261 ], [ 143.982392785622352, -38.232240337864418 ], [ 144.021902480151653, -38.227759324697459 ], [ 144.021959955383437, -38.227755121464888 ], [ 144.036996280481645, -38.227257169004893 ], [ 144.037010424360261, -38.227256838151682 ], [ 144.120410592377056, -38.226092761289912 ], [ 144.120461001848099, -38.22609379707982 ], [ 144.120511098884492, -38.226098337278117 ], [ 144.120560492751139, -38.226106346473188 ], [ 144.14003191195431, -38.229975947765013 ], [ 144.221826298072244, -38.230849239430491 ], [ 144.231807391787868, -38.228369909091548 ], [ 144.341742898258758, -38.122272974359362 ], [ 144.370784190392271, -38.069121461841632 ], [ 144.370807351358337, -38.069083925042889 ], [ 144.406480308792936, -38.017445433111561 ], [ 144.406512535415033, -38.01740419059518 ], [ 144.406550178531205, -38.017365927235375 ], [ 144.406592802010664, -38.017331086341095 ], [ 144.406639912023621, -38.017300071569089 ], [ 144.446415034528059, -37.993847412644897 ], [ 144.465480515073551, -37.979899695842882 ], [ 144.491264416636369, -37.957312513774824 ], [ 144.49129716892449, -37.957286080211887 ], [ 144.491332552562426, -37.95726186584853 ], [ 144.491370328455673, -37.957240034304547 ], [ 144.496128888726389, -37.954720408790969 ], [ 144.597927742028304, -37.870727781013109 ], [ 144.598988955963506, -37.869198497453027 ], [ 144.604572365061017, -37.851018193023208 ], [ 144.604595158874901, -37.850960892804203 ], [ 144.606881758378307, -37.846317417243185 ], [ 144.606785318944503, -37.844315736018565 ], [ 144.531753274294232, -37.721023100493731 ], [ 144.529130680445149, -37.719746033783892 ], [ 144.495269947070511, -37.717285236858245 ], [ 144.495217693399042, -37.71727947459695 ], [ 144.495166339821026, -37.717269880279147 ], [ 144.495116330685818, -37.717256536922108 ], [ 144.45558218200847, -37.705046534960786 ], [ 144.455512305594539, -37.70502045864702 ], [ 144.431874790385706, -37.694579797119331 ], [ 144.431830034001507, -37.694557800507845 ], [ 144.431788037078633, -37.694532601146605 ], [ 144.429098783297235, -37.69275733934294 ], [ 144.429057782952867, -37.692727452235296 ], [ 144.429020666578168, -37.692694515579944 ], [ 144.428987791623115, -37.692658846578475 ], [ 144.428959474688583, -37.692620788746375 ], [ 144.427126654255858, -37.689856112669823 ], [ 144.427105294114654, -37.689820120316689 ], [ 144.427088013999395, -37.689782770512871 ], [ 144.427074948723146, -37.689744354660789 ], [ 144.427066200214227, -37.689705172479705 ], [ 144.427061836721521, -37.68966552966733 ], [ 144.42687196523039, -37.686164190710585 ], [ 144.426872616895594, -37.686115773590295 ], [ 144.426879803111319, -37.68606769167458 ], [ 144.426893440859345, -37.686020500343815 ], [ 144.426913372602399, -37.685974744690441 ], [ 144.428315228392506, -37.683241353714152 ], [ 144.428339502168711, -37.683200116439906 ], [ 144.428368888633059, -37.683161036656955 ], [ 144.428403087699337, -37.68312451342684 ], [ 144.428441750139115, -37.683090919704412 ], [ 144.431238591428894, -37.680894579045003 ], [ 144.431277294388451, -37.680866859567566 ], [ 144.431319035989446, -37.680842081248407 ], [ 144.43136346363832, -37.680820453389721 ], [ 144.431410202053513, -37.680802158681693 ], [ 144.431458856435398, -37.68078735165922 ], [ 144.431509015800998, -37.680776157396828 ], [ 144.437756629092519, -37.679624961566525 ], [ 144.437808771031627, -37.679617374422257 ], [ 144.437861576701238, -37.67961369152799 ], [ 144.4379145843358, -37.67961394508928 ], [ 144.437967330403694, -37.67961813288882 ], [ 144.574088062137179, -37.695483289375048 ], [ 144.5741417934494, -37.695491642791794 ], [ 144.574194260290255, -37.695504075333929 ], [ 144.60748660757227, -37.704800106344891 ], [ 144.76874853596226, -37.693898007123934 ], [ 144.918468608926901, -37.674993751486831 ], [ 144.918517001307038, -37.674989294518205 ], [ 144.918565696446251, -37.674988156764257 ], [ 144.918614334650357, -37.674990346629166 ], [ 144.918662556645728, -37.674995847937154 ], [ 144.924093096625171, -37.675805908471311 ], [ 144.924143801421224, -37.675815406623258 ], [ 144.924193194994416, -37.675828564607308 ], [ 144.924240860150604, -37.675845271286974 ], [ 144.924286394293659, -37.675865385552385 ], [ 144.924329412825841, -37.675888737511947 ], [ 144.924369552396115, -37.675915129927276 ], [ 144.927953816548126, -37.678501161224801 ], [ 144.927994296195465, -37.678533482763221 ], [ 144.92803045728283, -37.678568891240538 ], [ 144.928061929281881, -37.678607023846084 ], [ 144.928088389709217, -37.678647489856139 ], [ 144.928109567430823, -37.678689874637243 ], [ 144.929633793420436, -37.682256863736335 ], [ 144.929648785191318, -37.682298385349647 ], [ 144.929658704502629, -37.682340857196856 ], [ 144.929663460154359, -37.682383888820624 ], [ 144.93205424093992, -37.730251542866412 ], [ 144.996588729710197, -37.817798897559861 ], [ 145.050960402229919, -37.872815188901669 ], [ 145.050991492290478, -37.872849873522242 ], [ 145.051018315620951, -37.872886728522026 ], [ 145.051040632933677, -37.872925425130802 ], [ 145.052427133963505, -37.875664656650542 ], [ 145.05244525374323, -37.875706216418365 ], [ 145.052458175632893, -37.875748978465907 ], [ 145.052465776512008, -37.875792535383667 ], [ 145.052467983954926, -37.875836472188553 ], [ 145.05243172826232, -37.879022163751543 ], [ 145.052428456908984, -37.879066534391697 ], [ 145.052419685126381, -37.879110433558282 ], [ 145.052405498291876, -37.879153433924806 ], [ 145.052386034495271, -37.879195116913159 ], [ 145.050922777507736, -37.881909179032441 ], [ 145.050898368912982, -37.881948930226265 ], [ 145.050869161926869, -37.881986593756032 ], [ 145.050835437824219, -37.882021806898116 ], [ 145.050797521384112, -37.882054230527132 ], [ 145.048135105137106, -37.884117814927116 ], [ 145.04809335933848, -37.884147135830283 ], [ 145.04804818839844, -37.884173072497497 ], [ 145.048000027340862, -37.884195375140955 ], [ 145.047949339987696, -37.884213828970836 ], [ 145.047896614492146, -37.884228256263881 ], [ 145.042576426548209, -37.885455908533039 ], [ 145.042522169086851, -37.885466167935576 ], [ 145.04246690407237, -37.885472162985465 ], [ 145.042411163746294, -37.885473835946101 ], [ 145.042355484927953, -37.885471170705664 ], [ 145.042300403844393, -37.885464192932346 ], [ 145.042246450965536, -37.885452969827014 ], [ 145.036962416399376, -37.88413087811459 ], [ 145.036911360990416, -37.884115936805983 ], [ 145.0368623426819, -37.884097193818128 ], [ 145.036815810902084, -37.884074820998094 ], [ 145.036772192279983, -37.884049023473317 ], [ 144.947043936060624, -37.82539725122313 ], [ 144.899175189871954, -37.80925592975963 ], [ 144.868634413564422, -37.803066098454813 ], [ 144.719968219205498, -37.831672584037925 ], [ 144.715198983882487, -37.8340214357249 ], [ 144.600004046171733, -37.922327520774466 ], [ 144.593219082646328, -37.928612919048163 ], [ 144.593180552687301, -37.928645233924492 ], [ 144.593138189726744, -37.928674383872668 ], [ 144.593092406193932, -37.92870008509739 ], [ 144.593043647821162, -37.928722087378922 ], [ 144.560720749970727, -37.94167199615346 ], [ 144.503302524029294, -37.969997629615712 ], [ 144.42283299308346, -38.026987566937471 ], [ 144.389220436730511, -38.075931390552924 ], [ 144.374770655333748, -38.171473760048855 ], [ 144.374764038913355, -38.171506915790914 ], [ 144.374754313356874, -38.171539590522535 ], [ 144.364081985854369, -38.202200548827555 ], [ 144.364062804453141, -38.202246012620058 ], [ 144.364037611000782, -38.202289611182955 ], [ 144.364006690615838, -38.202330851086295 ], [ 144.3639703932337, -38.202369265593717 ], [ 144.361438304315413, -38.204770921494088 ], [ 144.361406434334469, -38.204798710445381 ], [ 144.361371746840035, -38.20482431249156 ], [ 144.361334481995527, -38.204847550371561 ], [ 144.348041711168378, -38.212448297233344 ], [ 144.347997781928598, -38.212471054010301 ], [ 144.347951386487267, -38.212490527133809 ], [ 144.347902918006611, -38.212506551584937 ], [ 144.309241698102795, -38.223659701390226 ], [ 144.309167047901298, -38.223676778154122 ], [ 144.185252573663348, -38.244863765589933 ], [ 144.185203346067311, -38.244870393203726 ], [ 144.185153572517976, -38.24487360398949 ], [ 144.185103633591496, -38.244873373397091 ], [ 144.179387559415289, -38.24464950719814 ], [ 144.179329233350359, -38.244644845643641 ], [ 144.179271820527021, -38.244635493180688 ], [ 144.173092381905121, -38.243364750871478 ], [ 144.070664560677983, -38.234897635650185 ], [ 143.98685559204273, -38.24785581605245 ], [ 143.931780652667271, -38.258801320969908 ], [ 143.786723214714641, -38.336419993518881 ], [ 143.786673322340619, -38.336443800924151 ], [ 143.786620610011255, -38.336463480755846 ], [ 143.786565626315877, -38.336478828200818 ], [ 143.786508943483568, -38.336489683534147 ], [ 143.786451151427826, -38.33649593378145 ], [ 143.782499433155721, -38.336762410365267 ], [ 143.782448839358551, -38.336764048879161 ], [ 143.782398259895018, -38.336762155639335 ], [ 143.78234809139758, -38.33675674549211 ], [ 143.782298727275901, -38.336747860862616 ], [ 143.776763296879125, -38.335546038420802 ], [ 143.606123562937938, -38.34147034714649 ], [ 143.603805882071583, -38.342107889871919 ], [ 143.590455570875434, -38.350786460250085 ], [ 143.590408263788845, -38.350814108623346 ], [ 143.590357595874309, -38.350837778060345 ], [ 143.590304104741563, -38.350857217416312 ], [ 143.59024835795762, -38.350872220429629 ], [ 143.590190947024354, -38.350882627910529 ], [ 143.590132481101989, -38.350888329430056 ], [ 143.58457124109492, -38.351202664940587 ], [ 143.584516241759388, -38.351203683389443 ], [ 143.584461372610889, -38.351200535859824 ], [ 143.584407141343121, -38.351193251475244 ], [ 143.584354049747276, -38.351181897636629 ], [ 143.584302589068869, -38.35116657939875 ], [ 143.584253235462086, -38.351147438498046 ], [ 143.579563955795265, -38.349102335483991 ], [ 143.57951735219271, -38.349079646474912 ], [ 143.579473719514908, -38.349053549668191 ], [ 143.579433458223605, -38.349024284582754 ], [ 143.579396937836435, -38.348992119816025 ], [ 143.579364493535252, -38.348957350578587 ], [ 143.577292931426229, -38.346498551648352 ], [ 143.577264235530464, -38.34646056746886 ], [ 143.577240405439881, -38.346420551125703 ], [ 143.577221670645088, -38.346378888000892 ], [ 143.57720821156488, -38.34633597933545 ], [ 143.576489252326837, -38.343440030626368 ], [ 143.576481199301412, -38.343396289534226 ], [ 143.57647862894521, -38.343352137419473 ], [ 143.576481566002542, -38.343307999491394 ], [ 143.576489982178231, -38.343264300822021 ], [ 143.577232922921809, -38.340372108460059 ], [ 143.577246736196912, -38.340329269733473 ], [ 143.577265814291167, -38.340287703633443 ], [ 143.577289973464616, -38.340247810461911 ], [ 143.577318981045181, -38.340209974409099 ], [ 143.579410558735646, -38.337761823517873 ], [ 143.579441431115782, -38.337729004218502 ], [ 143.579475951596379, -38.337698522808367 ], [ 143.579513836254051, -38.337670629986725 ], [ 143.57955477349725, -38.337645555162297 ], [ 143.62416307037762, -38.312777554928608 ] ] ] } },
{ "type": "Feature", "properties": { "MODE": "REGIONAL TRAIN", "transit_time_minutes_nearest_tier": 75.0, "centre": "geelong", "centre_name": "Geelong" }, "geometry": { "type": "Polygon", "coordinates": [ [ [ 143.62416307037762, -38.312777554928608 ], [ 143.62423403109662, -38.312743773755649 ], [ 143.632049323451326, -38.309608321628538 ], [ 143.6321003609645, -38.309590264003887 ], [ 143.632153394398102, -38.309576224074817 ], [ 143.632207915723882, -38.309566336335223 ], [ 143.632263402661039, -38.309560695503549 ], [ 143.666139683062937, -38.307433228330581 ], [ 143.835460676403358, -38.284632906210277 ], [ 143.909266500584863, -38.258866665744023 ], [ 143.982234218436133, -38.232277377066104 ], [ 143.982285472560335, -38.232261004798119 ], [ 143.982338494027573, -38.232248619683261 ], [ 143.982392785622352, -38.232240337864418 ], [ 144.021902480151653, -38.227759324697459 ], [ 144.021959955383437, -38.227755121464888 ], [ 144.036996280481645, -38.227257169004893 ], [ 144.037010424360261, -38.227256838151682 ], [ 144.120410592377056, -38.226092761289912 ], [ 144.120461001848099, -38.22609379707982 ], [ 144.120511098884492, -38.226098337278117 ], [ 144.120560492751139, -38.226106346473188 ], [ 144.14003191195431, -38.229975947765013 ], [ 144.221826298072244, -38.230849239430491 ], [ 144.231807391787868, -38.228369909091548 ], [ 144.341742898258758, -38.122272974359362 ], [ 144.370784190392271, -38.069121461841632 ], [ 144.370807351358337, -38.069083925042889 ], [ 144.406480308792936, -38.017445433111561 ], [ 144.406512535415033, -38.01740419059518 ], [ 144.406550178531205, -38.017365927235375 ], [ 144.406592802010664, -38.017331086341095 ], [ 144.406639912023621, -38.017300071569089 ], [ 144.446415034528059, -37.993847412644897 ], [ 144.465480515073551, -37.979899695842882 ], [ 144.491264416636369, -37.957312513774824 ], [ 144.49129716892449, -37.957286080211887 ], [ 144.491332552562426, -37.95726186584853 ], [ 144.491370328455673, -37.957240034304547 ], [ 144.496128888726389, -37.954720408790969 ], [ 144.597927742028304, -37.870727781013109 ], [ 144.598988955963506, -37.869198497453027 ], [ 144.604572365061017, -37.851018193023208 ], [ 144.604595158874901, -37.850960892804203 ], [ 144.606881758378307, -37.846317417243185 ], [ 144.606785318944503, -37.844315736018565 ], [ 144.531753274294232, -37.721023100493731 ], [ 144.529130680445149, -37.719746033783892 ], [ 144.495269947070511, -37.717285236858245 ], [ 144.495217693399042, -37.71727947459695 ], [ 144.495166339821026, -37.717269880279147 ], [ 144.495116330685818, -37.717256536922108 ], [ 144.45558218200847, -37.705046534960786 ], [ 144.455512305594539, -37.70502045864702 ], [ 144.431874790385706, -37.694579797119331 ], [ 144.431827306910606, -37.694556307588257 ], [ 144.431782967239741, -37.694529214557662 ], [ 144.428953646692662, -37.692616658636496 ], [ 144.428909424467889, -37.69258334803127 ], [ 144.428869956391082, -37.692546458512147 ], [ 144.428835698345637, -37.692506416184891 ], [ 144.428807046032517, -37.692463683572377 ], [ 144.426945449964592, -37.689286628760115 ], [ 144.426926338162446, -37.689249846835295 ], [ 144.426911385258023, -37.689211868192025 ], [ 144.426900707907151, -37.689172989138669 ], [ 144.426894389407494, -37.689133513008152 ], [ 144.426892479048831, -37.689093747791254 ], [ 144.426916150040171, -37.685968945234315 ], [ 144.426918662603839, -37.685929201129312 ], [ 144.426925578413631, -37.685889788263466 ], [ 144.426936843506155, -37.685851014132666 ], [ 144.426952369985599, -37.685813181248832 ], [ 144.426972036709884, -37.685776584780079 ], [ 144.428881380098659, -37.682617530969175 ], [ 144.428911546621634, -37.682573957433192 ], [ 144.428947572424079, -37.682533291941418 ], [ 144.428989018488863, -37.68249603004103 ], [ 144.429035379750076, -37.682462625802557 ], [ 144.432089588172886, -37.680494715566148 ], [ 144.432135573227043, -37.680468011958979 ], [ 144.432184697560047, -37.680445110371217 ], [ 144.432236465316407, -37.680426241967844 ], [ 144.432290353959587, -37.68041159720326 ], [ 144.432345819546242, -37.680401323899211 ], [ 144.437783878710121, -37.679620496790669 ], [ 144.437844801588881, -37.679614433248389 ], [ 144.437906192228866, -37.679613642187569 ], [ 144.437967330403694, -37.67961813288882 ], [ 144.574088062137179, -37.695483289375048 ], [ 144.5741417934494, -37.695491642791794 ], [ 144.574194260290255, -37.695504075333929 ], [ 144.60748660757227, -37.704800106344891 ], [ 144.76872201229861, -37.693899818365075 ], [ 144.773153985364331, -37.692999197454867 ], [ 144.773204289386996, -37.692990883724043 ], [ 144.773255334004631, -37.692986222997696 ], [ 144.773306699997931, -37.692985253553516 ], [ 144.773357965508382, -37.692987983353312 ], [ 144.777049142557132, -37.693318523233962 ], [ 144.777104059050259, -37.693325623172591 ], [ 144.777157835351375, -37.69333696622089 ], [ 144.777209953573532, -37.693352443140903 ], [ 144.777259911796961, -37.693371904883826 ], [ 144.780511041768136, -37.69479964815875 ], [ 144.780558596127378, -37.694823034856938 ], [ 144.780603019630746, -37.694850030549965 ], [ 144.780643880056829, -37.69488037258354 ], [ 144.780680779849774, -37.694913765744829 ], [ 144.783022636462505, -37.697256625291118 ], [ 144.783057277505094, -37.697295300729024 ], [ 144.783086604822728, -37.697336657723206 ], [ 144.78311029280934, -37.697380237120889 ], [ 144.794146628144603, -37.721028240819763 ], [ 144.795561939118045, -37.722548600161545 ], [ 144.915959045094183, -37.795123995137949 ], [ 144.945150705752269, -37.798844540250876 ], [ 144.945202602002354, -37.798853137077153 ], [ 144.945253261451739, -37.798865537429784 ], [ 144.945302242388578, -37.798881633187285 ], [ 144.945349117735674, -37.798901284006988 ], [ 144.972459893434603, -37.811579959748741 ], [ 144.972507648642051, -37.81160493657309 ], [ 144.972551994406558, -37.811633598147168 ], [ 144.972592480777564, -37.811665653661329 ], [ 144.975848135819859, -37.814516956613609 ], [ 144.975887592971588, -37.814555599759302 ], [ 144.97592144084166, -37.814597457603789 ], [ 144.975949266962857, -37.814642020082744 ], [ 144.975970732244861, -37.814688744173232 ], [ 144.976986431561841, -37.817347345475952 ], [ 144.976999634236222, -37.817388943188163 ], [ 144.977007789785034, -37.817431348470244 ], [ 144.977010824257491, -37.81747417685478 ], [ 144.977008710132793, -37.817517040037608 ], [ 144.976686393163817, -37.820457503221228 ], [ 144.9766788465719, -37.820501306110131 ], [ 144.97666592389956, -37.820544311305042 ], [ 144.97664774959074, -37.82058610464081 ], [ 144.976624498666411, -37.820626283622481 ], [ 144.974908102965742, -37.823245051988572 ], [ 144.974882876646944, -37.823279689212995 ], [ 144.97485387627043, -37.823312414844096 ], [ 144.974821330484616, -37.823342970857006 ], [ 144.974785495892689, -37.823371116332837 ], [ 144.972548141193954, -37.824978725524609 ], [ 144.97250371280191, -37.825007544074147 ], [ 144.972455844520198, -37.825032658831887 ], [ 144.972405025162089, -37.825053813333575 ], [ 144.972351773677843, -37.825070791555717 ], [ 144.967969785397571, -37.826267620363389 ], [ 144.967914361240645, -37.826280299475421 ], [ 144.967857601547195, -37.82628845400626 ], [ 144.967800091803923, -37.826291999840407 ], [ 144.951741887813114, -37.826632007367614 ], [ 144.951682014117978, -37.826630765229837 ], [ 144.95162263826532, -37.826624528733738 ], [ 144.951564420573249, -37.826613367235353 ], [ 144.95150800847918, -37.826597404861452 ], [ 144.899178313409976, -37.809256743875892 ], [ 144.867746325229746, -37.803027727022162 ], [ 144.720377936670076, -37.831576105200874 ], [ 144.715669083150317, -37.833737804376703 ], [ 144.600004639488077, -37.9223273091118 ], [ 144.593219072828475, -37.928612928141867 ], [ 144.593180544511227, -37.928645240136795 ], [ 144.593138183787318, -37.928674387568577 ], [ 144.59309240300874, -37.928700086704552 ], [ 144.593043647821162, -37.928722087378922 ], [ 144.560720749970727, -37.94167199615346 ], [ 144.503302524029294, -37.969997629615712 ], [ 144.42283299308346, -38.026987566937471 ], [ 144.389220436730511, -38.075931390552924 ], [ 144.374770655333748, -38.171473760048855 ], [ 144.374764038913355, -38.171506915790914 ], [ 144.374754313356874, -38.171539590522535 ], [ 144.364081985854369, -38.202200548827555 ], [ 144.364062805635115, -38.202246010247805 ], [ 144.364037613990007, -38.202289606663427 ], [ 144.364006695986944, -38.202330844721295 ], [ 144.363970401497198, -38.202369257755365 ], [ 144.361438541957, -38.204770806672101 ], [ 144.361405097288355, -38.204799855115269 ], [ 144.36136857495373, -38.204826495993878 ], [ 144.361329252235919, -38.204850527044435 ], [ 144.346777962010265, -38.212966517914673 ], [ 144.34673488424815, -38.212988322718871 ], [ 144.346689504394391, -38.213006995856247 ], [ 144.346642187196409, -38.21302238723807 ], [ 144.309239257359962, -38.223660400049759 ], [ 144.309167047901298, -38.223676778154122 ], [ 144.185252573663348, -38.244863765589933 ], [ 144.185203346067311, -38.244870393203726 ], [ 144.185153572517976, -38.24487360398949 ], [ 144.185103633591496, -38.244873373397091 ], [ 144.179387559415289, -38.24464950719814 ], [ 144.179329233350359, -38.244644845643641 ], [ 144.179271820527021, -38.244635493180688 ], [ 144.173092381905121, -38.243364750871478 ], [ 144.070664560677983, -38.234897635650185 ], [ 143.98685559204273, -38.24785581605245 ], [ 143.931780652667271, -38.258801320969908 ], [ 143.786723214714641, -38.336419993518881 ], [ 143.786673322340619, -38.336443800924151 ], [ 143.786620610011255, -38.336463480755846 ], [ 143.786565626315877, -38.336478828200818 ], [ 143.786508943483568, -38.336489683534147 ], [ 143.786451151427826, -38.33649593378145 ], [ 143.782499433155721, -38.336762410365267 ], [ 143.782448839358551, -38.336764048879161 ], [ 143.782398259895018, -38.336762155639335 ], [ 143.78234809139758, -38.33675674549211 ], [ 143.782298727275901, -38.336747860862616 ], [ 143.776763296879125, -38.335546038420802 ], [ 143.606123562937938, -38.34147034714649 ], [ 143.603805882071583, -38.342107889871919 ], [ 143.590455570875434, -38.350786460250085 ], [ 143.590408263788845, -38.350814108623346 ], [ 143.590357595874309, -38.350837778060345 ], [ 143.590304104741563, -38.350857217416312 ], [ 143.59024835795762, -38.350872220429629 ], [ 143.590190947024354, -38.350882627910529 ], [ 143.590132481101989, -38.350888329430056 ], [ 143.58457124109492, -38.351202664940587 ], [ 143.584516241759388, -38.351203683389443 ], [ 143.584461372610889, -38.351200535859824 ], [ 143.584407141343121, -38.351193251475244 ], [ 143.584354049747276, -38.351181897636629 ], [ 143.584302589068869, -38.35116657939875 ], [ 143.584253235462086, -38.351147438498046 ], [ 143.579563955795265, -38.349102335483991 ], [ 143.57951735219271, -38.349079646474912 ], [ 143.579473719514908, -38.349053549668191 ], [ 143.579433458223605, -38.349024284582754 ], [ 143.579396937836435, -38.348992119816025 ], [ 143.579364493535252, -38.348957350578587 ], [ 143.577292931426229, -38.346498551648352 ], [ 143.577264235530464, -38.34646056746886 ], [ 143.577240405439881, -38.346420551125703 ], [ 143.577221670645088, -38.346378888000892 ], [ 143.57720821156488, -38.34633597933545 ], [ 143.576489252326837, -38.343440030626368 ], [ 143.576481199301412, -38.343396289534226 ], [ 143.57647862894521, -38.343352137419473 ], [ 143.576481566002542, -38.343307999491394 ], [ 143.576489982178231, -38.343264300822021 ], [ 143.577232922921809, -38.340372108460059 ], [ 143.577246736196912, -38.340329269733473 ], [ 143.577265814291167, -38.340287703633443 ], [ 143.577289973464616, -38.340247810461911 ], [ 143.577318981045181, -38.340209974409099 ], [ 143.579410558735646, -38.337761823517873 ], [ 143.579441431115782, -38.337729004218502 ], [ 143.579475951596379, -38.337698522808367 ], [ 143.579513836254051, -38.337670629986725 ], [ 143.57955477349725, -38.337645555162297 ], [ 143.62416307037762, -38.312777554928608 ] ] ] } },
{ "type": "Feature", "properties": { "MODE": "REGIONAL TRAIN", "transit_time_minutes_nearest_tier": 60.0, "centre": "geelong", "centre_name": "Geelong" }, "geometry": { "type": "Polygon", "coordinates": [ [ [ 143.776327843807792, -38.323261098124959 ], [ 143.776357274800176, -38.323218350817591 ], [ 143.776392384633084, -38.323178352411247 ], [ 143.776432763980779, -38.32314156921494 ], [ 143.776477942086842, -38.323108430053459 ], [ 143.833877452842103, -38.285317070186863 ], [ 143.833919634266238, -38.285291797625689 ], [ 143.83396460418831, -38.285269713143293 ], [ 143.834011975982548, -38.28525100660854 ], [ 143.909077122428641, -38.258933099701224 ], [ 143.981315311124035, -38.232442023965532 ], [ 143.981366618608888, -38.2324255251756 ], [ 143.981419711755137, -38.232413026249695 ], [ 143.981474090697503, -38.232404644863571 ], [ 144.021901433979139, -38.22775944430802 ], [ 144.021959922582766, -38.22775512254983 ], [ 144.036947932383868, -38.227258092176029 ], [ 144.036962106770488, -38.227257760270668 ], [ 144.120410590084475, -38.226092761322725 ], [ 144.120461000323218, -38.226093796995222 ], [ 144.120511098129754, -38.226098337182904 ], [ 144.120560492751139, -38.226106346473188 ], [ 144.14003191195431, -38.229975947765013 ], [ 144.221833164535809, -38.230849310413646 ], [ 144.240537505592243, -38.226580556952705 ], [ 144.341624428473295, -38.123111535455031 ], [ 144.356019810060559, -38.095184749531469 ], [ 144.356027510448484, -38.095170510556095 ], [ 144.370787276792385, -38.069115911620628 ], [ 144.370807351358337, -38.069083925042889 ], [ 144.406480308792936, -38.017445433111561 ], [ 144.406505648463508, -38.017412210141927 ], [ 144.406534508167368, -38.017380835634171 ], [ 144.406566673762711, -38.017351542385647 ], [ 144.406601906579056, -38.017324547750583 ], [ 144.494807687014656, -37.955254961821268 ], [ 144.604285664946474, -37.851200882653231 ], [ 144.606404444591163, -37.846999709006916 ], [ 144.640766708489849, -37.727571140627575 ], [ 144.64078062440035, -37.727531245878318 ], [ 144.640799092113724, -37.72749253411866 ], [ 144.642274068584243, -37.724783320080512 ], [ 144.642298518445699, -37.724743825407678 ], [ 144.642327703252306, -37.724706414095522 ], [ 144.642361344479525, -37.724671443169434 ], [ 144.642399121075414, -37.724639246365207 ], [ 144.64514861909251, -37.722514081825381 ], [ 144.645194725928263, -37.722482103654677 ], [ 144.645244902595664, -37.722454258319438 ], [ 144.645298564709549, -37.722430870119574 ], [ 144.645355087293581, -37.722412211444905 ], [ 144.649514628995831, -37.721243794599822 ], [ 144.649566664368933, -37.721231369605171 ], [ 144.64961995775559, -37.721222956867827 ], [ 144.649674020038987, -37.721218633598305 ], [ 144.649728355045823, -37.721218439474775 ], [ 144.64978246410007, -37.721222376278831 ], [ 144.654365777310119, -37.721732584827016 ], [ 144.65441834964949, -37.721740459857912 ], [ 144.654469754008346, -37.721752234469378 ], [ 144.654519533028548, -37.721767803899709 ], [ 144.804728527222608, -37.775246437294832 ], [ 144.83526311889662, -37.780639260703616 ], [ 144.835328013430512, -37.780653975239986 ], [ 144.835390248769528, -37.780674699118975 ], [ 144.838529824491815, -37.781899092709395 ], [ 144.838586163534728, -37.781924322711404 ], [ 144.83863851985987, -37.781954476466943 ], [ 144.838686213476876, -37.781989162349788 ], [ 144.841280541634092, -37.784103962793722 ], [ 144.841317396835848, -37.784137114186642 ], [ 144.841349980356199, -37.784172972957251 ], [ 144.841377978395087, -37.784211193769451 ], [ 144.841401121311321, -37.784251408539106 ], [ 144.842778390739795, -37.786993156433908 ], [ 144.842797906283096, -37.787039030427842 ], [ 144.842811105724138, -37.787086301630382 ], [ 144.842817836588267, -37.787134424026434 ], [ 144.842818021116869, -37.787182841767958 ], [ 144.842594056599637, -37.790682780674857 ], [ 144.84258769221114, -37.790730934420409 ], [ 144.842574852541645, -37.790778268026941 ], [ 144.842555685887362, -37.790824234754545 ], [ 144.842530413627117, -37.790868303650804 ], [ 144.840810047388089, -37.79348518399398 ], [ 144.840780975944341, -37.79352443042746 ], [ 144.840747061567555, -37.793561148206827 ], [ 144.84070865057285, -37.793594962382905 ], [ 144.840666135194823, -37.79362552765668 ], [ 144.837618023873887, -37.795603749248748 ], [ 144.837570731738822, -37.795631330468545 ], [ 144.837520103852285, -37.795654889888432 ], [ 144.837466681295211, -37.79567417571802 ], [ 144.716762091807169, -37.833323349333767 ], [ 144.59913686772083, -37.923397176726652 ], [ 144.593209838744343, -37.928621270672728 ], [ 144.593172896288479, -37.928650944753393 ], [ 144.593132649794029, -37.928677787690368 ], [ 144.593089443711193, -37.928701569745932 ], [ 144.593043647821162, -37.928722087378922 ], [ 144.560720749970727, -37.94167199615346 ], [ 144.50330241058353, -37.969997685532427 ], [ 144.423088809487069, -38.026753343409169 ], [ 144.389220405697642, -38.075931648984181 ], [ 144.374788640539606, -38.171413771223136 ], [ 144.374782026975453, -38.171446928158062 ], [ 144.374772304081262, -38.171479604232715 ], [ 144.364081996260865, -38.202200518939158 ], [ 144.364062816413707, -38.202245988612646 ], [ 144.364037623076882, -38.202289592924046 ], [ 144.36400670142956, -38.202330838271337 ], [ 144.363970401497198, -38.202369257755365 ], [ 144.361438541957, -38.204770806672101 ], [ 144.361406866886028, -38.204798440397063 ], [ 144.361372405636502, -38.204823913733591 ], [ 144.361335394034029, -38.204847052360336 ], [ 144.348284845548221, -38.212332557797914 ], [ 144.348240930482689, -38.212355379294927 ], [ 144.348194540171335, -38.212374915751354 ], [ 144.348146068231046, -38.212391001401777 ], [ 144.309242396552065, -38.223659499634167 ], [ 144.309167047901298, -38.223676778154122 ], [ 144.185252573663348, -38.244863765589933 ], [ 144.185203346067311, -38.244870393203726 ], [ 144.185153572517976, -38.24487360398949 ], [ 144.185103633591496, -38.244873373397091 ], [ 144.179387559415289, -38.24464950719814 ], [ 144.179329233350359, -38.244644845643641 ], [ 144.179271820527021, -38.244635493180688 ], [ 144.173092381905121, -38.243364750871478 ], [ 144.070664683311833, -38.23489764584081 ], [ 143.986008694396446, -38.248015746539849 ], [ 143.931781282090128, -38.258801180428947 ], [ 143.788264750137699, -38.335934877710024 ], [ 143.788218470993257, -38.335957240863621 ], [ 143.788169707572592, -38.335976045998265 ], [ 143.788118899518366, -38.335991123569599 ], [ 143.788066504908244, -38.336002337640259 ], [ 143.78801299612482, -38.336009587105764 ], [ 143.781592296052565, -38.336633828507978 ], [ 143.781536332497893, -38.336637082744993 ], [ 143.781480233448519, -38.336636000817286 ], [ 143.781424539178687, -38.336630593144619 ], [ 143.781369786064033, -38.336620911806719 ], [ 143.781316501415745, -38.3366070500417 ], [ 143.781265198401911, -38.336589141348121 ], [ 143.781216371105131, -38.336567358199211 ], [ 143.7757506250625, -38.333841379146264 ], [ 143.77570138481633, -38.333813846354303 ], [ 143.775656105527702, -38.333782376863816 ], [ 143.775615292188121, -38.333747321651643 ], [ 143.775579399978767, -38.333709071685426 ], [ 143.775548829194065, -38.333668053563045 ], [ 143.773926870032682, -38.331202039595937 ], [ 143.773904155780713, -38.331163065172305 ], [ 143.773886250506877, -38.33112256572781 ], [ 143.77387331654279, -38.331080908453607 ], [ 143.773865471146593, -38.331038471037779 ], [ 143.773502765292818, -38.328101527144462 ], [ 143.773500113764385, -38.328052957358537 ], [ 143.773504123353433, -38.328004445391542 ], [ 143.773514747331575, -38.327956556455526 ], [ 143.77353186190669, -38.327909848502685 ], [ 143.773555267666069, -38.327864865724585 ], [ 143.776327843807792, -38.323261098124959 ] ] ] } },
{ "type": "Feature", "properties": { "MODE": "REGIONAL TRAIN", "transit_time_minutes_nearest_tier": 45.0, "centre": "geelong", "centre_name": "Geelong" }, "geometry": { "type": "Polygon", "coordinates": [ [ [ 143.976846096930387, -38.234575807450589 ], [ 143.976875421941884, -38.234538141211516 ], [ 143.976909286458806, -38.234502923482474 ], [ 143.97694736434471, -38.234470493425889 ], [ 143.976989288888063, -38.234441163357367 ], [ 143.9770346563337, -38.234415215737833 ], [ 143.977083029771308, -38.23439290045355 ], [ 143.98221015447308, -38.232286703407311 ], [ 143.982268974168306, -38.232265780744619 ], [ 143.982330410832333, -38.232250225788668 ], [ 143.982393680038115, -38.232240237145916 ], [ 144.023241712338631, -38.227659223615277 ], [ 144.023309912761249, -38.227654829997633 ], [ 144.112128647373481, -38.226113286422219 ], [ 144.112152331271403, -38.226113254212741 ], [ 144.122355400014698, -38.226265902237039 ], [ 144.122423040649664, -38.226270091862546 ], [ 144.122489573752063, -38.226280581088162 ], [ 144.140428654724047, -38.229993677517392 ], [ 144.222261773099859, -38.230838116259171 ], [ 144.27008322377776, -38.220496866208421 ], [ 144.300099199841043, -38.209464252158121 ], [ 144.344290871313973, -38.145201581188644 ], [ 144.342159270193179, -38.123471735924532 ], [ 144.342158010993785, -38.123419170001114 ], [ 144.34216451397802, -38.123366846240998 ], [ 144.342885349122554, -38.119752215990509 ], [ 144.342894908966173, -38.119714714366864 ], [ 144.342908462201962, -38.119677988804369 ], [ 144.342925911069756, -38.119642304190776 ], [ 144.370784952322765, -38.069120072678473 ], [ 144.370807508894956, -38.069083697338733 ], [ 144.406623248727243, -38.017309301970471 ], [ 144.406657491222177, -38.017265831565375 ], [ 144.406697750157548, -38.01722571749643 ], [ 144.406743505012116, -38.017189478403004 ], [ 144.492747080716867, -37.956331028859402 ], [ 144.492792760702173, -37.956301875948526 ], [ 144.492841989683228, -37.956276602953444 ], [ 144.492894244129474, -37.95625547864082 ], [ 144.492948968337316, -37.956238727657798 ], [ 144.532198338972563, -37.946024990687519 ], [ 144.534138397659319, -37.944995067531814 ], [ 144.597987030829898, -37.871929705839037 ], [ 144.605288717960036, -37.849244850754161 ], [ 144.605309743550322, -37.849192880835886 ], [ 144.605338540590168, -37.849143308483171 ], [ 144.608642243541141, -37.844258338956351 ], [ 144.608667511590056, -37.844224591500925 ], [ 144.608696387797607, -37.844192716156073 ], [ 144.60872865298731, -37.844162954857573 ], [ 144.613158816639981, -37.840419344259772 ], [ 144.613203689383141, -37.840385350970116 ], [ 144.61325296991086, -37.840355442143519 ], [ 144.638587980354686, -37.826646897686729 ], [ 144.638640629083113, -37.826621602195786 ], [ 144.638696419756542, -37.826600974500742 ], [ 144.648017761457567, -37.823630449092647 ], [ 144.648071142810068, -37.823615834823137 ], [ 144.648126089928581, -37.823605497874041 ], [ 144.648182059569336, -37.823599540443304 ], [ 144.648238498379726, -37.823598021430016 ], [ 144.695602834980804, -37.824183055036336 ], [ 144.695656559755918, -37.824185731826162 ], [ 144.69570972372361, -37.824192431218535 ], [ 144.695761849284054, -37.824203093029311 ], [ 144.69950238793038, -37.825120106008448 ], [ 144.699560908153245, -37.825137297833507 ], [ 144.699616697268425, -37.825159478539028 ], [ 144.699669081732651, -37.825186380337762 ], [ 144.69971742910505, -37.825217678444496 ], [ 144.702981687521572, -37.827579220035553 ], [ 144.703024512781269, -37.827613721970991 ], [ 144.703062422562056, -37.827651670064114 ], [ 144.703094978975201, -37.827692625991162 ], [ 144.70312180596477, -37.827736116685458 ], [ 144.704575272706421, -37.830453208640371 ], [ 144.704594500359804, -37.830494704889126 ], [ 144.70460850735256, -37.830537496120542 ], [ 144.704617158781332, -37.830581170233408 ], [ 144.704620371319038, -37.830625306623304 ], [ 144.704652297919779, -37.833576740416255 ], [ 144.704650040548842, -37.833620913971437 ], [ 144.704642334855208, -37.833664699332132 ], [ 144.70462925503972, -37.833707674820381 ], [ 144.704610927059633, -37.833749426557041 ], [ 144.703216284852346, -37.836485874246996 ], [ 144.703192883619352, -37.836525999819301 ], [ 144.703164635929426, -37.836564113054656 ], [ 144.703131813818629, -37.836599846898586 ], [ 144.703094733378862, -37.836632857211121 ], [ 144.70048572305447, -37.838737674579193 ], [ 144.700442085048707, -37.838769389446249 ], [ 144.700394522575579, -37.838797330929879 ], [ 144.700343552049787, -37.838821195650127 ], [ 144.700289726891242, -37.838840724491028 ], [ 144.695097792410792, -37.840470594334043 ], [ 144.617968989473241, -37.876797533743748 ], [ 144.604850607928938, -37.90514912565672 ], [ 144.601483839458126, -37.919370894303519 ], [ 144.601470799206737, -37.919414091150337 ], [ 144.601452452632827, -37.919456060770734 ], [ 144.60142897807259, -37.91949639518301 ], [ 144.598287380291737, -37.924261047167334 ], [ 144.598252265024939, -37.92430731361798 ], [ 144.598210415035794, -37.924349920445771 ], [ 144.594258645409866, -37.927910316543084 ], [ 144.594209691265064, -37.927949333077315 ], [ 144.594155098429525, -37.927983332581832 ], [ 144.589127298146821, -37.930738242747267 ], [ 144.589090647119548, -37.930756725243334 ], [ 144.589052321683511, -37.930772937687699 ], [ 144.560716850548658, -37.941673921488238 ], [ 144.503302524029294, -37.969997629615712 ], [ 144.42283299308346, -38.026987566937471 ], [ 144.389220446952862, -38.075931375679254 ], [ 144.374788640539606, -38.171413771223136 ], [ 144.374782026975453, -38.171446928158062 ], [ 144.374772304081262, -38.171479604232715 ], [ 144.364081996260865, -38.202200518939158 ], [ 144.364063422263314, -38.202244767220236 ], [ 144.364039152517677, -38.20228726379478 ], [ 144.36400944693591, -38.202327553537977 ], [ 144.363974623647579, -38.202365204958689 ], [ 144.36161638966982, -38.204655820984271 ], [ 144.361584076655987, -38.204684603208648 ], [ 144.361548770296679, -38.204711105834484 ], [ 144.361510727900253, -38.204735135711744 ], [ 144.349379224591132, -38.211747980832506 ], [ 144.349336025660932, -38.211770642942 ], [ 144.349290397683291, -38.211790117389214 ], [ 144.349242717445748, -38.211806243357103 ], [ 144.309246374593272, -38.223658334958152 ], [ 144.309205347912354, -38.22366910408126 ], [ 144.309163405802366, -38.22367739312466 ], [ 144.199345180578007, -38.241870485050505 ], [ 144.185006239121805, -38.244881443513108 ], [ 144.18494711986969, -38.244891246107166 ], [ 144.184887018395699, -38.24489606901043 ], [ 144.184826607177854, -38.244895858259248 ], [ 144.179383142759946, -38.244649320594164 ], [ 144.179327048119291, -38.244644577632904 ], [ 144.179271820527021, -38.244635493180688 ], [ 144.173092381905121, -38.243364750871478 ], [ 144.070663352704827, -38.234897535269944 ], [ 143.983310797629144, -38.248104811827886 ], [ 143.983256091605398, -38.248110916170646 ], [ 143.98320089361107, -38.248112823459849 ], [ 143.983145720199474, -38.248110515846761 ], [ 143.983091087693765, -38.248104014926447 ], [ 143.983037507354936, -38.248093381535661 ], [ 143.982985480597137, -38.24807871518361 ], [ 143.97783940063789, -38.246402349738034 ], [ 143.977791857804135, -38.24638480275118 ], [ 143.977746558611585, -38.246363887562467 ], [ 143.977703885711236, -38.2463397808474 ], [ 143.977664199568238, -38.246312686240863 ], [ 143.977627835416826, -38.246282832616799 ], [ 143.977595100428545, -38.246250472155019 ], [ 143.974731952411389, -38.243136482571821 ], [ 143.974703125615406, -38.243101887884421 ], [ 143.974678447919814, -38.24306535203111 ], [ 143.974658127775314, -38.243027183636656 ], [ 143.974642336822825, -38.242987705115695 ], [ 143.974631208443611, -38.242947249949303 ], [ 143.974624836633154, -38.242906159867765 ], [ 143.974203679815332, -38.238527866301787 ], [ 143.974202163677205, -38.238484557596124 ], [ 143.974205930366963, -38.238441334358825 ], [ 143.97421494502376, -38.238398596518657 ], [ 143.974229124229538, -38.238356739512497 ], [ 143.974248336781301, -38.238316150626602 ], [ 143.974272404905264, -38.238277205413198 ], [ 143.976846096930387, -38.234575807450589 ] ] ] } },
{ "type": "Feature", "properties": { "MODE": "REGIONAL TRAIN", "transit_time_minutes_nearest_tier": 30.0, "centre": "geelong", "centre_name": "Geelong" }, "geometry": { "type": "Polygon", "coordinates": [ [ [ 144.306762023330236, -38.207809897797162 ], [ 144.344336388366884, -38.194798444206413 ], [ 144.346493634676762, -38.193007395382857 ], [ 144.349845712688222, -38.162802867528569 ], [ 144.344832845611222, -38.145587791873233 ], [ 144.34482091821161, -38.145529612088509 ], [ 144.342160138469012, -38.123479676851971 ], [ 144.342157583474574, -38.12343350507328 ], [ 144.342161030924558, -38.12338736950894 ], [ 144.342569569310541, -38.120472787214524 ], [ 144.342578660257743, -38.120428357830399 ], [ 144.342593318086102, -38.1203848669034 ], [ 144.342613396453771, -38.120342748613169 ], [ 144.37078473417489, -38.069120469104028 ], [ 144.370809245778389, -38.069081207251266 ], [ 144.370838463134561, -38.069044012145419 ], [ 144.393460105169595, -38.043133798584648 ], [ 144.40589523874354, -38.018095266441932 ], [ 144.405916537479158, -38.018057547046126 ], [ 144.405942114664015, -38.01802152992871 ], [ 144.405971755171038, -38.017987518017662 ], [ 144.40600520969889, -38.017955797375365 ], [ 144.406042196868924, -38.017926634792921 ], [ 144.40608240559186, -38.017900275546133 ], [ 144.446808181343698, -37.993590262589905 ], [ 144.459396698001569, -37.984348395062355 ], [ 144.492135104830766, -37.956693325773074 ], [ 144.492174277427353, -37.956663248336838 ], [ 144.492216908961069, -37.956636280534489 ], [ 144.492262607282072, -37.956612670429614 ], [ 144.492310952031829, -37.956592635199783 ], [ 144.492361498509865, -37.956576359138907 ], [ 144.498234757127364, -37.95494018247463 ], [ 144.498291717016173, -37.954926913359344 ], [ 144.498350113234466, -37.954918416850617 ], [ 144.498409309779817, -37.954914785485322 ], [ 144.498468661933714, -37.95491605881319 ], [ 144.498527523283002, -37.954922222966218 ], [ 144.498585252759682, -37.954933210809649 ], [ 144.503902985257838, -37.956180896441978 ], [ 144.503956905481346, -37.956195917420629 ], [ 144.504008650003641, -37.956215146489171 ], [ 144.504057696522665, -37.95623838955261 ], [ 144.504103549968221, -37.956265411999212 ], [ 144.504145747499052, -37.956295941068412 ], [ 144.506921614789263, -37.958516744988515 ], [ 144.506959941641156, -37.958550676300703 ], [ 144.506993747719008, -37.958587496934513 ], [ 144.507022687807222, -37.958626830898147 ], [ 144.507046466377517, -37.958668276534404 ], [ 144.508414752780112, -37.961413637738687 ], [ 144.50843410987423, -37.961459562351102 ], [ 144.508447130091582, -37.961506866453092 ], [ 144.508453663027666, -37.961555003649487 ], [ 144.508453633209911, -37.961603417921339 ], [ 144.508213625963407, -37.965102444281577 ], [ 144.508208686846615, -37.965142041231978 ], [ 144.508199353470502, -37.965181138665983 ], [ 144.50818569864694, -37.965219431547013 ], [ 144.508167828903993, -37.965256621115188 ], [ 144.508145883654976, -37.965292417218144 ], [ 144.506267428017935, -37.968040311416352 ], [ 144.506236587705843, -37.968080304216144 ], [ 144.506200666630463, -37.968117544549585 ], [ 144.506160053431501, -37.968151629496248 ], [ 144.506115187516713, -37.968182190274817 ], [ 144.506066554307807, -37.968208896233193 ], [ 144.464222941787341, -37.988707413569358 ], [ 144.451836253363467, -37.99776416622759 ], [ 144.395961089591026, -38.052722953390969 ], [ 144.389182360883638, -38.075791248296902 ], [ 144.389167872193127, -38.075831821389258 ], [ 144.389148648379859, -38.075871146028945 ], [ 144.362604312605328, -38.123389416490589 ], [ 144.365107579691482, -38.143460766323223 ], [ 144.375016550709915, -38.169484309616664 ], [ 144.375029444567247, -38.169524914700403 ], [ 144.375037507768013, -38.169566289429355 ], [ 144.375040670659416, -38.169608076434628 ], [ 144.375038905914181, -38.169649914785801 ], [ 144.375032228766884, -38.169691443108434 ], [ 144.375020696882729, -38.169732302705256 ], [ 144.363602818679965, -38.202838054613942 ], [ 144.363586289754608, -38.202878370614535 ], [ 144.363565032830024, -38.202917282548981 ], [ 144.363539236028174, -38.202954446037033 ], [ 144.363509127650985, -38.202989532172147 ], [ 144.363474974160084, -38.203022230432467 ], [ 144.363437077818645, -38.203052251429085 ], [ 144.363395774016283, -38.203079329467364 ], [ 144.346792144416014, -38.212958348467403 ], [ 144.346745004229319, -38.212983581181682 ], [ 144.3466949114503, -38.213004981603781 ], [ 144.346642364854034, -38.213022336648272 ], [ 144.309453851344642, -38.223610376621558 ], [ 144.309397558522363, -38.223623851457788 ], [ 144.309339806901164, -38.22363268540083 ], [ 144.306335015363544, -38.223966655563913 ], [ 144.30628455120754, -38.223970470827901 ], [ 144.30623385697163, -38.22397073986712 ], [ 144.306183332312258, -38.22396746056053 ], [ 144.306133375549052, -38.223960658761058 ], [ 144.302478996430978, -38.223330096302192 ], [ 144.302424913024396, -38.223318543158015 ], [ 144.302372525538601, -38.22330286372803 ], [ 144.302322338500858, -38.223283209016166 ], [ 144.302274835245726, -38.223259768310989 ], [ 144.299204647667608, -38.221573902434841 ], [ 144.299160287781206, -38.221546900333003 ], [ 144.299119496451368, -38.221516598113141 ], [ 144.299082666521429, -38.2214832876058 ], [ 144.299050152682497, -38.221447289613018 ], [ 144.297031623871618, -38.218962838403556 ], [ 144.297003741199319, -38.21892449909096 ], [ 144.296980756171166, -38.218884188282686 ], [ 144.296962890139156, -38.218842294196598 ], [ 144.296950315155186, -38.218799220297861 ], [ 144.296290676865993, -38.215894477347121 ], [ 144.296283514687389, -38.215850638354297 ], [ 144.29628183341589, -38.215806456598365 ], [ 144.296285649233425, -38.215762357574036 ], [ 144.296294925381972, -38.215718765978501 ], [ 144.297094442241104, -38.212835974395638 ], [ 144.297109088360884, -38.212793309874954 ], [ 144.297128964213385, -38.212751983439482 ], [ 144.29715387837615, -38.21271239308291 ], [ 144.297183590906258, -38.212674920079124 ], [ 144.299320389376049, -38.210252931910524 ], [ 144.299355704916309, -38.210216928648862 ], [ 144.299395446309319, -38.210183922136785 ], [ 144.299439207538086, -38.210154249580064 ], [ 144.299486541519343, -38.21012821412328 ], [ 144.303029163015793, -38.208382566478058 ], [ 144.303076043308323, -38.208361818860425 ], [ 144.303125188950304, -38.208344642364139 ], [ 144.303176164210868, -38.208331189277672 ], [ 144.303228517138251, -38.208321578877275 ], [ 144.306762023330236, -38.207809897797162 ] ] ] } },
{ "type": "Feature", "properties": { "MODE": "REGIONAL TRAIN", "transit_time_minutes_nearest_tier": 15.0, "centre": "geelong", "centre_name": "Geelong" }, "geometry": { "type": "Polygon", "coordinates": [ [ [ 144.322636930579819, -38.210995938271118 ], [ 144.331029684084939, -38.21053147653577 ], [ 144.334289539140229, -38.209317851977161 ], [ 144.344405971522519, -38.198825657801777 ], [ 144.34709003972597, -38.193609980556545 ], [ 144.3471160499397, -38.193566304705321 ], [ 144.347147831796889, -38.19352507570953 ], [ 144.347185020452116, -38.193486766852935 ], [ 144.347227188995191, -38.193451817897255 ], [ 144.35923906259265, -38.184507196018764 ], [ 144.362605484376047, -38.178901044146912 ], [ 144.362523710691363, -38.176649780810145 ], [ 144.356253769533055, -38.167068485595308 ], [ 144.351736711902134, -38.164261071164994 ], [ 144.351695534216418, -38.164232859239441 ], [ 144.351657955489145, -38.164201672832561 ], [ 144.351624318907483, -38.164167796757411 ], [ 144.351594931655256, -38.164131540390436 ], [ 144.349275946760827, -38.160944536353817 ], [ 144.34925044039889, -38.160905113874584 ], [ 144.349229958479384, -38.160863904930856 ], [ 144.349214698832412, -38.160821307567076 ], [ 144.344933132557031, -38.1461481240176 ], [ 144.344922972958813, -38.146102843493878 ], [ 144.344918712448219, -38.146056980904135 ], [ 144.344920395421525, -38.146011014271551 ], [ 144.345481023217275, -38.140486414188864 ], [ 144.343809194447999, -38.127843198170247 ], [ 144.342205623056401, -38.122050717899683 ], [ 144.342195950546625, -38.122004255049703 ], [ 144.342192470806907, -38.121957248389897 ], [ 144.342195221851483, -38.121910211599548 ], [ 144.342204173606007, -38.12186365868623 ], [ 144.342219228236502, -38.121818098368891 ], [ 144.343409611143272, -38.118858160326013 ], [ 144.343427220394062, -38.118820328716453 ], [ 144.343449040110499, -38.118783892233772 ], [ 144.343474895557762, -38.118749142655879 ], [ 144.351735616891432, -38.108702773327764 ], [ 144.356413452866946, -38.094575583720236 ], [ 144.356430912903562, -38.094532006482503 ], [ 144.356453871405478, -38.094490052012858 ], [ 144.356482091949289, -38.094450152336378 ], [ 144.356515283927052, -38.094412718318281 ], [ 144.356553105539348, -38.094378135433232 ], [ 144.368030026897713, -38.084900049590686 ], [ 144.369698267481169, -38.071907189720307 ], [ 144.369707518004105, -38.071860098540775 ], [ 144.369723010111301, -38.071814043475996 ], [ 144.370871866382373, -38.069006049440098 ], [ 144.370889818878993, -38.068968092116343 ], [ 144.370912013769839, -38.068931563897713 ], [ 144.37093827141868, -38.068896760418461 ], [ 144.370968379309119, -38.068863963353607 ], [ 144.371002093764417, -38.068833438139364 ], [ 144.371039141919965, -38.068805431824885 ], [ 144.37589378861216, -38.065452501606622 ], [ 144.375937650128776, -38.065425086000729 ], [ 144.375984699363357, -38.06540120130547 ], [ 144.376034483210077, -38.065381077540188 ], [ 144.376086522228832, -38.065364908504776 ], [ 144.376140315262575, -38.06535284991341 ], [ 144.376195344263067, -38.065345017894934 ], [ 144.376251079280081, -38.065341487874768 ], [ 144.382694134136898, -38.065184101873101 ], [ 144.382755617385584, -38.065185223697121 ], [ 144.382816589533491, -38.065191578107807 ], [ 144.382876340206735, -38.065203091071211 ], [ 144.382934173261845, -38.065219628452134 ], [ 144.382989414895945, -38.065240997576694 ], [ 144.386249101154874, -38.066679193360692 ], [ 144.386296531716084, -38.066702602907746 ], [ 144.386340831580071, -38.066729575138169 ], [ 144.386381574117394, -38.066759850298112 ], [ 144.386418366955752, -38.066793136824934 ], [ 144.388733921226105, -38.069108001835879 ], [ 144.388766412135226, -38.069143978499667 ], [ 144.388794286050995, -38.069182299574706 ], [ 144.388817274527526, -38.069222596011258 ], [ 144.388835156166834, -38.069264479735345 ], [ 144.38985401730767, -38.072103659407141 ], [ 144.38986662095067, -38.072146726890431 ], [ 144.389873823967093, -38.072190563581515 ], [ 144.389875556978637, -38.072234747310013 ], [ 144.389871803285871, -38.072278852562725 ], [ 144.389438714915798, -38.075210141329862 ], [ 144.389428351739042, -38.075257854824038 ], [ 144.389411570675975, -38.075304413596633 ], [ 144.389388565549467, -38.075349279857029 ], [ 144.389359602076553, -38.075391935363641 ], [ 144.387056307630729, -38.078385769682612 ], [ 144.3870239234829, -38.078423430987606 ], [ 144.386986894334285, -38.078458315333862 ], [ 144.386945598616109, -38.07849006620399 ], [ 144.386900458365488, -38.078518359104287 ], [ 144.383193994422498, -38.080609177214662 ], [ 144.375848101681896, -38.086598652876873 ], [ 144.374997756642784, -38.100726232148865 ], [ 144.374992835074636, -38.100767618507781 ], [ 144.374983106332706, -38.10080847011686 ], [ 144.374968653262954, -38.100848439068038 ], [ 144.374949598946102, -38.100887184969842 ], [ 144.374926105649649, -38.100924377846219 ], [ 144.373105724219982, -38.103501247385211 ], [ 144.373078573108444, -38.103535897571177 ], [ 144.373047569680324, -38.10356846680348 ], [ 144.373012967727703, -38.103598688467585 ], [ 144.372975050501424, -38.103626315166089 ], [ 144.3679853378502, -38.106944482284696 ], [ 144.361790503198705, -38.11879770677313 ], [ 144.362450782353221, -38.122584200794073 ], [ 144.362455508958874, -38.122624874538467 ], [ 144.362455552148333, -38.122665719295519 ], [ 144.362450911558824, -38.122706399219261 ], [ 144.361779805830935, -38.126602703191132 ], [ 144.363517568945554, -38.139565667587895 ], [ 144.368741027484475, -38.156369667549257 ], [ 144.374990178870746, -38.169068685802053 ], [ 144.375009109263686, -38.169114173757798 ], [ 144.375021816544006, -38.169160991101684 ], [ 144.375028157113633, -38.169208608819545 ], [ 144.3750280593149, -38.169256488852426 ], [ 144.375021524240594, -38.169304090176297 ], [ 144.374355154311786, -38.172540406298864 ], [ 144.374344961921963, -38.172579098985814 ], [ 144.374330512428998, -38.172616937444658 ], [ 144.374311917064148, -38.172653630380658 ], [ 144.368186823402482, -38.18335140643395 ], [ 144.364739570458028, -38.200946178422051 ], [ 144.364729658220853, -38.200985234272252 ], [ 144.364715412238382, -38.201023446377057 ], [ 144.364696943911241, -38.201060515908452 ], [ 144.364674397660423, -38.201096152973165 ], [ 144.364647949797984, -38.201130078879821 ], [ 144.361645825537323, -38.204624560061148 ], [ 144.361615850787359, -38.204656343594145 ], [ 144.361582452441382, -38.204685925726785 ], [ 144.361545888897268, -38.204713077583321 ], [ 144.361506443042828, -38.204737589090755 ], [ 144.347450064983093, -38.212705907705868 ], [ 144.34739555893546, -38.212733250091745 ], [ 144.347337487075436, -38.212755559617314 ], [ 144.347276592792355, -38.212772550693039 ], [ 144.328867784973909, -38.216999719955297 ], [ 144.309486773238376, -38.223600131502572 ], [ 144.309439209102095, -38.223614377109222 ], [ 144.309390226257847, -38.223625225982012 ], [ 144.309340213641576, -38.223632591978166 ], [ 144.3063350266371, -38.223966654310942 ], [ 144.306284559735047, -38.223970470483565 ], [ 144.306233862660036, -38.223970740036272 ], [ 144.306183335135728, -38.223967460843788 ], [ 144.306133375549052, -38.223960658761058 ], [ 144.302478996430978, -38.223330096302192 ], [ 144.302424913024396, -38.223318543158015 ], [ 144.302372525538601, -38.22330286372803 ], [ 144.302322338500858, -38.223283209016166 ], [ 144.302274835245726, -38.223259768310989 ], [ 144.299204647667608, -38.221573902434841 ], [ 144.299160287781206, -38.221546900333003 ], [ 144.299119496451368, -38.221516598113141 ], [ 144.299082666521429, -38.2214832876058 ], [ 144.299050152682497, -38.221447289613018 ], [ 144.297031623871618, -38.218962838403556 ], [ 144.297003741199319, -38.21892449909096 ], [ 144.296980756171166, -38.218884188282686 ], [ 144.296962890139156, -38.218842294196598 ], [ 144.296950315155186, -38.218799220297861 ], [ 144.296290676865993, -38.215894477347121 ], [ 144.296283514687389, -38.215850638354297 ], [ 144.29628183341589, -38.215806456598365 ], [ 144.296285649233425, -38.215762357574036 ], [ 144.296294925381972, -38.215718765978501 ], [ 144.297094442241104, -38.212835974395638 ], [ 144.297109088360884, -38.212793309874954 ], [ 144.297128964213385, -38.212751983439482 ], [ 144.29715387837615, -38.21271239308291 ], [ 144.297183590906258, -38.212674920079124 ], [ 144.299320389376049, -38.210252931910524 ], [ 144.299355704916309, -38.210216928648862 ], [ 144.299395446309319, -38.210183922136785 ], [ 144.299439207538086, -38.210154249580064 ], [ 144.299486541519343, -38.21012821412328 ], [ 144.303029163015793, -38.208382566478058 ], [ 144.303075679427224, -38.208361962698234 ], [ 144.303124430227712, -38.208344874968198 ], [ 144.303174989700608, -38.208331452506293 ], [ 144.303226916335774, -38.208321812523927 ], [ 144.303279756685043, -38.208316039201968 ], [ 144.308607932748686, -38.207932893661919 ], [ 144.308659738018179, -38.207931033575044 ], [ 144.308711543453143, -38.207932890790019 ], [ 144.308762921507451, -38.20793844997938 ], [ 144.308813448161914, -38.207947665263546 ], [ 144.322636930579819, -38.210995938271118 ] ] ] } },
{ "type": "Feature", "properties": { "MODE": "REGIONAL TRAIN", "transit_time_minutes_nearest_tier": 90.0, "centre": "ballarat", "centre_name": "Ballarat" }, "geometry": { "type": "Polygon", "coordinates": [ [ [ 143.375224148258781, -37.422018004471077 ], [ 143.375255346390617, -37.421980686705503 ], [ 143.375291041953176, -37.421946027722562 ], [ 143.375330881214779, -37.42191437097609 ], [ 143.375374469383331, -37.421886030168736 ], [ 143.375421374518282, -37.421861286143631 ], [ 143.379387966616775, -37.419988063822984 ], [ 143.37943317438922, -37.419968865214024 ], [ 143.379480376449493, -37.419953011129799 ], [ 143.379529184815794, -37.419940631884067 ], [ 143.379579198303787, -37.41993182922895 ], [ 143.379630005824083, -37.419926675518433 ], [ 143.3835353792783, -37.41967327190433 ], [ 143.383584746021398, -37.419671796391007 ], [ 143.383634085627648, -37.419673766440468 ], [ 143.383683020784474, -37.419679166987237 ], [ 143.484691829587575, -37.434396338626961 ], [ 143.484743008577709, -37.434405751036344 ], [ 143.489229576566743, -37.435408004788876 ], [ 143.4892711496679, -37.435418688946008 ], [ 143.489311563588302, -37.435431901931786 ], [ 143.505599442389155, -37.441351802697859 ], [ 143.549503550756725, -37.45283185872016 ], [ 143.619740849506542, -37.46184629855167 ], [ 143.619792900730772, -37.461854982521764 ], [ 143.649323094221586, -37.467946149463955 ], [ 143.657309282628205, -37.468838169055068 ], [ 143.659837980111149, -37.468010469981309 ], [ 143.778832831383369, -37.340179628080854 ], [ 143.754792916980477, -37.289685166311862 ], [ 143.742079750806624, -37.275360050820765 ], [ 143.72602208098661, -37.260852053878345 ], [ 143.725995551385978, -37.26082620591977 ], [ 143.7259714926833, -37.26079885682703 ], [ 143.705457870657199, -37.235526911100514 ], [ 143.705430461209716, -37.235489260600232 ], [ 143.705407727308085, -37.23544966969412 ], [ 143.705389881454636, -37.235408508466136 ], [ 143.70537709045874, -37.235366161678478 ], [ 143.698001822644528, -37.204459737724619 ], [ 143.697992845346363, -37.204402186854587 ], [ 143.695626269008528, -37.172734505187314 ], [ 143.695625897069618, -37.172686285164453 ], [ 143.695631966593822, -37.172638309454292 ], [ 143.695644408057973, -37.172591127497029 ], [ 143.696958785339831, -37.168660766715618 ], [ 143.696976111228821, -37.168617730020827 ], [ 143.696998739409679, -37.168576299571598 ], [ 143.697026442027919, -37.168536892536444 ], [ 143.697058940135122, -37.168499905709247 ], [ 143.699893142241223, -37.165595521674042 ], [ 143.699929282302406, -37.165562016857805 ], [ 143.6999693554136, -37.16553151134849 ], [ 143.700012974905889, -37.165504299493044 ], [ 143.700059719892863, -37.165480643857727 ], [ 143.700109139331516, -37.165460772694736 ], [ 143.704310707353642, -37.163973347270712 ], [ 143.704362271931529, -37.163957463824971 ], [ 143.704415533476464, -37.163945701830208 ], [ 143.704469979058757, -37.163938174558993 ], [ 143.7045250843465, -37.163934954501791 ], [ 143.70458031865499, -37.163936072668982 ], [ 143.709161865634201, -37.164209204911131 ], [ 143.709223496863245, -37.164215630976869 ], [ 143.709283867571116, -37.164227454522845 ], [ 143.709342242088582, -37.164244531468981 ], [ 143.709397909070503, -37.164266653718009 ], [ 143.712606242938534, -37.165723516513381 ], [ 143.712652904320407, -37.165747198426075 ], [ 143.712696440598478, -37.165774426560162 ], [ 143.712736432496882, -37.16580493869742 ], [ 143.712772494872183, -37.165838440992957 ], [ 143.715040130582224, -37.168166951668688 ], [ 143.715076734012314, -37.16820932632627 ], [ 143.715107054698592, -37.168254767460553 ], [ 143.790463714038367, -37.298373316386034 ], [ 143.877413814593325, -37.392545620669807 ], [ 143.877429516805563, -37.39256349032766 ], [ 143.892077013046531, -37.410117685764718 ], [ 143.892101336914379, -37.4101496246832 ], [ 143.892122259061949, -37.410183061646578 ], [ 143.892139635556987, -37.410217766635 ], [ 143.898097131044125, -37.423713786401841 ], [ 143.898112369662812, -37.423754270807144 ], [ 143.898122784324727, -37.423795715960011 ], [ 143.89812828336224, -37.423837757100742 ], [ 143.898128818369969, -37.423880024223671 ], [ 143.898124384630961, -37.423922145333655 ], [ 143.898115021158674, -37.423963749720066 ], [ 143.896144089232763, -37.430845974569088 ], [ 143.913847788134746, -37.561268685959682 ], [ 143.915416709646479, -37.563504796328871 ], [ 143.984055599787808, -37.584139554254698 ], [ 143.989980456309183, -37.585030167751121 ], [ 144.061074629770985, -37.588292515822111 ], [ 144.181345757660097, -37.591134054496017 ], [ 144.181411623251279, -37.591138650743815 ], [ 144.228257811665429, -37.59660647577487 ], [ 144.228306950930829, -37.596613978991691 ], [ 144.228355065879214, -37.596624904551241 ], [ 144.228401780807076, -37.596639167141909 ], [ 144.228446730942608, -37.596656655394952 ], [ 144.23189535945437, -37.59815198983835 ], [ 144.231952585258938, -37.59818044534601 ], [ 144.232005150234755, -37.598214115404915 ], [ 144.259724550088123, -37.618240285499382 ], [ 144.437398653525889, -37.679430465055177 ], [ 144.575209364966838, -37.695710624227615 ], [ 144.575265300953959, -37.695719503368707 ], [ 144.575319831105162, -37.695732803545823 ], [ 144.608060860442379, -37.705169159048452 ], [ 144.608100209291109, -37.705181836558239 ], [ 144.65468371578757, -37.721817063815941 ], [ 144.836400239980833, -37.780956542939897 ], [ 144.836441970254896, -37.780971671322298 ], [ 144.836482024906815, -37.78098942506594 ], [ 144.83931982532863, -37.782369454205643 ], [ 144.839360671892905, -37.782391306642502 ], [ 144.839398977514918, -37.782415887496541 ], [ 144.839434453710908, -37.782443011648212 ], [ 144.839466833304698, -37.782472474824168 ], [ 144.841787529424067, -37.784778898504555 ], [ 144.841820113444328, -37.784814757138037 ], [ 144.841848111958853, -37.784852977830475 ], [ 144.841871255321905, -37.784893192498878 ], [ 144.841889320644015, -37.784935013856781 ], [ 144.842921363208774, -37.787770693552801 ], [ 144.84293417757209, -37.787813718679772 ], [ 144.842941616309389, -37.787857533425921 ], [ 144.842943607772412, -37.787901715832241 ], [ 144.842940132772696, -37.787945840398287 ], [ 144.842526260577102, -37.790879104009733 ], [ 144.842516222709776, -37.790926862123477 ], [ 144.842499784258365, -37.790973489528049 ], [ 144.842477135088387, -37.791018447640113 ], [ 144.842448536805335, -37.791061217157079 ], [ 144.840171895638633, -37.794064071546721 ], [ 144.840137675998534, -37.794104157746389 ], [ 144.84009823268434, -37.79414109819475 ], [ 144.840054021293327, -37.794174466197703 ], [ 144.840005552500173, -37.794203876325447 ], [ 144.836933647261532, -37.795868113807551 ], [ 144.836879250261234, -37.795894166552479 ], [ 144.836821525295392, -37.795915232849815 ], [ 144.71585642124802, -37.833626597076147 ], [ 144.613575831561377, -37.87992175354433 ], [ 144.613517910313362, -37.879944571342925 ], [ 144.61345709325235, -37.879962025229204 ], [ 144.609680012971126, -37.880856845019018 ], [ 144.609624222765063, -37.880867660474003 ], [ 144.609567340254728, -37.880873957911582 ], [ 144.609509946308691, -37.880875673024022 ], [ 144.609452627018356, -37.880872788297125 ], [ 144.605753015490905, -37.880537110882479 ], [ 144.605695335845269, -37.880529476455557 ], [ 144.605638951236472, -37.880517184841821 ], [ 144.605584458568046, -37.880500366163922 ], [ 144.605532434714007, -37.880479198469203 ], [ 144.605483430411311, -37.880453905844831 ], [ 144.600578504559508, -37.877627030822786 ], [ 144.600534248949117, -37.877598735552645 ], [ 144.600493781643252, -37.877567076897215 ], [ 144.6004575076592, -37.877532371716107 ], [ 144.600425790043346, -37.877494967360043 ], [ 144.600398946237732, -37.877455238194237 ], [ 144.600377244902973, -37.877413581851378 ], [ 144.598279125507048, -37.872735177137457 ], [ 144.598263445225143, -37.872694110243287 ], [ 144.598252764794438, -37.872652047107628 ], [ 144.598247181094195, -37.872609369306915 ], [ 144.598246744768261, -37.872566463992797 ], [ 144.598251459766033, -37.872523720380222 ], [ 144.59826128330684, -37.872481526216617 ], [ 144.603957035351584, -37.853205504903627 ], [ 144.603625829634183, -37.850899280398821 ], [ 144.497638215857137, -37.719328238003605 ], [ 144.495875054568046, -37.718115277188083 ], [ 144.493565955873891, -37.717863531867941 ], [ 144.398619605513176, -37.729859019435139 ], [ 144.398554607948768, -37.729864179553701 ], [ 144.398489294429027, -37.729863370396025 ], [ 144.393303404101601, -37.729561183436402 ], [ 144.393249839833118, -37.729556017208147 ], [ 144.393197135972656, -37.729546832001944 ], [ 144.39314576943417, -37.729533710934241 ], [ 144.393096205029707, -37.729516772736737 ], [ 144.393048891263106, -37.729496170682069 ], [ 144.38871634593653, -37.727390677655819 ], [ 144.388661448955133, -37.727360325153313 ], [ 144.388611432303861, -37.727325050788643 ], [ 144.283943890708542, -37.644101732811485 ], [ 144.113703380898613, -37.600297084653171 ], [ 144.028260399146887, -37.599557502700002 ], [ 144.028197410499956, -37.599554134782949 ], [ 143.943106138769934, -37.591161942740023 ], [ 143.943044580532103, -37.591153077651903 ], [ 143.942984627112935, -37.591138862689085 ], [ 143.854782928608813, -37.565886235983221 ], [ 143.854730910306131, -37.565868943440151 ], [ 143.85468131099509, -37.565847617741802 ], [ 143.814355337347763, -37.546372509685071 ], [ 143.814338442286015, -37.54636401682415 ], [ 143.757209166205797, -37.516484508344824 ], [ 143.59184038271988, -37.469564142363417 ], [ 143.562972837932676, -37.464107106890467 ], [ 143.379322626676895, -37.435545190239168 ], [ 143.379272774747676, -37.435535502609476 ], [ 143.379224230493151, -37.435522248679554 ], [ 143.37917739424222, -37.43550553775043 ], [ 143.379132652237729, -37.435485507631995 ], [ 143.375036736523782, -37.433451363693486 ], [ 143.374986783902187, -37.433423462093245 ], [ 143.37494089354135, -37.433391429615213 ], [ 143.37489960011132, -37.433355639474534 ], [ 143.374863384720641, -37.433316508666849 ], [ 143.374832669310962, -37.433274493109707 ], [ 143.372416528645459, -37.429516731454157 ], [ 143.372392147309, -37.429473302728681 ], [ 143.372373645029455, -37.429428065669924 ], [ 143.372361228149117, -37.429381524799624 ], [ 143.372355035140004, -37.429334199179728 ], [ 143.372355135059877, -37.429286616623543 ], [ 143.37260627116234, -37.425615465352436 ], [ 143.372611883134539, -37.425572115561096 ], [ 143.37262272018171, -37.425529400941102 ], [ 143.372638680910143, -37.425487721105277 ], [ 143.37265961599266, -37.425447465984988 ], [ 143.372685329565826, -37.425409012182229 ], [ 143.375224148258781, -37.422018004471077 ] ] ] } },
{ "type": "Feature", "properties": { "MODE": "REGIONAL TRAIN", "transit_time_minutes_nearest_tier": 75.0, "centre": "ballarat", "centre_name": "Ballarat" }, "geometry": { "type": "Polygon", "coordinates": [ [ [ 143.381574000136879, -37.419645098414314 ], [ 143.381623119673947, -37.419636285608327 ], [ 143.38167302790572, -37.419630995884447 ], [ 143.381723328420264, -37.41962927125806 ], [ 143.381773621690058, -37.419631125427451 ], [ 143.38182350824502, -37.419636543665398 ], [ 143.487433902260165, -37.434907513333222 ], [ 143.487499935960443, -37.434920342855939 ], [ 143.487563560200783, -37.434939401949435 ], [ 143.505597220999761, -37.441351221351113 ], [ 143.549503550756725, -37.45283185872016 ], [ 143.619740849506542, -37.46184629855167 ], [ 143.619793316987824, -37.461855068575865 ], [ 143.648971459734838, -37.467892549558734 ], [ 143.67312085845316, -37.471074362121186 ], [ 143.673180522302687, -37.471084884835754 ], [ 143.673238412527581, -37.471100478975131 ], [ 143.683721134025575, -37.474436930208228 ], [ 143.683763138019913, -37.474451903906008 ], [ 143.68380347493536, -37.474469550577979 ], [ 143.700438764339168, -37.482463980081739 ], [ 143.70404201313417, -37.482470509198421 ], [ 143.844749980714511, -37.429293221877842 ], [ 143.846814734849829, -37.427499800896847 ], [ 143.846733922461112, -37.425066033796838 ], [ 143.811889150569584, -37.361309239933256 ], [ 143.784366091689122, -37.345227187302015 ], [ 143.784318649817237, -37.345196157678316 ], [ 143.780645582477121, -37.342514501652893 ], [ 143.780611003738017, -37.342486968667345 ], [ 143.780579535840985, -37.342457151933743 ], [ 143.780551414426952, -37.342425274732207 ], [ 143.780526850076257, -37.342391575772147 ], [ 143.779359465001477, -37.340617667910799 ], [ 143.779333414880654, -37.340572095093961 ], [ 143.779313861877853, -37.340524495061288 ], [ 143.779301047674522, -37.340475456194618 ], [ 143.77202893200888, -37.302055145088751 ], [ 143.772023564372091, -37.302014162849964 ], [ 143.77202290587897, -37.301972960260883 ], [ 143.772026962029003, -37.301931881909255 ], [ 143.772035698892068, -37.301891271343273 ], [ 143.772049043392343, -37.301851468198421 ], [ 143.773232841700576, -37.298872739001951 ], [ 143.773250508237908, -37.29883440362542 ], [ 143.773272448257359, -37.298797504040699 ], [ 143.773298481413718, -37.298762343549285 ], [ 143.773328393718543, -37.298729211157529 ], [ 143.773361939299122, -37.298698379201184 ], [ 143.776535427610867, -37.296035524415579 ], [ 143.776574516021498, -37.296005722577313 ], [ 143.776616994633599, -37.295979045752269 ], [ 143.776662473581922, -37.295955738776172 ], [ 143.776710535465725, -37.295936015556578 ], [ 143.776760739179707, -37.295920057109797 ], [ 143.780910128662811, -37.294781677036603 ], [ 143.780970038191242, -37.29476814241103 ], [ 143.781031449960807, -37.294759965789893 ], [ 143.781093615616612, -37.294757246812225 ], [ 143.78115577761767, -37.294760018611115 ], [ 143.785043564738118, -37.295106076899629 ], [ 143.785099493526246, -37.295113342410183 ], [ 143.785154227528636, -37.295125054760724 ], [ 143.785207214269661, -37.29514109572888 ], [ 143.785257918909224, -37.295161303399951 ], [ 143.785305829641345, -37.295185473801034 ], [ 143.789801490657055, -37.297714287664277 ], [ 143.789849095596168, -37.297744244461391 ], [ 143.789892402641584, -37.297778108669206 ], [ 143.789930911840599, -37.297815489351343 ], [ 143.877413780546732, -37.392545583857711 ], [ 143.877429768960354, -37.392563792871407 ], [ 143.892115480979214, -37.410194575710292 ], [ 143.892139720527695, -37.410226454900695 ], [ 143.892160572836218, -37.410259823590117 ], [ 143.892177895112212, -37.410294453283342 ], [ 143.898097174840473, -37.423713885635486 ], [ 143.89811239628466, -37.423754355865213 ], [ 143.898122797534739, -37.423795785298559 ], [ 143.898128287116975, -37.423837809616209 ], [ 143.898128816749249, -37.423880059267006 ], [ 143.898124381765797, -37.423922162717709 ], [ 143.898115021158674, -37.423963749720066 ], [ 143.896144089232763, -37.430845974569088 ], [ 143.913846187763198, -37.561256916683831 ], [ 143.91577400665679, -37.563707075881702 ], [ 143.984055172363924, -37.584139489993767 ], [ 143.989980456309183, -37.585030167751121 ], [ 144.061074629770985, -37.588292515822111 ], [ 144.181345757660097, -37.591134054496017 ], [ 144.181412032838807, -37.591138698755771 ], [ 144.228470262892444, -37.596659200370013 ], [ 144.228520902538776, -37.59666702035377 ], [ 144.228570437640059, -37.59667847477543 ], [ 144.228618457090789, -37.596693468571615 ], [ 144.228664562363718, -37.596711877304827 ], [ 144.231901149242816, -37.598154535181621 ], [ 144.231956592728011, -37.598182733967256 ], [ 144.23200755031192, -37.598215860140044 ], [ 144.25929781203817, -37.618160732947835 ], [ 144.309772174953423, -37.646714967307936 ], [ 144.437907300546613, -37.679599119523793 ], [ 144.575208820445994, -37.695710560442862 ], [ 144.575265034120463, -37.695719449848788 ], [ 144.575319831105162, -37.695732803545823 ], [ 144.608060860442379, -37.705169159048452 ], [ 144.608100239444411, -37.705181847335261 ], [ 144.654647965419002, -37.721806898574684 ], [ 144.654670688052335, -37.721815494263709 ], [ 144.775772161088952, -37.770180992871431 ], [ 144.77582499714859, -37.770204951691504 ], [ 144.77587429815938, -37.770233263135253 ], [ 144.778747815424452, -37.772077400570858 ], [ 144.778785354369319, -37.772103748897621 ], [ 144.778819819193302, -37.77213262283351 ], [ 144.778850941230417, -37.772163797298582 ], [ 144.778878477871615, -37.772197029279262 ], [ 144.780423418964659, -37.774253814174621 ], [ 144.780450124341854, -37.774293805740847 ], [ 144.780471639476957, -37.774335722476181 ], [ 144.78048774718917, -37.77437914127632 ], [ 144.780498284878746, -37.774423623874476 ], [ 144.780503146168797, -37.774468721265194 ], [ 144.780728502439274, -37.779562540878672 ], [ 144.780727439963016, -37.779610110139267 ], [ 144.780720062854869, -37.779657325201221 ], [ 144.780706453378485, -37.779703659484184 ], [ 144.780686763306704, -37.779748596230021 ], [ 144.780661212229319, -37.779791634266161 ], [ 144.779004091574194, -37.782238631962457 ], [ 144.778976265286246, -37.782275406600419 ], [ 144.778944158195259, -37.782309914014874 ], [ 144.778908061398312, -37.78234184134034 ], [ 144.778868302166813, -37.782370899103739 ], [ 144.776015667439651, -37.784264613437955 ], [ 144.775975607688451, -37.784288890503518 ], [ 144.775932992377221, -37.784310251560775 ], [ 144.775888157505676, -37.784328528187878 ], [ 144.775841456574426, -37.784343576282197 ], [ 144.772998192455702, -37.785144953665927 ], [ 144.772950985793216, -37.785156449410898 ], [ 144.77290269890139, -37.785164645678421 ], [ 144.772853697176032, -37.78516948044583 ], [ 144.772804351422479, -37.785170917127495 ], [ 144.769054566722701, -37.78515050255394 ], [ 144.769002316498586, -37.785148303352528 ], [ 144.768950543405424, -37.785142295169962 ], [ 144.768899687340621, -37.785132529055637 ], [ 144.768850180409515, -37.785119087988676 ], [ 144.731922766013525, -37.773551243103483 ], [ 144.731860182609893, -37.773528038375247 ], [ 144.646515227899727, -37.736656450411104 ], [ 144.535941421650335, -37.720137568868573 ], [ 144.397734065966972, -37.729949404441626 ], [ 144.39767720164744, -37.729951132106137 ], [ 144.39762040553569, -37.729948325828211 ], [ 144.393281325179203, -37.729559551221001 ], [ 144.393220287799863, -37.729551381839627 ], [ 144.393160734597387, -37.729537978815962 ], [ 144.393103374736739, -37.729519501754559 ], [ 144.393048891263106, -37.729496170682069 ], [ 144.38871634593653, -37.727390677655819 ], [ 144.388660687913472, -37.72735984825966 ], [ 144.388610063340082, -37.727323960388183 ], [ 144.285259628443157, -37.644585624413303 ], [ 144.277596871793435, -37.640526014702068 ], [ 144.115409214882021, -37.600362637587956 ], [ 144.028259979399479, -37.599557498793011 ], [ 144.02819904455157, -37.599554293425136 ], [ 143.944522215082543, -37.591498585364938 ], [ 143.944460055358235, -37.591489756536028 ], [ 143.944399517600601, -37.59147547509032 ], [ 143.854783377153211, -37.565886364442882 ], [ 143.8547311254178, -37.565869025145808 ], [ 143.85468131099509, -37.565847617741802 ], [ 143.814355337347763, -37.546372509685071 ], [ 143.814340840411717, -37.546365263106722 ], [ 143.751880648995609, -37.514054218518375 ], [ 143.592454753318691, -37.469697769766803 ], [ 143.563161450607879, -37.46413790921644 ], [ 143.563118452394747, -37.464128296759299 ], [ 143.522454801490596, -37.453631650898835 ], [ 143.380244777245451, -37.435732288089433 ], [ 143.38019627001205, -37.435724401372568 ], [ 143.380148814685072, -37.435713159211097 ], [ 143.380102775553354, -37.435698647905134 ], [ 143.38005850603372, -37.435680978850115 ], [ 143.375060629317176, -37.433462590856976 ], [ 143.375016049345561, -37.433440581465497 ], [ 143.374974219834996, -37.433415371453663 ], [ 143.374935500999641, -37.433387177918803 ], [ 143.374900226264856, -37.433356243650699 ], [ 143.374868699395876, -37.43332283504084 ], [ 143.374841191881956, -37.43328723978815 ], [ 143.374817940598575, -37.433249764421568 ], [ 143.372252233313048, -37.428580823068565 ], [ 143.372230806776486, -37.428535289891833 ], [ 143.372215659010948, -37.428488180245729 ], [ 143.372206966491916, -37.428440043006873 ], [ 143.372204830483867, -37.428391439023379 ], [ 143.372209275860854, -37.428342934580428 ], [ 143.372677932192232, -37.425414716942143 ], [ 143.372687438344798, -37.425371895089555 ], [ 143.372702076596141, -37.425330003582317 ], [ 143.372721710571597, -37.425289432671477 ], [ 143.372746157358364, -37.425250560305138 ], [ 143.374731650550387, -37.422440528105497 ], [ 143.374761730197378, -37.422402521284049 ], [ 143.374796407866455, -37.42236709363474 ], [ 143.374835338494762, -37.422334597677072 ], [ 143.374878134702158, -37.422305356758521 ], [ 143.377805521861177, -37.420498980833301 ], [ 143.377850980633326, -37.420473671919737 ], [ 143.377899330799011, -37.420452038635503 ], [ 143.377950106724569, -37.420434289317804 ], [ 143.378002819416537, -37.420420594899561 ], [ 143.381574000136879, -37.419645098414314 ] ] ] } },
{ "type": "Feature", "properties": { "MODE": "REGIONAL TRAIN", "transit_time_minutes_nearest_tier": 60.0, "centre": "ballarat", "centre_name": "Ballarat" }, "geometry": { "type": "Polygon", "coordinates": [ [ [ 143.784889356637365, -37.345993519812211 ], [ 143.780472097031378, -37.34234847365861 ], [ 143.78043817308739, -37.342317806483926 ], [ 143.78040787337514, -37.342284808731108 ], [ 143.780381447743736, -37.342249752502404 ], [ 143.780359114095376, -37.342212926873948 ], [ 143.779033974862614, -37.339748426065569 ], [ 143.779017075212408, -37.339712940463727 ], [ 143.779003976955579, -37.339676444913515 ], [ 143.77899477307605, -37.339639198510596 ], [ 143.772008046083613, -37.303363357291325 ], [ 143.772002535083828, -37.30332225261504 ], [ 143.772001763295691, -37.303280917459986 ], [ 143.772005737208048, -37.303239699771545 ], [ 143.772458224621062, -37.300309835909822 ], [ 143.772467689311327, -37.300266269265443 ], [ 143.772482453857435, -37.300223653510891 ], [ 143.772502376060686, -37.300182399057249 ], [ 143.772527264052314, -37.300142903204993 ], [ 143.774348733394021, -37.297574369438763 ], [ 143.774378345588673, -37.297537012074038 ], [ 143.774412398587145, -37.297502153372086 ], [ 143.774450564438126, -37.297470129037698 ], [ 143.774492475583173, -37.297441247478979 ], [ 143.777405539430617, -37.295625024111217 ], [ 143.777450790187999, -37.295599562351576 ], [ 143.777498946878438, -37.295577766636256 ], [ 143.777549545731574, -37.295559846866766 ], [ 143.777602099459074, -37.29554597561755 ], [ 143.78116331053576, -37.294758503220137 ], [ 143.781224138291321, -37.294747900261086 ], [ 143.781286058233945, -37.294742718302722 ], [ 143.781348315816587, -37.294743020491666 ], [ 143.781410152378015, -37.294748803145453 ], [ 143.785944617603889, -37.295377077606673 ], [ 143.785998621569291, -37.295386761092082 ], [ 143.786051177463435, -37.295400626835203 ], [ 143.786101779151949, -37.295418541303569 ], [ 143.786149939319216, -37.295440331973801 ], [ 143.786195194161365, -37.295465788992928 ], [ 143.789823728256721, -37.29772745926153 ], [ 143.789862758543734, -37.29775415712151 ], [ 143.789898585522479, -37.297783581889078 ], [ 143.789930911840599, -37.297815489351343 ], [ 143.877413780546732, -37.392545583857711 ], [ 143.877429768960354, -37.392563792871407 ], [ 143.892115480979214, -37.410194575710292 ], [ 143.89214861707174, -37.410239856814194 ], [ 143.892174934361634, -37.410287901951108 ], [ 143.897793102779048, -37.422422462872944 ], [ 143.897809171736128, -37.422462937215371 ], [ 143.897820392890992, -37.422504438122225 ], [ 143.897826666608836, -37.422546597128623 ], [ 143.89782793718021, -37.422589039926024 ], [ 143.897699843870868, -37.426980245066702 ], [ 143.897696113384768, -37.427022502374008 ], [ 143.897687423070977, -37.427064293503491 ], [ 143.897673849741267, -37.42710524903368 ], [ 143.897655513372342, -37.427145006928946 ], [ 143.897632576045595, -37.427183215739916 ], [ 143.897605240514594, -37.427219537710194 ], [ 143.894158720857234, -37.431345878702068 ], [ 143.858708017866576, -37.486524145740269 ], [ 143.858287767116138, -37.488335892974625 ], [ 143.904716031783067, -37.557256964459235 ], [ 143.91412702357519, -37.563270221646583 ], [ 143.984054922773993, -37.584139452469266 ], [ 143.989980456309183, -37.585030167751121 ], [ 144.061074629770985, -37.588292515822111 ], [ 144.181345757660097, -37.591134054496017 ], [ 144.181411623251279, -37.591138650743815 ], [ 144.228257811665429, -37.59660647577487 ], [ 144.228306950930829, -37.596613978991691 ], [ 144.228355065879214, -37.596624904551241 ], [ 144.228401780807076, -37.596639167141909 ], [ 144.228446730942608, -37.596656655394952 ], [ 144.23189535945437, -37.59815198983835 ], [ 144.231953908563554, -37.598181196421294 ], [ 144.23200755031192, -37.598215860140044 ], [ 144.25929781203817, -37.618160732947835 ], [ 144.309772174953423, -37.646714967307936 ], [ 144.437907234084832, -37.679599102510331 ], [ 144.574996123924905, -37.695658484424897 ], [ 144.575054557369896, -37.69566781056588 ], [ 144.575111435917478, -37.695681959312587 ], [ 144.609719965845045, -37.705900435804182 ], [ 144.60976649068607, -37.705916071071655 ], [ 144.609811079536229, -37.705934933935083 ], [ 144.609853378537537, -37.70595687469897 ], [ 144.609893052003201, -37.705981719241493 ], [ 144.60992978508196, -37.706009270396272 ], [ 144.612515103170693, -37.708129076325591 ], [ 144.612550788746915, -37.708161270009626 ], [ 144.612582458518489, -37.708196014238659 ], [ 144.612609825347988, -37.708232994006536 ], [ 144.612632641109201, -37.70827187403836 ], [ 144.613957712451338, -37.710842839705691 ], [ 144.613975771601218, -37.710883267257557 ], [ 144.613988908942588, -37.710924876085166 ], [ 144.61399700535776, -37.71096728894279 ], [ 144.613999987432067, -37.711010121294237 ], [ 144.614028326828901, -37.713961720817466 ], [ 144.614026474933837, -37.714001697347719 ], [ 144.614020166415969, -37.714041385779296 ], [ 144.614009451007348, -37.714080473191665 ], [ 144.613994413186305, -37.714118651402416 ], [ 144.612967354999313, -37.716370056973233 ], [ 144.612945131246903, -37.71641202062321 ], [ 144.612917689635708, -37.716451988292 ], [ 144.612885310381444, -37.716489551844504 ], [ 144.612848324122638, -37.716524327694998 ], [ 144.609686758251485, -37.719208986227244 ], [ 144.609646786161107, -37.719239751485333 ], [ 144.609603210320415, -37.719267256345475 ], [ 144.609556450390699, -37.719291235917353 ], [ 144.60950695669959, -37.719311459261171 ], [ 144.609455205903913, -37.71932773161209 ], [ 144.605073633712635, -37.720511352936327 ], [ 144.605012550589919, -37.720524878095802 ], [ 144.604949948508562, -37.720532902275714 ], [ 144.604886610039216, -37.720535325168115 ], [ 144.536435687838463, -37.720090980633707 ], [ 144.397734122987458, -37.729949400424644 ], [ 144.397684744796493, -37.729951163849826 ], [ 144.397635360787376, -37.729949506382702 ], [ 144.393893537638064, -37.729693781726219 ], [ 144.393832699106326, -37.729686970327641 ], [ 144.393773145031247, -37.729674972670004 ], [ 144.393715574130965, -37.729657929515888 ], [ 144.393660661854796, -37.729636040824083 ], [ 144.388730859247346, -37.727397497755554 ], [ 144.388687900756423, -37.727375905113398 ], [ 144.38864754897179, -37.727351344125346 ], [ 144.388610128044945, -37.727324012094698 ], [ 144.284922603914993, -37.644342245662095 ], [ 144.221495230758762, -37.611777027511287 ], [ 144.121719308787618, -37.600018541472089 ], [ 144.028332033743141, -37.59956088591418 ], [ 144.028268978262304, -37.599557747952922 ], [ 143.946326049920458, -37.591781077801713 ], [ 143.946264090474159, -37.591772374225215 ], [ 143.946203727161759, -37.591758254130006 ], [ 143.854596376459057, -37.565805268231557 ], [ 143.854543384392599, -37.565787772665701 ], [ 143.854492889467537, -37.565766096912554 ], [ 143.814420636110412, -37.546404552341379 ], [ 143.814364736772291, -37.546373721253516 ], [ 143.814313886027264, -37.546337773760186 ], [ 143.811694700585662, -37.544248962269236 ], [ 143.811660816648526, -37.544219424817115 ], [ 143.811630356857933, -37.544187610583613 ], [ 143.811603561352911, -37.544153770390508 ], [ 143.811580641382477, -37.544118171031705 ], [ 143.810328776987546, -37.541940649113542 ], [ 143.810309561372719, -37.541902775174933 ], [ 143.810294732621827, -37.541863671108835 ], [ 143.810284412616568, -37.541823658340753 ], [ 143.810278686177469, -37.541783065765046 ], [ 143.810277600366845, -37.541742227041404 ], [ 143.810410951221115, -37.537351276662818 ], [ 143.810416092502976, -37.53730060601336 ], [ 143.810428369174275, -37.537250719104165 ], [ 143.810447624930134, -37.537202251032397 ], [ 143.845067981250935, -37.464512124215737 ], [ 143.846980564357864, -37.448192823600074 ], [ 143.784889356637365, -37.345993519812211 ] ] ] } },
{ "type": "Feature", "properties": { "MODE": "REGIONAL TRAIN", "transit_time_minutes_nearest_tier": 45.0, "centre": "ballarat", "centre_name": "Ballarat" }, "geometry": { "type": "Polygon", "coordinates": [ [ [ 143.815176910831156, -37.532722075683843 ], [ 143.849426384123831, -37.496017041334497 ], [ 143.848661972225926, -37.480217729511416 ], [ 143.845050249594379, -37.465780390413322 ], [ 143.845042329713323, -37.465738574893486 ], [ 143.845039363216387, -37.465696351695051 ], [ 143.845041376229091, -37.465654092789606 ], [ 143.849265699772502, -37.426067399739281 ], [ 143.849274089734593, -37.426019439160498 ], [ 143.849288885258687, -37.425972473677504 ], [ 143.849309915428051, -37.425927045794587 ], [ 143.849336937310085, -37.42588368025411 ], [ 143.84936963876271, -37.425842877975221 ], [ 143.851770357927677, -37.423174981873608 ], [ 143.851803259116195, -37.423141820955216 ], [ 143.851839913376068, -37.423111266087908 ], [ 143.851879997839973, -37.42308358640927 ], [ 143.851923159427258, -37.423059025731099 ], [ 143.851969017954218, -37.423037800391683 ], [ 143.856416021825964, -37.421196224063415 ], [ 143.856466358272712, -37.421177816492047 ], [ 143.85651871247947, -37.421163427871484 ], [ 143.856572581414071, -37.421153196450945 ], [ 143.886222896131528, -37.416729769788084 ], [ 143.886279118246534, -37.416723686833606 ], [ 143.886335821798212, -37.416722132874675 ], [ 143.890199936539005, -37.416771063858718 ], [ 143.890261549864846, -37.416774536840762 ], [ 143.890322319491929, -37.41678335449722 ], [ 143.890381518879167, -37.416797411407181 ], [ 143.890438440257782, -37.416816539510982 ], [ 143.894388707014031, -37.41835184082759 ], [ 143.89443616648785, -37.418372585164306 ], [ 143.894480919393828, -37.418396856555603 ], [ 143.894522554994325, -37.41842443224261 ], [ 143.894560691160819, -37.418455059139909 ], [ 143.894594977880644, -37.418488456158215 ], [ 143.897341301125579, -37.421441357857752 ], [ 143.897372106175283, -37.421478119996678 ], [ 143.897398245005718, -37.421517113289262 ], [ 143.897419465880347, -37.421557962211807 ], [ 143.897435564423944, -37.421600273369478 ], [ 143.897446385590797, -37.421643639284717 ], [ 143.898123277931603, -37.425280404116549 ], [ 143.898128718152094, -37.425324407074868 ], [ 143.898128724119715, -37.425368623412716 ], [ 143.898123295767505, -37.425412627302613 ], [ 143.89811248536418, -37.425455994962313 ], [ 143.89809639701113, -37.425498308736131 ], [ 143.896543709885549, -37.428960122447712 ], [ 143.896524289201153, -37.428997921928449 ], [ 143.896500655455526, -37.429034163346998 ], [ 143.89647300290693, -37.429068548807173 ], [ 143.896441558847982, -37.429100795667942 ], [ 143.896406581737835, -37.429130638866795 ], [ 143.893603585943083, -37.431314643259057 ], [ 143.893555182450314, -37.43134828822155 ], [ 143.89350230448693, -37.431377336287994 ], [ 143.893445634996056, -37.43140141228686 ], [ 143.888247549196535, -37.43331567730705 ], [ 143.854657131589761, -37.459375207910313 ], [ 143.853382493889796, -37.461948452461662 ], [ 143.854039203735994, -37.472776501321789 ], [ 143.857663617241968, -37.486424961130496 ], [ 143.857671967573054, -37.486465402952703 ], [ 143.857675671474851, -37.486506282120544 ], [ 143.857674698290367, -37.486547260362563 ], [ 143.855049782204617, -37.518957347147868 ], [ 143.894053164824669, -37.554614519922261 ], [ 143.90507454361483, -37.557980763725098 ], [ 143.905127893040941, -37.557999621662084 ], [ 143.905178518779763, -37.558022753947007 ], [ 143.905225882280547, -37.558049914502419 ], [ 143.918398326891349, -37.566456230203713 ], [ 143.972778116683656, -37.584743364702874 ], [ 143.98485618948169, -37.584325196416586 ], [ 143.984907433815749, -37.584325267014258 ], [ 143.984958460210009, -37.584329024795544 ], [ 143.985008850613269, -37.584336438973523 ], [ 143.992931259293982, -37.585799696007008 ], [ 144.051130671737781, -37.590039349046549 ], [ 144.065556853106301, -37.588043530268848 ], [ 144.06561749756591, -37.588037796827166 ], [ 144.065678565253819, -37.588037294686494 ], [ 144.138358615294891, -37.590539954436828 ], [ 144.181520506131903, -37.591146012025966 ], [ 144.18159350040321, -37.591150793869325 ], [ 144.228470398558557, -37.596659216270794 ], [ 144.228519394660907, -37.596666731964774 ], [ 144.228567368960938, -37.596677650605578 ], [ 144.228613948911885, -37.596691887404006 ], [ 144.22865877279429, -37.596709331803616 ], [ 144.231724785160367, -37.598038762730681 ], [ 144.23177084695547, -37.598061060261649 ], [ 144.231814034611546, -37.598086742454697 ], [ 144.231853956569211, -37.598115576464885 ], [ 144.231890250876006, -37.598147300871332 ], [ 144.234254193417058, -37.600422274901568 ], [ 144.23428448040633, -37.600454208190165 ], [ 144.234311087735421, -37.600488153187754 ], [ 144.234333805618121, -37.600523842260465 ], [ 144.234352454933088, -37.600560994023198 ], [ 144.235343665285995, -37.602822199742043 ], [ 144.23535809992174, -37.6028605211268 ], [ 144.235368205020791, -37.602899710177603 ], [ 144.235373900903937, -37.602939457913003 ], [ 144.235375142655585, -37.602979450946108 ], [ 144.235302004460777, -37.60593068070115 ], [ 144.235297502854849, -37.60597917965471 ], [ 144.235286456965468, -37.606027010066768 ], [ 144.235268995476503, -37.606073614663622 ], [ 144.235245321821054, -37.606118450452648 ], [ 144.235215711811946, -37.606160995048754 ], [ 144.231813936124951, -37.610480524041336 ], [ 144.231779549028175, -37.610519453360723 ], [ 144.231740192975252, -37.610555280645066 ], [ 144.231696306894008, -37.610587606315917 ], [ 144.23164838023726, -37.610616069847609 ], [ 144.231596947523855, -37.610640353788213 ], [ 144.228503745372848, -37.611930149400244 ], [ 144.228454844078698, -37.611948233195243 ], [ 144.22840400237493, -37.611962535047105 ], [ 144.228351681225803, -37.61197292528567 ], [ 144.228298355009827, -37.611979309706058 ], [ 144.224606972459242, -37.612279081650819 ], [ 144.224550932130398, -37.612281408591521 ], [ 144.224494877421819, -37.612279312261514 ], [ 144.224439358674061, -37.612272813242363 ], [ 144.224384920965207, -37.612261975340822 ], [ 144.224332098759305, -37.612246904962461 ], [ 144.204705768881496, -37.605755363275016 ], [ 144.157805113871234, -37.599151850593216 ], [ 144.115294703612733, -37.600296954510348 ], [ 144.115239707334297, -37.600296299579327 ], [ 144.115185050359742, -37.600291402483336 ], [ 144.102799379208619, -37.598693095914435 ], [ 144.046726914979786, -37.597093478575673 ], [ 144.033764558538252, -37.599326473980227 ], [ 144.033720549166617, -37.599332617664452 ], [ 144.033676067982498, -37.599335981336537 ], [ 144.028484416166492, -37.599564502772893 ], [ 144.028434984483198, -37.599564957995256 ], [ 144.028385691274565, -37.599561981155759 ], [ 143.944776188925118, -37.591549631046682 ], [ 143.944708220250732, -37.591539713213749 ], [ 143.944642276127553, -37.591523280660425 ], [ 143.9406443869442, -37.590309228546836 ], [ 143.94058663306177, -37.59028867848366 ], [ 143.940532120884313, -37.590263129493273 ], [ 143.91901614981785, -37.578840870280324 ], [ 143.854646820753402, -37.565817507562514 ], [ 143.854592308236448, -37.56580409975394 ], [ 143.854539768468527, -37.565786391461295 ], [ 143.854489735337495, -37.565764562629489 ], [ 143.81282377752683, -37.545334853444643 ], [ 143.812777970978601, -37.54530982907557 ], [ 143.812735466945583, -37.545281348948599 ], [ 143.812696675087295, -37.54524968756153 ], [ 143.812661969283084, -37.545215150073489 ], [ 143.81263168402873, -37.545178069363686 ], [ 143.810416115505632, -37.542149669688982 ], [ 143.81039110557424, -37.542111375029869 ], [ 143.810370812524127, -37.542071350443273 ], [ 143.810355422597922, -37.542029963275994 ], [ 143.810345077036459, -37.541987593380014 ], [ 143.810339870782741, -37.541944629626158 ], [ 143.810117085504203, -37.538272432759861 ], [ 143.81011693552864, -37.538231585011808 ], [ 143.810121432057855, -37.538190894324941 ], [ 143.810130538124355, -37.538150695164312 ], [ 143.810144178871866, -37.538111317954154 ], [ 143.810162242171089, -37.538073086362061 ], [ 143.811709178222173, -37.535201099745677 ], [ 143.811731110702823, -37.535164922448551 ], [ 143.811757002617185, -37.535130444716593 ], [ 143.811786648115998, -37.535097940652186 ], [ 143.811819811509451, -37.535067668666564 ], [ 143.811856229140943, -37.535039869425319 ], [ 143.815176910831156, -37.532722075683843 ] ] ] } },
{ "type": "Feature", "properties": { "MODE": "REGIONAL TRAIN", "transit_time_minutes_nearest_tier": 30.0, "centre": "ballarat", "centre_name": "Ballarat" }, "geometry": { "type": "Polygon", "coordinates": [ [ [ 143.815176910831156, -37.532722075683843 ], [ 143.849426384123831, -37.496017041334497 ], [ 143.848661972225926, -37.480217729511416 ], [ 143.845050249594379, -37.465780390413322 ], [ 143.845042329713323, -37.465738574893486 ], [ 143.845039363216387, -37.465696351695051 ], [ 143.845041376229091, -37.465654092789606 ], [ 143.849265699772502, -37.426067399739281 ], [ 143.849274089734593, -37.426019439160498 ], [ 143.849288885258687, -37.425972473677504 ], [ 143.849309915428051, -37.425927045794587 ], [ 143.849336937310085, -37.42588368025411 ], [ 143.84936963876271, -37.425842877975221 ], [ 143.851770357927677, -37.423174981873608 ], [ 143.851803259116195, -37.423141820955216 ], [ 143.851839913376068, -37.423111266087908 ], [ 143.851879997839973, -37.42308358640927 ], [ 143.851923159427258, -37.423059025731099 ], [ 143.851969017954218, -37.423037800391683 ], [ 143.856416021825964, -37.421196224063415 ], [ 143.856466358272712, -37.421177816492047 ], [ 143.85651871247947, -37.421163427871484 ], [ 143.856572581414071, -37.421153196450945 ], [ 143.886222896131528, -37.416729769788084 ], [ 143.886279118246534, -37.416723686833606 ], [ 143.886335821798212, -37.416722132874675 ], [ 143.890199936539005, -37.416771063858718 ], [ 143.890261549864846, -37.416774536840762 ], [ 143.890322319491929, -37.41678335449722 ], [ 143.890381518879167, -37.416797411407181 ], [ 143.890438440257782, -37.416816539510982 ], [ 143.894388707014031, -37.41835184082759 ], [ 143.89443616648785, -37.418372585164306 ], [ 143.894480919393828, -37.418396856555603 ], [ 143.894522554994325, -37.41842443224261 ], [ 143.894560691160819, -37.418455059139909 ], [ 143.894594977880644, -37.418488456158215 ], [ 143.897341301125579, -37.421441357857752 ], [ 143.897372106175283, -37.421478119996678 ], [ 143.897398245005718, -37.421517113289262 ], [ 143.897419465880347, -37.421557962211807 ], [ 143.897435564423944, -37.421600273369478 ], [ 143.897446385590797, -37.421643639284717 ], [ 143.898123277931603, -37.425280404116549 ], [ 143.898128718152094, -37.425324407074868 ], [ 143.898128724119715, -37.425368623412716 ], [ 143.898123295767505, -37.425412627302613 ], [ 143.89811248536418, -37.425455994962313 ], [ 143.89809639701113, -37.425498308736131 ], [ 143.896543709885549, -37.428960122447712 ], [ 143.896524289201153, -37.428997921928449 ], [ 143.896500655455526, -37.429034163346998 ], [ 143.89647300290693, -37.429068548807173 ], [ 143.896441558847982, -37.429100795667942 ], [ 143.896406581737835, -37.429130638866795 ], [ 143.893603585943083, -37.431314643259057 ], [ 143.893555182450314, -37.43134828822155 ], [ 143.89350230448693, -37.431377336287994 ], [ 143.893445634996056, -37.43140141228686 ], [ 143.888247549196535, -37.43331567730705 ], [ 143.854657131589761, -37.459375207910313 ], [ 143.853382493889796, -37.461948452461662 ], [ 143.854039203735994, -37.472776501321789 ], [ 143.857663617241968, -37.486424961130496 ], [ 143.857671967573054, -37.486465402952703 ], [ 143.857675671474851, -37.486506282120544 ], [ 143.857674698290367, -37.486547260362563 ], [ 143.855049782204617, -37.518957347147868 ], [ 143.894053164824669, -37.554614519922261 ], [ 143.90507454361483, -37.557980763725098 ], [ 143.905127893040941, -37.557999621662084 ], [ 143.905178518779763, -37.558022753947007 ], [ 143.905225882280547, -37.558049914502419 ], [ 143.918398326891349, -37.566456230203713 ], [ 143.972778116683656, -37.584743364702874 ], [ 143.98485618948169, -37.584325196416586 ], [ 143.984907433815749, -37.584325267014258 ], [ 143.984958460210009, -37.584329024795544 ], [ 143.985008850613269, -37.584336438973523 ], [ 143.992931259293982, -37.585799696007008 ], [ 144.051130671737781, -37.590039349046549 ], [ 144.065556853106301, -37.588043530268848 ], [ 144.06561749756591, -37.588037796827166 ], [ 144.065678565253819, -37.588037294686494 ], [ 144.138358615294891, -37.590539954436828 ], [ 144.181520506131903, -37.591146012025966 ], [ 144.18159350040321, -37.591150793869325 ], [ 144.228470398558557, -37.596659216270794 ], [ 144.228519394660907, -37.596666731964774 ], [ 144.228567368960938, -37.596677650605578 ], [ 144.228613948911885, -37.596691887404006 ], [ 144.22865877279429, -37.596709331803616 ], [ 144.231724785160367, -37.598038762730681 ], [ 144.23177084695547, -37.598061060261649 ], [ 144.231814034611546, -37.598086742454697 ], [ 144.231853956569211, -37.598115576464885 ], [ 144.231890250876006, -37.598147300871332 ], [ 144.234254193417058, -37.600422274901568 ], [ 144.23428448040633, -37.600454208190165 ], [ 144.234311087735421, -37.600488153187754 ], [ 144.234333805618121, -37.600523842260465 ], [ 144.234352454933088, -37.600560994023198 ], [ 144.235343665285995, -37.602822199742043 ], [ 144.23535809992174, -37.6028605211268 ], [ 144.235368205020791, -37.602899710177603 ], [ 144.235373900903937, -37.602939457913003 ], [ 144.235375142655585, -37.602979450946108 ], [ 144.235302004460777, -37.60593068070115 ], [ 144.235297502854849, -37.60597917965471 ], [ 144.235286456965468, -37.606027010066768 ], [ 144.235268995476503, -37.606073614663622 ], [ 144.235245321821054, -37.606118450452648 ], [ 144.235215711811946, -37.606160995048754 ], [ 144.231813936124951, -37.610480524041336 ], [ 144.231779549028175, -37.610519453360723 ], [ 144.231740192975252, -37.610555280645066 ], [ 144.231696306894008, -37.610587606315917 ], [ 144.23164838023726, -37.610616069847609 ], [ 144.231596947523855, -37.610640353788213 ], [ 144.228503745372848, -37.611930149400244 ], [ 144.228454844078698, -37.611948233195243 ], [ 144.22840400237493, -37.611962535047105 ], [ 144.228351681225803, -37.61197292528567 ], [ 144.228298355009827, -37.611979309706058 ], [ 144.224606972459242, -37.612279081650819 ], [ 144.224550932130398, -37.612281408591521 ], [ 144.224494877421819, -37.612279312261514 ], [ 144.224439358674061, -37.612272813242363 ], [ 144.224384920965207, -37.612261975340822 ], [ 144.224332098759305, -37.612246904962461 ], [ 144.204705768881496, -37.605755363275016 ], [ 144.157805113871234, -37.599151850593216 ], [ 144.115294703612733, -37.600296954510348 ], [ 144.115239707334297, -37.600296299579327 ], [ 144.115185050359742, -37.600291402483336 ], [ 144.102799379208619, -37.598693095914435 ], [ 144.046726914979786, -37.597093478575673 ], [ 144.033764558538252, -37.599326473980227 ], [ 144.033720549166617, -37.599332617664452 ], [ 144.033676067982498, -37.599335981336537 ], [ 144.028484416166492, -37.599564502772893 ], [ 144.028434984483198, -37.599564957995256 ], [ 144.028385691274565, -37.599561981155759 ], [ 143.944776188925118, -37.591549631046682 ], [ 143.944708220250732, -37.591539713213749 ], [ 143.944642276127553, -37.591523280660425 ], [ 143.9406443869442, -37.590309228546836 ], [ 143.94058663306177, -37.59028867848366 ], [ 143.940532120884313, -37.590263129493273 ], [ 143.91901614981785, -37.578840870280324 ], [ 143.854646820753402, -37.565817507562514 ], [ 143.854592308236448, -37.56580409975394 ], [ 143.854539768468527, -37.565786391461295 ], [ 143.854489735337495, -37.565764562629489 ], [ 143.81282377752683, -37.545334853444643 ], [ 143.812777970978601, -37.54530982907557 ], [ 143.812735466945583, -37.545281348948599 ], [ 143.812696675087295, -37.54524968756153 ], [ 143.812661969283084, -37.545215150073489 ], [ 143.81263168402873, -37.545178069363686 ], [ 143.810416115505632, -37.542149669688982 ], [ 143.81039110557424, -37.542111375029869 ], [ 143.810370812524127, -37.542071350443273 ], [ 143.810355422597922, -37.542029963275994 ], [ 143.810345077036459, -37.541987593380014 ], [ 143.810339870782741, -37.541944629626158 ], [ 143.810117085504203, -37.538272432759861 ], [ 143.81011693552864, -37.538231585011808 ], [ 143.810121432057855, -37.538190894324941 ], [ 143.810130538124355, -37.538150695164312 ], [ 143.810144178871866, -37.538111317954154 ], [ 143.810162242171089, -37.538073086362061 ], [ 143.811709178222173, -37.535201099745677 ], [ 143.811731110702823, -37.535164922448551 ], [ 143.811757002617185, -37.535130444716593 ], [ 143.811786648115998, -37.535097940652186 ], [ 143.811819811509451, -37.535067668666564 ], [ 143.811856229140943, -37.535039869425319 ], [ 143.815176910831156, -37.532722075683843 ] ] ] } },
{ "type": "Feature", "properties": { "MODE": "REGIONAL TRAIN", "transit_time_minutes_nearest_tier": 15.0, "centre": "ballarat", "centre_name": "Ballarat" }, "geometry": { "type": "Polygon", "coordinates": [ [ [ 143.812804534019563, -37.534142305897191 ], [ 143.812838529631563, -37.534103177409229 ], [ 143.812877517350415, -37.534067122149182 ], [ 143.812921062352785, -37.534034542228973 ], [ 143.812968678991638, -37.534005801000696 ], [ 143.813019836212106, -37.533981219004573 ], [ 143.817885936650356, -37.531913677289367 ], [ 143.817935452536545, -37.531895030326133 ], [ 143.817987000581326, -37.531880283969464 ], [ 143.818040097627744, -37.531869576435888 ], [ 143.818094246001181, -37.531863008086191 ], [ 143.818148938173323, -37.531860640485043 ], [ 143.818203661519306, -37.531862495823752 ], [ 143.824026177305285, -37.5322853533374 ], [ 143.824082256411657, -37.532291692009252 ], [ 143.824137258612836, -37.532302464455093 ], [ 143.824190632615597, -37.532317562701586 ], [ 143.824241843445463, -37.532336835417276 ], [ 143.827509718272552, -37.533730035204712 ], [ 143.827560099686224, -37.533754279474728 ], [ 143.827607045152121, -37.53378256131419 ], [ 143.827650046465124, -37.5338145745622 ], [ 143.831869995280698, -37.537300820235892 ], [ 143.836408213465461, -37.538806724225481 ], [ 143.845235576788554, -37.540081549719943 ], [ 143.845286214432775, -37.540090790733267 ], [ 143.845335574240579, -37.540103691078173 ], [ 143.845383240107907, -37.54012014200466 ], [ 143.850161486044726, -37.541981042122856 ], [ 143.850208380656596, -37.542001545791912 ], [ 143.850252633752262, -37.542025484420279 ], [ 143.850293849721368, -37.54205264400462 ], [ 143.850331660103166, -37.542082781747041 ], [ 143.857059917847721, -37.547977937974558 ], [ 143.865296103502857, -37.552087221075212 ], [ 143.865350814785444, -37.552118261460244 ], [ 143.865400520266604, -37.552154245103587 ], [ 143.867838547599234, -37.55414204781659 ], [ 143.86787452381202, -37.554174338585185 ], [ 143.86790645376206, -37.554209221959887 ], [ 143.867934044394588, -37.554246377785525 ], [ 143.867957042479418, -37.554285465050015 ], [ 143.867975236935195, -37.554326125014306 ], [ 143.869575701303717, -37.558529462995146 ], [ 143.869589255920999, -37.558572635128684 ], [ 143.869597394657688, -37.558616661169609 ], [ 143.869600038107563, -37.558661111625348 ], [ 143.869597160472864, -37.558705552862357 ], [ 143.869588789816675, -37.55874955133622 ], [ 143.869575007789109, -37.558792677821195 ], [ 143.867898840352325, -37.563128692631587 ], [ 143.867879573436653, -37.563170916193137 ], [ 143.867855120138302, -37.563211402527543 ], [ 143.867825723556649, -37.563249749131721 ], [ 143.867791675937042, -37.563285574774504 ], [ 143.867753315765555, -37.563318523286981 ], [ 143.864944531079857, -37.565501760871484 ], [ 143.864897485415128, -37.565534490504902 ], [ 143.86484619436095, -37.56556289298635 ], [ 143.864791282957952, -37.565586622196491 ], [ 143.86473342036706, -37.565605388965437 ], [ 143.860570462870697, -37.566746594503613 ], [ 143.860510352567672, -37.566760168037071 ], [ 143.86044872897412, -37.566768384945874 ], [ 143.860386343051545, -37.566771145096567 ], [ 143.860323955051939, -37.566768414853208 ], [ 143.856421888592934, -37.566424840563954 ], [ 143.856372488379378, -37.566418721789617 ], [ 143.856323959193162, -37.566409156932757 ], [ 143.856276679661903, -37.566396220619019 ], [ 143.856231018662868, -37.566380013778307 ], [ 143.856187332444762, -37.566360662857321 ], [ 143.852438381192599, -37.564522818857391 ], [ 143.852393451152466, -37.564498343632508 ], [ 143.852351683139972, -37.564470545307081 ], [ 143.852313463621186, -37.564439681092495 ], [ 143.852279146227573, -37.564406036567824 ], [ 143.852249048483912, -37.564369923037276 ], [ 143.852223448870433, -37.56433167464963 ], [ 143.8494879281115, -37.559722860993844 ], [ 143.849465993585909, -37.559680435006406 ], [ 143.849449592659994, -37.559636453183153 ], [ 143.849438895390477, -37.559591371585398 ], [ 143.849434012690182, -37.55954565767761 ], [ 143.849434995178711, -37.55949978548 ], [ 143.850206079496729, -37.55048358095253 ], [ 143.84754427613538, -37.54765641689437 ], [ 143.84386398516753, -37.545823566095926 ], [ 143.834463629333186, -37.544581349813413 ], [ 143.82933645243449, -37.545263770078293 ], [ 143.825140033007358, -37.54734602112147 ], [ 143.825095457419934, -37.547365970476086 ], [ 143.825048801979449, -37.54738263443415 ], [ 143.825000447674824, -37.547395876917264 ], [ 143.824950789368614, -37.547405589786706 ], [ 143.821314122801624, -37.547979500082171 ], [ 143.821260258155064, -37.547985872843846 ], [ 143.821205873563315, -37.547988093644761 ], [ 143.821151472691469, -37.547986141917683 ], [ 143.821097559355536, -37.547980035737915 ], [ 143.821044632856058, -37.54796983165582 ], [ 143.814555009306133, -37.546451825032364 ], [ 143.814500340443089, -37.546436574952395 ], [ 143.814447916192591, -37.546416954604268 ], [ 143.814398285945998, -37.546393169604329 ], [ 143.814351969812861, -37.546365469213271 ], [ 143.814309453170125, -37.546334143723755 ], [ 143.811569049240234, -37.544097041572876 ], [ 143.81152797029452, -37.544059573989138 ], [ 143.811492328232703, -37.54401872944068 ], [ 143.811462557386449, -37.543975005666525 ], [ 143.811439020537676, -37.5439289354916 ], [ 143.810008078534651, -37.540614547249653 ], [ 143.809991064142537, -37.540566691834869 ], [ 143.809980777635133, -37.540517634684662 ], [ 143.809977344351779, -37.540467973614106 ], [ 143.809980806117238, -37.540418313796543 ], [ 143.810414247214794, -37.537312408058575 ], [ 143.810421954979404, -37.537273087892714 ], [ 143.810433989854062, -37.537234462728314 ], [ 143.810450257937305, -37.537196833915054 ], [ 143.81047063230119, -37.537160495028822 ], [ 143.810494953981703, -37.53712572958117 ], [ 143.812804534019563, -37.534142305897191 ] ] ] } },
{ "type": "Feature", "properties": { "MODE": "REGIONAL TRAIN", "transit_time_minutes_nearest_tier": 90.0, "centre": "bendigo", "centre_name": "Bendigo" }, "geometry": { "type": "Polygon", "coordinates": [ [ [ 144.106029353923503, -36.047578363507156 ], [ 144.106054910055917, -36.047540309608173 ], [ 144.106084850127473, -36.047504425773433 ], [ 144.106118897110093, -36.047471044020014 ], [ 144.106156735977635, -36.047440473213896 ], [ 144.106198016620596, -36.04741299621233 ], [ 144.106242357085591, -36.04738886724676 ], [ 144.110120605839143, -36.04549118766117 ], [ 144.110164827098941, -36.045471710525646 ], [ 144.110211038748218, -36.045455566006765 ], [ 144.110258860945805, -36.045442886805645 ], [ 144.110307900613009, -36.045433777139799 ], [ 144.110357754664705, -36.045428311886752 ], [ 144.114191187682394, -36.045150975277657 ], [ 144.114252405473991, -36.045149301849818 ], [ 144.114313477389004, -36.045153118388235 ], [ 144.114373659214237, -36.045162378385136 ], [ 144.11443221758239, -36.045176968999627 ], [ 144.118482554258605, -36.046388457245897 ], [ 144.118538777499964, -36.046408198739165 ], [ 144.118591978801646, -36.046432852565218 ], [ 144.118641509856019, -36.046462118295679 ], [ 144.118686767078685, -36.046495639301604 ], [ 144.121382958645825, -36.048726046994226 ], [ 144.121416148506881, -36.048756081266788 ], [ 144.121445896520612, -36.048788406403609 ], [ 144.121471964108338, -36.048822763162406 ], [ 144.121494142207013, -36.048858876007252 ], [ 144.149976164825091, -36.100916847683024 ], [ 144.163789959776295, -36.121226954136674 ], [ 144.180256710493893, -36.143273928797775 ], [ 144.23353630507583, -36.209280535622547 ], [ 144.233564571409801, -36.20931968479325 ], [ 144.233587838203505, -36.209360938468997 ], [ 144.235096334173676, -36.21243614158206 ], [ 144.235113391872744, -36.212476341525978 ], [ 144.235125699207032, -36.212517665151623 ], [ 144.235133146643705, -36.212559744712976 ], [ 144.235135667898675, -36.212602205736204 ], [ 144.23526236306995, -36.327036518963709 ], [ 144.240988940646815, -36.36989862467528 ], [ 144.240992127288507, -36.369941569861822 ], [ 144.240990235404752, -36.369984565089787 ], [ 144.240983282231412, -36.370027218463683 ], [ 144.240971331137388, -36.370069141203274 ], [ 144.227604027758559, -36.408460775952911 ], [ 144.223755970318393, -36.429478898992585 ], [ 144.211486811459423, -36.497812407363107 ], [ 144.211532588876736, -36.533419210726386 ], [ 144.213094373811231, -36.534899735879151 ], [ 144.424302242343771, -36.640719136184813 ], [ 144.426957302479934, -36.640334464040357 ], [ 144.497929334453801, -36.608495303800893 ], [ 144.572635922371802, -36.541644344787002 ], [ 144.582170833829338, -36.525832129874026 ], [ 144.598926293093541, -36.491002073633396 ], [ 144.598945294927233, -36.490967039251451 ], [ 144.598967907563605, -36.490933432107575 ], [ 144.598993968107123, -36.490901494292039 ], [ 144.630139238838069, -36.456027413654262 ], [ 144.668911539810438, -36.399434628447985 ], [ 144.689400766285843, -36.359123281801558 ], [ 144.689412298242814, -36.359102139490588 ], [ 144.717195407998361, -36.311476104280331 ], [ 144.74136640006779, -36.251693370197522 ], [ 144.743510814238419, -36.130187133859415 ], [ 144.743513682478778, -36.13014739155323 ], [ 144.743520863331923, -36.130108009699072 ], [ 144.743532300746125, -36.13006929566545 ], [ 144.743547905448111, -36.130031551608141 ], [ 144.743567555640283, -36.12999507211201 ], [ 144.746335786420275, -36.125418082278578 ], [ 144.746361580521068, -36.125380157631199 ], [ 144.746391743637645, -36.125344417333608 ], [ 144.746425997074823, -36.125311191605036 ], [ 144.746464024346437, -36.125280787431137 ], [ 144.746505474099735, -36.125253485727683 ], [ 144.746549963361446, -36.125229538745344 ], [ 144.746597081076402, -36.12520916773903 ], [ 144.752222755483416, -36.123051674030876 ], [ 144.75227242601477, -36.123034959191038 ], [ 144.752323856022542, -36.123022219520649 ], [ 144.752376563456721, -36.123013574427645 ], [ 144.752430054294649, -36.123009104941687 ], [ 144.752483827171289, -36.123008852954918 ], [ 144.752537378078159, -36.123012820829146 ], [ 144.752590205087273, -36.123020971373869 ], [ 144.758699607396295, -36.124214616266805 ], [ 144.758751911036114, -36.124227065624893 ], [ 144.758802458758083, -36.124243614229087 ], [ 144.758850763766588, -36.124264102709859 ], [ 144.75889636086319, -36.124288333755011 ], [ 144.758938810926594, -36.124316074009762 ], [ 144.758977705141433, -36.124347056323927 ], [ 144.759012668935355, -36.124380982324638 ], [ 144.762802347144003, -36.12844791591607 ], [ 144.762832090367255, -36.128483194100134 ], [ 144.762857579887907, -36.128520599616856 ], [ 144.762878586394919, -36.128559795964755 ], [ 144.762894920905723, -36.128600430531492 ], [ 144.762906436466466, -36.128642137765823 ], [ 144.762913029474419, -36.128684542466132 ], [ 144.762914640610092, -36.128727263155724 ], [ 144.760992338491803, -36.22112174653526 ], [ 144.760988755505025, -36.221165770981024 ], [ 144.760979876482082, -36.221209300508313 ], [ 144.760965786528772, -36.221251917841371 ], [ 144.751124704514098, -36.246075431056646 ], [ 144.707889791431739, -36.365323199459723 ], [ 144.707869239136102, -36.365370060105782 ], [ 144.707842428643005, -36.365414804248971 ], [ 144.546948389664522, -36.599173930683868 ], [ 144.546904452017941, -36.599228011044787 ], [ 144.543412872720069, -36.602917778503191 ], [ 144.543376336243625, -36.602952583324551 ], [ 144.543335624367785, -36.602984232950227 ], [ 144.538836130502176, -36.606143824568292 ], [ 144.538776552723505, -36.606180304875906 ], [ 144.50915182566763, -36.62190929998151 ], [ 144.509102033496958, -36.621932848338759 ], [ 144.509049494052135, -36.621952131976386 ], [ 144.421464440333153, -36.649750469437841 ], [ 144.292286863819669, -36.768763101913287 ], [ 144.251723861669859, -36.828937789851054 ], [ 144.251222123467898, -36.830619189873161 ], [ 144.255474640499443, -36.974938562459826 ], [ 144.258412181238782, -36.983302187329279 ], [ 144.34488897135958, -37.104836786901956 ], [ 144.459242525875737, -37.254035174276225 ], [ 144.459246402264768, -37.254040295986016 ], [ 144.533231562522701, -37.353122781954468 ], [ 144.712031469365598, -37.461787161219632 ], [ 144.75001743840383, -37.476387676756588 ], [ 144.750073280083086, -37.476412315120932 ], [ 144.750125281074702, -37.476441813075162 ], [ 144.750172778524245, -37.47647579461276 ], [ 144.754209177441567, -37.479709410995206 ], [ 144.754247082593622, -37.479742984833273 ], [ 144.754280579731756, -37.479779414198354 ], [ 144.754309332279718, -37.47981833305861 ], [ 144.754333051332281, -37.479859350367754 ], [ 144.762589652009183, -37.496248919505618 ], [ 144.762608552188595, -37.496292852392273 ], [ 144.762621675887004, -37.496338102053372 ], [ 144.763998051202435, -37.502520692227719 ], [ 144.764004959837195, -37.502563630164708 ], [ 144.764006664298762, -37.502606898131702 ], [ 144.764003148843727, -37.502650096705807 ], [ 144.755905163652301, -37.559557771286364 ], [ 144.755897650257197, -37.559595874642469 ], [ 144.75588607064347, -37.55963332680691 ], [ 144.75587050966783, -37.559669853306829 ], [ 144.753464125966246, -37.564611642080301 ], [ 144.75344533188661, -37.564645936767221 ], [ 144.75342302786126, -37.56467887185687 ], [ 144.753397367708629, -37.564710220207623 ], [ 144.736348977957078, -37.583752794828371 ], [ 144.73631263247006, -37.583789239340803 ], [ 144.73627175778455, -37.583822506461054 ], [ 144.736226789819455, -37.583852241398631 ], [ 144.731159616226989, -37.58686473529454 ], [ 144.731113019016703, -37.586889669784696 ], [ 144.731063547129196, -37.58691080839651 ], [ 144.731011687215386, -37.58692794319041 ], [ 144.73095794941824, -37.586940905611954 ], [ 144.730902862354299, -37.586949568150146 ], [ 144.730846967913578, -37.586953845591879 ], [ 144.726017109155663, -37.587131676200244 ], [ 144.725965074167959, -37.587131686091858 ], [ 144.725913257815535, -37.587127894169349 ], [ 144.72586209780431, -37.587120332464039 ], [ 144.725812026295614, -37.587109064851489 ], [ 144.725763466255586, -37.587094186512068 ], [ 144.725716827881854, -37.587075823126753 ], [ 144.720887769030611, -37.584949084574291 ], [ 144.720833426468062, -37.584921836119712 ], [ 144.720783312011093, -37.584889864584774 ], [ 144.7207380706962, -37.584853581487131 ], [ 144.574226176867825, -37.452866710845782 ], [ 144.574184020513542, -37.452823635739257 ], [ 144.552838238404064, -37.428040227675055 ], [ 144.552818004111742, -37.4280149632568 ], [ 144.421230091356534, -37.250506000147439 ], [ 144.367736306200186, -37.195037249400897 ], [ 144.206895460820476, -37.068575446079606 ], [ 144.206863422177406, -37.068547992650984 ], [ 144.206834350332855, -37.068518494980708 ], [ 144.206808447575128, -37.068487158323769 ], [ 144.204436421788046, -37.065339673977526 ], [ 144.2044123752882, -37.06530427838338 ], [ 144.204392371400246, -37.065267302584211 ], [ 144.204376570134201, -37.065229042358531 ], [ 144.204365097881748, -37.065189803758813 ], [ 144.20435804640519, -37.065149900663329 ], [ 144.203992716692795, -37.062107766196817 ], [ 144.203990159652164, -37.062069157239343 ], [ 144.203991741909107, -37.06203051473603 ], [ 144.219816533505309, -36.894487522358126 ], [ 144.20109040896449, -36.688408400175675 ], [ 144.201090033372338, -36.688403952709145 ], [ 144.195719464585238, -36.619737643048374 ], [ 144.195718833187129, -36.619727873966887 ], [ 144.191228879524829, -36.531825559782817 ], [ 144.19122895429669, -36.531787070520906 ], [ 144.191233098632409, -36.531748726802498 ], [ 144.191241282291998, -36.531710808354134 ], [ 144.211874943845373, -36.455439521844234 ], [ 144.214874112980482, -36.438884239025938 ], [ 144.221250180637497, -36.368485136222461 ], [ 144.221251236807888, -36.368475028469774 ], [ 144.228045946778224, -36.311103278503829 ], [ 144.16999871226264, -36.141204013358333 ], [ 144.152307265535541, -36.116358139629305 ], [ 144.104628295660575, -36.057214777977677 ], [ 144.104601893759678, -36.057178379942052 ], [ 144.104579805340649, -36.057140134376354 ], [ 144.104562224503923, -36.057100377372088 ], [ 144.10454930573772, -36.057059458302341 ], [ 144.103337420428204, -36.052304093114664 ], [ 144.1033292887127, -36.052262447031175 ], [ 144.103325986353411, -36.052220366056162 ], [ 144.103327542258285, -36.052178218655548 ], [ 144.103333942795786, -36.052136373876181 ], [ 144.103345131914438, -36.052095198114593 ], [ 144.103361011633922, -36.052055051908738 ], [ 144.103381442903355, -36.052016286781161 ], [ 144.106029353923503, -36.047578363507156 ] ] ] } },
{ "type": "Feature", "properties": { "MODE": "REGIONAL TRAIN", "transit_time_minutes_nearest_tier": 75.0, "centre": "bendigo", "centre_name": "Bendigo" }, "geometry": { "type": "Polygon", "coordinates": [ [ [ 144.170171580169324, -36.141546828871796 ], [ 144.152306986256093, -36.11635779060871 ], [ 144.104563389275029, -36.057118330477607 ], [ 144.104537690900145, -36.057083001043459 ], [ 144.104516056780625, -36.057045919984837 ], [ 144.104498666284258, -36.057007394749853 ], [ 144.103332404505522, -36.054007496110493 ], [ 144.103318323016111, -36.053963732238785 ], [ 144.103309715594634, -36.053919042506195 ], [ 144.103306668960499, -36.053873877209561 ], [ 144.103309213802078, -36.053828691436713 ], [ 144.10365737945466, -36.050889923695827 ], [ 144.103665247763161, -36.050846166002422 ], [ 144.1036783598272, -36.050803245294951 ], [ 144.103696589362414, -36.050761574921523 ], [ 144.103719760801283, -36.050721556188314 ], [ 144.105426249475784, -36.048114667970538 ], [ 144.105454137880059, -36.048076685882812 ], [ 144.105486476329503, -36.048041106550308 ], [ 144.105522953384451, -36.048008272617885 ], [ 144.105563217749989, -36.047978500290547 ], [ 144.108368142252488, -36.04610031218499 ], [ 144.108407510037267, -36.046076252699471 ], [ 144.108449350628803, -36.04605512407182 ], [ 144.108493334141571, -36.046037092886309 ], [ 144.108539113795615, -36.046022301305982 ], [ 144.111325238786151, -36.045236498609562 ], [ 144.111372452748725, -36.045225062134342 ], [ 144.111420729769549, -36.045217072019241 ], [ 144.111469689219035, -36.045212591260452 ], [ 144.111518945087312, -36.045211655185582 ], [ 144.115153507538366, -36.045273636645518 ], [ 144.115207826471305, -36.045276732443334 ], [ 144.115261510209251, -36.045284137159655 ], [ 144.115314041757046, -36.045295779484256 ], [ 144.115364915215025, -36.045311547297111 ], [ 144.11869369148269, -36.046498266107456 ], [ 144.118742418516405, -36.046518006177557 ], [ 144.118788528403513, -36.046541529842642 ], [ 144.118831577084649, -36.046568610560279 ], [ 144.118871149979697, -36.046598987532001 ], [ 144.121387472669454, -36.048729824922525 ], [ 144.121427133798534, -36.04876732622958 ], [ 144.121461497975872, -36.048808129823321 ], [ 144.121490151641609, -36.048851744658229 ], [ 144.158719862156914, -36.113816351892034 ], [ 144.180324062070127, -36.143357903592346 ], [ 144.233536304126716, -36.209280534447927 ], [ 144.233565852508008, -36.20932169591444 ], [ 144.233589876034756, -36.209365154530687 ], [ 144.235128950556373, -36.212596914598059 ], [ 144.235145137563023, -36.21263618536976 ], [ 144.235156808420982, -36.21267649434084 ], [ 144.235163864598633, -36.212717501226102 ], [ 144.235166246520777, -36.212758859848044 ], [ 144.235262369536485, -36.327036567391133 ], [ 144.240988940646815, -36.36989862467528 ], [ 144.240992126027322, -36.369941486780078 ], [ 144.240990252468691, -36.369984399487805 ], [ 144.240983336973898, -36.370026973162695 ], [ 144.240971442325559, -36.370068821246775 ], [ 144.227482533177181, -36.408919331173941 ], [ 144.211486612577687, -36.497813591411592 ], [ 144.211307666888445, -36.53492747368319 ], [ 144.211305623248876, -36.534964277235929 ], [ 144.211299861112536, -36.53500082308372 ], [ 144.203522650278416, -36.572113361082351 ], [ 144.205130088470725, -36.573809014470001 ], [ 144.365101143022855, -36.657660004699068 ], [ 144.36927259893335, -36.657748057595882 ], [ 144.418318379693801, -36.644302705522527 ], [ 144.498251091566743, -36.608235540367765 ], [ 144.573141917103669, -36.541092717963309 ], [ 144.582170010657592, -36.525833812619496 ], [ 144.598822152892012, -36.491157879478187 ], [ 144.59884118051383, -36.491122751232119 ], [ 144.598863837453678, -36.491089056157321 ], [ 144.598889959690808, -36.491057038176208 ], [ 144.629862192074796, -36.456379700976811 ], [ 144.635502324141555, -36.448245557432585 ], [ 144.668912017532136, -36.399433948830882 ], [ 144.690290139486137, -36.357824095911731 ], [ 144.690313683626016, -36.357783953792989 ], [ 144.690342000530762, -36.357745882130963 ], [ 144.69037481492262, -36.357710251023342 ], [ 144.690411807804651, -36.357677406842548 ], [ 144.690452619561995, -36.357647668868623 ], [ 144.694499630241665, -36.354978834170367 ], [ 144.694542743881243, -36.354953090645687 ], [ 144.694588715868775, -36.354930816851329 ], [ 144.694637120845925, -36.354912218875647 ], [ 144.694687510944192, -36.354897468796388 ], [ 144.694739419928567, -36.354886703088539 ], [ 144.694792367511383, -36.354880021361616 ], [ 144.700192467532673, -36.354412265690712 ], [ 144.700243543284273, -36.354409752081537 ], [ 144.700294688708368, -36.354411039830367 ], [ 144.70034547231748, -36.354416118073189 ], [ 144.700395465676365, -36.354424943967445 ], [ 144.700444247016407, -36.354437443053627 ], [ 144.700491404793638, -36.354453509883299 ], [ 144.704962253748675, -36.356176242958476 ], [ 144.705006514105946, -36.356195318814315 ], [ 144.70504847432062, -36.356217536888884 ], [ 144.705087794365369, -36.356242717137626 ], [ 144.705124155606569, -36.356270655511793 ], [ 144.705157263386326, -36.356301125611928 ], [ 144.705186849410381, -36.356333880522321 ], [ 144.708074474464695, -36.359852852786695 ], [ 144.708101827673005, -36.359889923955365 ], [ 144.708124669529269, -36.359928942090832 ], [ 144.708142790386233, -36.359969549088561 ], [ 144.70815602392463, -36.360011372261042 ], [ 144.708164248679964, -36.360054027758139 ], [ 144.708553335032349, -36.36298961037263 ], [ 144.708556500240576, -36.363035075510986 ], [ 144.708553976059051, -36.363080566878708 ], [ 144.708545788253559, -36.363125619938181 ], [ 144.708532020424656, -36.363169774626719 ], [ 144.707398853453185, -36.366157979153982 ], [ 144.707378782409734, -36.366202430973232 ], [ 144.707353058054082, -36.366244935346394 ], [ 144.544938035234651, -36.6015022869096 ], [ 144.544907162264167, -36.601541873109596 ], [ 144.544871367522688, -36.60157866651533 ], [ 144.544831036460664, -36.601612270915467 ], [ 144.538671751976608, -36.606237457587611 ], [ 144.538636189685974, -36.606262000091 ], [ 144.538598204850331, -36.606284057289486 ], [ 144.50915170192286, -36.621909365634785 ], [ 144.509101967756919, -36.621932875850497 ], [ 144.509049494052135, -36.621952131976386 ], [ 144.421464440333153, -36.649750469437841 ], [ 144.292286863819669, -36.768763101913287 ], [ 144.251723861669859, -36.828937789851054 ], [ 144.251222123467898, -36.830619189873161 ], [ 144.255474582259012, -36.974936589680397 ], [ 144.258652042825275, -36.983693493949332 ], [ 144.344877776937636, -37.104821093097527 ], [ 144.347980896746094, -37.108233690531321 ], [ 144.348017952091283, -37.108280171225054 ], [ 144.34804764062153, -37.10832992921447 ], [ 144.358329651119675, -37.128672064171028 ], [ 144.459235937764589, -37.254026806116357 ], [ 144.459246350889714, -37.254040227090861 ], [ 144.533583072659667, -37.353552560288755 ], [ 144.686974518593843, -37.459165347480102 ], [ 144.687018377383566, -37.459198915760219 ], [ 144.68705745906675, -37.459236045391656 ], [ 144.687091311382488, -37.459276306709846 ], [ 144.68955931241959, -37.462583117798253 ], [ 144.689585860206989, -37.462623134038161 ], [ 144.689607236767074, -37.46266507172848 ], [ 144.689623226317735, -37.462708507553323 ], [ 144.689633667452142, -37.462753003074127 ], [ 144.689638454768073, -37.462798109154953 ], [ 144.689795921367107, -37.466472534741044 ], [ 144.68979511564126, -37.466516457980617 ], [ 144.689788947559123, -37.466560109921375 ], [ 144.689777475742744, -37.466603075626296 ], [ 144.689760809229711, -37.466644946680653 ], [ 144.689739106437003, -37.46668532507443 ], [ 144.687584881783096, -37.470207973878246 ], [ 144.687555735212158, -37.47024982889355 ], [ 144.687521181705989, -37.470288982969194 ], [ 144.687481611303838, -37.470324994125711 ], [ 144.687437470678788, -37.470357455860935 ], [ 144.68738925809555, -37.470386001738909 ], [ 144.682974162238224, -37.47272048727126 ], [ 144.68292033457729, -37.472745652397819 ], [ 144.682863354664619, -37.472765935491033 ], [ 144.682803916869887, -37.472781089375978 ], [ 144.682742745516606, -37.4727909293835 ], [ 144.679768968680037, -37.473134398558479 ], [ 144.679710727253791, -37.473138687873806 ], [ 144.679652241483609, -37.473138157946323 ], [ 144.647125599013862, -37.471495103955448 ], [ 144.647096342922509, -37.471493012623718 ], [ 144.596922386352759, -37.466845448373654 ], [ 144.596868011733619, -37.466838243331502 ], [ 144.596814776056334, -37.466826851259185 ], [ 144.596763185537952, -37.46681138048384 ], [ 144.593364678334893, -37.465638407974872 ], [ 144.593318927722123, -37.465620625939543 ], [ 144.593275369425442, -37.465599635526274 ], [ 144.593234356642341, -37.465575606939183 ], [ 144.575640625530866, -37.454257907494885 ], [ 144.575600135690991, -37.454229192460346 ], [ 144.575563281827641, -37.454197517857985 ], [ 144.575530402784295, -37.454163174915969 ], [ 144.552355071761582, -37.427373323197521 ], [ 144.552330547999134, -37.427342337605616 ], [ 144.552309262446926, -37.427309865280527 ], [ 144.506471593730311, -37.349776562717196 ], [ 144.420594399942161, -37.249782132835982 ], [ 144.365709193961465, -37.192531257286092 ], [ 144.252126076582442, -37.087023685704324 ], [ 144.217012960156751, -37.074243860821134 ], [ 144.21696900828627, -37.074225952196365 ], [ 144.216927183190563, -37.074205027433187 ], [ 144.207490606529348, -37.069009092612497 ], [ 144.207447223889119, -37.068982632208979 ], [ 144.207407242935375, -37.068952929564603 ], [ 144.207371039504409, -37.068920263898647 ], [ 144.207338953920527, -37.068884942283866 ], [ 144.204447628863477, -37.065353935850929 ], [ 144.204420267835928, -37.065316750273738 ], [ 144.20439747271277, -37.065277637161394 ], [ 144.204379452701431, -37.065236955495514 ], [ 144.204366373182182, -37.065195078653325 ], [ 144.204358354190759, -37.065152390980728 ], [ 144.203985091450306, -37.062215349469163 ], [ 144.203982244019869, -37.062175464929517 ], [ 144.203983815797585, -37.062135535026648 ], [ 144.219893850452564, -36.894049639972899 ], [ 144.219897681610092, -36.894021133898335 ], [ 144.226511745205613, -36.856126718116037 ], [ 144.202683992540813, -36.693332267081658 ], [ 144.201112166531829, -36.688539823848416 ], [ 144.201100814899632, -36.688496808009504 ], [ 144.201094723523113, -36.688453105876029 ], [ 144.195719464930818, -36.619737647470622 ], [ 144.195718833187129, -36.619727873966887 ], [ 144.191228879524829, -36.531825559782817 ], [ 144.19122895429669, -36.531787070520906 ], [ 144.191233098632409, -36.531748726802498 ], [ 144.191241282291998, -36.531710808354134 ], [ 144.211874943845373, -36.455439521844234 ], [ 144.214874112980482, -36.438884239025938 ], [ 144.221250180637497, -36.368485136222461 ], [ 144.221251292797234, -36.3684745586623 ], [ 144.228108817980484, -36.311204102992157 ], [ 144.228152050059521, -36.299631250851782 ], [ 144.170171580169324, -36.141546828871796 ] ] ] } },
{ "type": "Feature", "properties": { "MODE": "REGIONAL TRAIN", "transit_time_minutes_nearest_tier": 60.0, "centre": "bendigo", "centre_name": "Bendigo" }, "geometry": { "type": "Polygon", "coordinates": [ [ [ 144.202896020129344, -36.572581247037718 ], [ 144.202853645052528, -36.582656882569232 ], [ 144.204558467739957, -36.585039900539648 ], [ 144.362514129709268, -36.658512184728437 ], [ 144.364549223677358, -36.658778732210095 ], [ 144.369194616911074, -36.65776939752697 ], [ 144.418701383399963, -36.644145191994077 ], [ 144.497929032713898, -36.608495553185058 ], [ 144.572905185171805, -36.541378414279144 ], [ 144.582170299062227, -36.525833212345596 ], [ 144.598822152892012, -36.491157879478187 ], [ 144.59884118051383, -36.491122751232119 ], [ 144.598863837453678, -36.491089056157321 ], [ 144.598889959690808, -36.491057038176208 ], [ 144.629862192074796, -36.456379700976811 ], [ 144.635502324141555, -36.448245557432585 ], [ 144.668911653844674, -36.399434480567486 ], [ 144.689805882715916, -36.358456362248468 ], [ 144.689829500243036, -36.358415856125845 ], [ 144.689857971932781, -36.358377446179119 ], [ 144.689891016569874, -36.358341511774277 ], [ 144.689928307774579, -36.358308407826513 ], [ 144.693632477089096, -36.355331587971094 ], [ 144.693669583436758, -36.355304336702638 ], [ 144.693709567416022, -36.355279893161523 ], [ 144.69375210542367, -36.355258455175701 ], [ 144.693796853186797, -36.355240196248154 ], [ 144.693843448549359, -36.355225264152899 ], [ 144.69389151440285, -36.355213779738996 ], [ 144.698510247245594, -36.354290617429704 ], [ 144.698559848957473, -36.354282615333886 ], [ 144.698610143463981, -36.354278285111086 ], [ 144.698660716209218, -36.354277662453413 ], [ 144.698711150343939, -36.354280752493239 ], [ 144.698761030161421, -36.354287529760647 ], [ 144.698809944523646, -36.354297938393557 ], [ 144.703978137650807, -36.35560312868639 ], [ 144.704033981779958, -36.355619930065906 ], [ 144.704087288274764, -36.355641459387044 ], [ 144.70413744742072, -36.355667470400441 ], [ 144.704183885500612, -36.355697665595613 ], [ 144.704226071356516, -36.355731699603488 ], [ 144.70741030357766, -36.3585911331311 ], [ 144.707445629375798, -36.35862625212291 ], [ 144.707476420182275, -36.358664060932519 ], [ 144.707502365191061, -36.358704177921872 ], [ 144.7075232025079, -36.358746198153753 ], [ 144.707538721794066, -36.35878969747921 ], [ 144.70857822267709, -36.362369431271603 ], [ 144.708588097848377, -36.362412926752306 ], [ 144.708592654345921, -36.362456995659315 ], [ 144.708591848278985, -36.362501213585595 ], [ 144.708585687401296, -36.362545154688242 ], [ 144.708574231036437, -36.362588395789579 ], [ 144.707404590716067, -36.366141775380896 ], [ 144.70739094484972, -36.366177270543581 ], [ 144.707373728248768, -36.36621173536745 ], [ 144.707353058054082, -36.366244935346394 ], [ 144.544938035234651, -36.6015022869096 ], [ 144.544907162264167, -36.601541873109596 ], [ 144.544871367522688, -36.60157866651533 ], [ 144.544831036460664, -36.601612270915467 ], [ 144.538671751976608, -36.606237457587611 ], [ 144.538636189685974, -36.606262000091 ], [ 144.538598204850331, -36.606284057289486 ], [ 144.50915170192286, -36.621909365634785 ], [ 144.509101103468765, -36.621933236720814 ], [ 144.509047681828804, -36.62195270509612 ], [ 144.422110069499496, -36.649264474538249 ], [ 144.411214032467996, -36.654385530311565 ], [ 144.292274261564103, -36.768764802592955 ], [ 144.251297967639118, -36.829936537146232 ], [ 144.255474681605705, -36.974938679509016 ], [ 144.258412181238782, -36.983302187329279 ], [ 144.344877808522938, -37.104821127834825 ], [ 144.347980896746094, -37.108233690531321 ], [ 144.348017952091283, -37.108280171225054 ], [ 144.34804764062153, -37.10832992921447 ], [ 144.358329651119675, -37.128672064171028 ], [ 144.459235937764589, -37.254026806116357 ], [ 144.45924623310583, -37.254040069245072 ], [ 144.534703452627213, -37.354956509879351 ], [ 144.534733177872567, -37.35500186887873 ], [ 144.534756266133854, -37.355049626684341 ], [ 144.53616273470422, -37.35853674679209 ], [ 144.53617644443014, -37.358577051909201 ], [ 144.536185420058899, -37.358618197172248 ], [ 144.53618958446674, -37.358659829072792 ], [ 144.536188901866268, -37.358701589920763 ], [ 144.536183378114231, -37.358743120917588 ], [ 144.535517917125816, -37.362207602227279 ], [ 144.535505087813192, -37.36225627564378 ], [ 144.53548561540029, -37.362303523775388 ], [ 144.535459737168281, -37.36234877085041 ], [ 144.535427768462057, -37.362391465481295 ], [ 144.533236600461066, -37.364981443911695 ], [ 144.533206897831946, -37.365013410447816 ], [ 144.533173776954243, -37.365043160249023 ], [ 144.533137496233991, -37.365070461206741 ], [ 144.533098338731378, -37.365095100317966 ], [ 144.533056609952297, -37.365116885347405 ], [ 144.529278985315898, -37.366903968181376 ], [ 144.529234175457049, -37.366923045672344 ], [ 144.529187398769892, -37.366938831675327 ], [ 144.529139033840607, -37.366951198426207 ], [ 144.529089472110599, -37.366960045834652 ], [ 144.529039114707956, -37.366965302294048 ], [ 144.52898836920096, -37.366966925261188 ], [ 144.523273563921748, -37.366944220880406 ], [ 144.523217152210265, -37.366941738903236 ], [ 144.523161333842779, -37.366934768884498 ], [ 144.523106667905239, -37.366923380637083 ], [ 144.523053701940199, -37.366907688227499 ], [ 144.52300296646203, -37.366887848833443 ], [ 144.522954969643166, -37.366864061169224 ], [ 144.518430951562863, -37.364363027677911 ], [ 144.518389859046749, -37.364338011793322 ], [ 144.518351805068932, -37.364310101110696 ], [ 144.518317108578714, -37.364279529565792 ], [ 144.518286060383247, -37.364246553396427 ], [ 144.421242447072473, -37.250493021665299 ], [ 144.365709157075429, -37.192531225171841 ], [ 144.251850629455845, -37.08678945664586 ], [ 144.21691082415137, -37.074197353002816 ], [ 144.216863630888525, -37.074178146152512 ], [ 144.216818900410971, -37.074155468972741 ], [ 144.206967055977515, -37.068623207012429 ], [ 144.206925665014268, -37.068597580080784 ], [ 144.206887424712733, -37.068568982058686 ], [ 144.206852665952937, -37.068537660397574 ], [ 144.206821689488834, -37.068503886115565 ], [ 144.206794763346153, -37.068467951452234 ], [ 144.204194616729779, -37.064600798883674 ], [ 144.204170266931868, -37.064559748857775 ], [ 144.204151201373151, -37.064516941864341 ], [ 144.204137614028724, -37.064472813446855 ], [ 144.204129643134479, -37.064427812593038 ], [ 144.204127369780679, -37.064382397166511 ], [ 144.204130817087474, -37.064337029248122 ], [ 144.224103104821893, -36.920820333051118 ], [ 144.220265530405641, -36.901886190248121 ], [ 144.220258616000621, -36.901830188185635 ], [ 144.219904158597984, -36.894001462516499 ], [ 144.219904735615302, -36.893958909356478 ], [ 144.219910307824563, -36.89391658967449 ], [ 144.238862925208707, -36.794807410721866 ], [ 144.201288912363538, -36.689607874068635 ], [ 144.201275409866298, -36.689560532681817 ], [ 144.201268312988617, -36.689512295856964 ], [ 144.195718797783854, -36.61972846447874 ], [ 144.195718129086345, -36.619718221729549 ], [ 144.191228879480548, -36.531825558915038 ], [ 144.191228897512957, -36.531788132933798 ], [ 144.191232763751344, -36.531750837237219 ], [ 144.191240451521963, -36.531713929080645 ], [ 144.213438711013822, -36.446769650631083 ], [ 144.221382065294108, -36.367746642456211 ], [ 144.221388390666476, -36.367706308942246 ], [ 144.221399185210117, -36.367666600654914 ], [ 144.221414361051387, -36.367627840817079 ], [ 144.222434870246104, -36.36537926127329 ], [ 144.22245396270327, -36.36534234746658 ], [ 144.22247702860713, -36.365306948935483 ], [ 144.222503886092795, -36.365273344774266 ], [ 144.222534323401987, -36.365241799929443 ], [ 144.224905639543351, -36.362997161133407 ], [ 144.22494315435867, -36.362964989369623 ], [ 144.224984387359086, -36.362935946528999 ], [ 144.225028941449608, -36.362910312306312 ], [ 144.225076387552917, -36.362888333569614 ], [ 144.228329136234578, -36.36154841766043 ], [ 144.228379015790324, -36.36153030469589 ], [ 144.22843085019133, -36.361516233248906 ], [ 144.228484140251368, -36.361506338832953 ], [ 144.22853837276628, -36.361500716735002 ], [ 144.232177447633063, -36.361269460742619 ], [ 144.232232100097605, -36.36126816341595 ], [ 144.232286646616444, -36.361271205030981 ], [ 144.232340561885934, -36.36127855629578 ], [ 144.232393326681205, -36.361290146414888 ], [ 144.235864871373593, -36.362202746729835 ], [ 144.235915978863147, -36.362218462579001 ], [ 144.235964935712843, -36.362238154364455 ], [ 144.236011270447079, -36.362261632446511 ], [ 144.236054536840982, -36.36228867072176 ], [ 144.238830171022443, -36.364206230760324 ], [ 144.238869954483704, -36.364236567902346 ], [ 144.238905869824237, -36.364269912770631 ], [ 144.238937571158317, -36.364305944239504 ], [ 144.238964753181818, -36.364344315309793 ], [ 144.240621937006352, -36.366974968685078 ], [ 144.240644339570508, -36.367015309512794 ], [ 144.240661745165681, -36.367057231976766 ], [ 144.240673986159095, -36.367100332342972 ], [ 144.240680944655026, -36.367144195532951 ], [ 144.240967291796551, -36.370087502142148 ], [ 144.240968982442155, -36.370127217618034 ], [ 144.240966340030354, -36.370166899122218 ], [ 144.240959385103707, -36.370206238064483 ], [ 144.240948171741962, -36.370244928518112 ], [ 144.227482503683859, -36.408919495268997 ], [ 144.211486593000416, -36.497813700081558 ], [ 144.211284388092167, -36.535103475680316 ], [ 144.211282053259453, -36.535142715236702 ], [ 144.211275492344896, -36.535181641582277 ], [ 144.202896020129344, -36.572581247037718 ] ] ] } },
{ "type": "Feature", "properties": { "MODE": "REGIONAL TRAIN", "transit_time_minutes_nearest_tier": 45.0, "centre": "bendigo", "centre_name": "Bendigo" }, "geometry": { "type": "Polygon", "coordinates": [ [ [ 144.202896196505094, -36.572580460105598 ], [ 144.202902229512347, -36.610152936099759 ], [ 144.206556341437391, -36.631017315140546 ], [ 144.210108813868487, -36.639414797664244 ], [ 144.331509735301864, -36.676852052681753 ], [ 144.333749001370222, -36.676991819266846 ], [ 144.346509355433, -36.67043012180342 ], [ 144.363632200522375, -36.659301949091365 ], [ 144.363671780075379, -36.659278456252594 ], [ 144.363713767176847, -36.659257854271416 ], [ 144.363757837457285, -36.659240302306678 ], [ 144.363803650454457, -36.659225935954474 ], [ 144.418319074529109, -36.644302497536543 ], [ 144.497575684285096, -36.608727751926487 ], [ 144.572905261522521, -36.541378286327401 ], [ 144.582171446733895, -36.525831286305831 ], [ 144.599972860308839, -36.489778242560845 ], [ 144.599996867579989, -36.489736056722926 ], [ 144.600026122823635, -36.489696089272798 ], [ 144.600060315510319, -36.489658764433827 ], [ 144.600099082704901, -36.48962447837944 ], [ 144.600142012919264, -36.489593595028353 ], [ 144.600188650479794, -36.489566442181875 ], [ 144.604759555423129, -36.487184031741478 ], [ 144.604806003538272, -36.487162302141101 ], [ 144.604854822238195, -36.487144276649722 ], [ 144.604905559826534, -36.4871301220482 ], [ 144.60495774685333, -36.487119969301823 ], [ 144.605010900458268, -36.48711391234874 ], [ 144.605064528838312, -36.487112007230799 ], [ 144.61029494355239, -36.487129412508118 ], [ 144.610345088015293, -36.487131401826147 ], [ 144.610394808158844, -36.487137022111796 ], [ 144.610443701586263, -36.487146227878803 ], [ 144.610491372591184, -36.487158944622792 ], [ 144.610537435360158, -36.487175069424062 ], [ 144.610581517094829, -36.487194471780683 ], [ 144.614659367739648, -36.489186351193517 ], [ 144.614701144417012, -36.489208890722352 ], [ 144.614740241259113, -36.489234372864523 ], [ 144.614776341365854, -36.489262591075814 ], [ 144.614809152125872, -36.489293316634843 ], [ 144.614838407588707, -36.489326300496629 ], [ 144.614863870620212, -36.489361275311339 ], [ 144.617428190737286, -36.493276721094709 ], [ 144.617453921747739, -36.493321869822388 ], [ 144.617473338676945, -36.493369031830582 ], [ 144.617486205333336, -36.493417633459629 ], [ 144.617492365199354, -36.493467083537787 ], [ 144.617626024751644, -36.49585992025176 ], [ 144.617626057417482, -36.495899933602239 ], [ 144.617621693808047, -36.495939791551343 ], [ 144.61761296832114, -36.495979179842188 ], [ 144.617599949745596, -36.496017787920394 ], [ 144.616483629393144, -36.498829255543008 ], [ 144.616463213406689, -36.49887279428156 ], [ 144.616437342634896, -36.498914400066887 ], [ 144.554487827748119, -36.586774334806805 ], [ 144.548224627917705, -36.597391182231512 ], [ 144.548198896390772, -36.597429824929151 ], [ 144.548168627713721, -36.59746626751793 ], [ 144.542294759410993, -36.603842827831144 ], [ 144.542254446624185, -36.603881794709906 ], [ 144.542208955800788, -36.603916860367207 ], [ 144.542158863757379, -36.603947580170868 ], [ 144.509157101931095, -36.621906465170518 ], [ 144.509103981439807, -36.621932029124615 ], [ 144.509047681870982, -36.621952705118062 ], [ 144.42210721930752, -36.649265368587777 ], [ 144.407546637144236, -36.655938431495628 ], [ 144.329486837314278, -36.711072159256702 ], [ 144.291818878582177, -36.769416456033341 ], [ 144.291814459806858, -36.769423156002958 ], [ 144.251293207096012, -36.829579696156678 ], [ 144.246435773004578, -36.840125277329712 ], [ 144.243598125853367, -36.948093876600737 ], [ 144.258631323581113, -36.984091565976811 ], [ 144.25864640322132, -36.984134647841266 ], [ 144.258656082179215, -36.984178717138711 ], [ 144.258660264995854, -36.984223339277221 ], [ 144.259119283860713, -36.998723097289457 ], [ 144.25911691477998, -36.998777423432422 ], [ 144.259106407011615, -36.998831125461315 ], [ 144.257295718955334, -37.005448512424238 ], [ 144.281728159597037, -37.087659555410831 ], [ 144.284402267746032, -37.08973866724709 ], [ 144.321535140371793, -37.099162417638212 ], [ 144.335370356331822, -37.100210415464907 ], [ 144.335431062993933, -37.100217704920695 ], [ 144.335490416697041, -37.100230249107476 ], [ 144.33554771072221, -37.100247898662893 ], [ 144.335602262873692, -37.10027044343547 ], [ 144.343157306688113, -37.103823141909402 ], [ 144.34319885557619, -37.103844700732132 ], [ 144.343237877344194, -37.103869101729515 ], [ 144.343274069822542, -37.103896155951176 ], [ 144.346836190961, -37.106803886962858 ], [ 144.346871958667208, -37.106836018073885 ], [ 144.346903735018088, -37.106870736219143 ], [ 144.346931229999228, -37.106907724541315 ], [ 144.346954192669216, -37.106946645463701 ], [ 144.358415323488202, -37.129041577952144 ], [ 144.358424617477851, -37.129060707906802 ], [ 144.384950743321525, -37.187522220464267 ], [ 144.384965874588232, -37.187560871919679 ], [ 144.384976606613179, -37.187600454315863 ], [ 144.384982852676245, -37.187640647832666 ], [ 144.385276614757771, -37.190619376342575 ], [ 144.385278256948681, -37.190663429979764 ], [ 144.385274511766426, -37.190707401235478 ], [ 144.38526541503245, -37.190750869430602 ], [ 144.385251053767519, -37.190793418698213 ], [ 144.384115977239048, -37.193602442064133 ], [ 144.384096414630932, -37.193643798986507 ], [ 144.384071879113776, -37.19368342277474 ], [ 144.384042606972287, -37.193720931827137 ], [ 144.384008880109064, -37.193755964907709 ], [ 144.381616390603654, -37.196003616756137 ], [ 144.381574723089585, -37.196038746324646 ], [ 144.381528583464558, -37.196070095711605 ], [ 144.381478504677148, -37.196097302803757 ], [ 144.381425065178831, -37.19612005333461 ], [ 144.377452057737258, -37.197597995331499 ], [ 144.377396869853158, -37.197615752620024 ], [ 144.377339648743003, -37.19762875501975 ], [ 144.377281032591242, -37.197636857515342 ], [ 144.377221675141953, -37.197639969739903 ], [ 144.377162238407351, -37.197638056982939 ], [ 144.371694927619558, -37.19722984875775 ], [ 144.371640209260306, -37.197223582845943 ], [ 144.371586522139893, -37.197213056597199 ], [ 144.371534383303015, -37.19719837138679 ], [ 144.371484294882492, -37.197179668643614 ], [ 144.371436739263288, -37.197157128488158 ], [ 144.371392174436465, -37.197130967997708 ], [ 144.367130052426205, -37.194361500571098 ], [ 144.367087605684105, -37.19433093324421 ], [ 144.367049246509026, -37.194297084308374 ], [ 144.367015369283763, -37.194260301780091 ], [ 144.366986322308634, -37.194220963837033 ], [ 144.366962404220459, -37.194179474929641 ], [ 144.356503382901678, -37.173309532220898 ], [ 144.292805551585417, -37.104829288440115 ], [ 144.254161055824255, -37.087424064747992 ], [ 144.216913658212292, -37.07419836738476 ], [ 144.216864981091305, -37.074178759323168 ], [ 144.216818900449141, -37.074155468930179 ], [ 144.206967055972939, -37.068623207011697 ], [ 144.206921475846656, -37.068594698970792 ], [ 144.206879789942406, -37.068562590888398 ], [ 144.206842439007033, -37.068527222248541 ], [ 144.206809817951381, -37.068488967009152 ], [ 144.206782271674939, -37.068448229648098 ], [ 144.204043129374412, -37.063846955231668 ], [ 144.204019992500491, -37.063801989952331 ], [ 144.204003038018328, -37.063755288151746 ], [ 144.203992463454028, -37.063707393955028 ], [ 144.203988392000099, -37.063658865378876 ], [ 144.203990871080663, -37.063610267830143 ], [ 144.204339766361585, -37.060671302727187 ], [ 144.204346779252859, -37.060631323175855 ], [ 144.204358229090815, -37.060592007146077 ], [ 144.204374023954784, -37.060553670248318 ], [ 144.204394037044892, -37.060516620232526 ], [ 144.206427713129216, -37.057171151742963 ], [ 144.239000221486378, -36.962851230653463 ], [ 144.232844466983579, -36.943290474953358 ], [ 144.226330941397862, -36.929428089772927 ], [ 144.226314836564057, -36.929388305524363 ], [ 144.22630339664434, -36.929347493724222 ], [ 144.220289468046218, -36.902017269153127 ], [ 144.220281908345441, -36.901965712310314 ], [ 144.219803026097992, -36.895518207210223 ], [ 144.219802454290402, -36.895473866634383 ], [ 144.219807311249809, -36.89542969560619 ], [ 144.226449517077697, -36.856801499998276 ], [ 144.226451376457192, -36.856791508826682 ], [ 144.23886234616424, -36.794805791930401 ], [ 144.20128891231829, -36.689607874032561 ], [ 144.201275409821051, -36.689560532645785 ], [ 144.20126831294337, -36.689512295820926 ], [ 144.19571879772954, -36.619728464459286 ], [ 144.195718129032031, -36.619718221709888 ], [ 144.191228879467076, -36.531825558940284 ], [ 144.191228897499485, -36.531788132959178 ], [ 144.191232763737872, -36.531750837262727 ], [ 144.191240451508406, -36.53171392910626 ], [ 144.213438710968234, -36.446769650594526 ], [ 144.221382065243148, -36.367746642437751 ], [ 144.221389617439542, -36.367700778580506 ], [ 144.221402944854077, -36.367655782774669 ], [ 144.221421906975763, -36.367612129377832 ], [ 144.222807051246264, -36.36488051506673 ], [ 144.222827836893771, -36.364844204476249 ], [ 144.222852523124971, -36.364809528267578 ], [ 144.222880915300067, -36.36477675983982 ], [ 144.222912789561207, -36.36474615755008 ], [ 144.224919470767844, -36.362984553481112 ], [ 144.224954574268281, -36.362956358008852 ], [ 144.22499263176266, -36.362930792199947 ], [ 144.225033343191257, -36.362908057623059 ], [ 144.225076387570823, -36.362888333524381 ], [ 144.228329136287755, -36.361548417649558 ], [ 144.228379015843615, -36.361530304685708 ], [ 144.228430850244706, -36.361516233239364 ], [ 144.228484140304658, -36.361506338824036 ], [ 144.228538372819457, -36.361500716726724 ], [ 144.232177447656369, -36.361269460775169 ], [ 144.23223210011912, -36.361268163449061 ], [ 144.232286646636112, -36.361271205064327 ], [ 144.232340561903754, -36.361278556329133 ], [ 144.232393326697292, -36.361290146447935 ], [ 144.23586487133278, -36.362202746748459 ], [ 144.235915978820998, -36.362218462597163 ], [ 144.235964935669557, -36.362238154381956 ], [ 144.236011270402742, -36.362261632463188 ], [ 144.23605453679582, -36.362288670737449 ], [ 144.238830170993879, -36.364206230748806 ], [ 144.238869954455311, -36.364236567890323 ], [ 144.238905869796042, -36.364269912758104 ], [ 144.238937571130464, -36.364305944226459 ], [ 144.238964753154363, -36.364344315296243 ], [ 144.240621937047848, -36.366974968700788 ], [ 144.240644339613908, -36.367015309530963 ], [ 144.240661745210332, -36.36705723199762 ], [ 144.240673986204371, -36.367100332366654 ], [ 144.240680944700216, -36.367144195559526 ], [ 144.240967291791208, -36.37008750214455 ], [ 144.240968982436186, -36.370127217619064 ], [ 144.240966340024073, -36.370166899121834 ], [ 144.240959385097426, -36.37020623806265 ], [ 144.240948171735937, -36.370244928514907 ], [ 144.227482503646087, -36.408919495261983 ], [ 144.211486592970232, -36.497813700038186 ], [ 144.211284388060534, -36.535103475675868 ], [ 144.211282053227819, -36.535142715232233 ], [ 144.211275492313291, -36.535181641577729 ], [ 144.202896196505094, -36.572580460105598 ] ] ] } },
{ "type": "Feature", "properties": { "MODE": "REGIONAL TRAIN", "transit_time_minutes_nearest_tier": 30.0, "centre": "bendigo", "centre_name": "Bendigo" }, "geometry": { "type": "Polygon", "coordinates": [ [ [ 144.202896196419687, -36.572579811221047 ], [ 144.202902229544037, -36.610152936065397 ], [ 144.206559338608599, -36.631034423959214 ], [ 144.210253324853426, -36.642580783347228 ], [ 144.210263974589253, -36.642621909643566 ], [ 144.210269825270956, -36.642663656453557 ], [ 144.210270826037174, -36.64270566091858 ], [ 144.210266968181458, -36.642747557940019 ], [ 144.208276553517521, -36.655969780374676 ], [ 144.208451923189045, -36.663105219044724 ], [ 144.249430587201431, -36.708605441753043 ], [ 144.252059137306162, -36.709906193994108 ], [ 144.254333962211746, -36.709668008641991 ], [ 144.325559637251246, -36.683942446076827 ], [ 144.331275580154767, -36.678663241586207 ], [ 144.331309508774723, -36.678634552720411 ], [ 144.331346434896858, -36.678608375330697 ], [ 144.33138607304366, -36.678584911793727 ], [ 144.346504614143129, -36.670433202444414 ], [ 144.363632200508704, -36.65930194909491 ], [ 144.363671780061964, -36.659278456255826 ], [ 144.363713767163773, -36.659257854274422 ], [ 144.363757837444581, -36.659240302309492 ], [ 144.363803650442151, -36.65922593595716 ], [ 144.418319027047318, -36.644302510562916 ], [ 144.499629196637329, -36.607789586431792 ], [ 144.49967213930222, -36.607772186166031 ], [ 144.499716777281833, -36.607757824426443 ], [ 144.499762780541801, -36.607746607397381 ], [ 144.504360305626619, -36.60679734583826 ], [ 144.504415205676423, -36.606788346005224 ], [ 144.504470947414717, -36.6067838223235 ], [ 144.504526970831506, -36.606783820240295 ], [ 144.504582713087132, -36.606788339776543 ], [ 144.504637614166398, -36.606797335526664 ], [ 144.509261796438835, -36.607751734028298 ], [ 144.509315430114555, -36.607765150084788 ], [ 144.509367123369941, -36.607782837265567 ], [ 144.509416354420665, -36.607804617039257 ], [ 144.509462626334368, -36.60783026956446 ], [ 144.509505472046413, -36.607859535908524 ], [ 144.512832980328511, -36.610374414921367 ], [ 144.512873854525992, -36.610408749746824 ], [ 144.512910009447012, -36.610446368255197 ], [ 144.512941041860813, -36.610486850899989 ], [ 144.512966605664559, -36.610529746191254 ], [ 144.512986415743399, -36.61057457573083 ], [ 144.514481592778537, -36.614622463829804 ], [ 144.514495666972181, -36.614669762798385 ], [ 144.514503335305989, -36.614718009116743 ], [ 144.514504508424352, -36.614766640668506 ], [ 144.514499172646907, -36.614815090847841 ], [ 144.514487390128721, -36.614862795161031 ], [ 144.513303799360273, -36.618591008202294 ], [ 144.513288786975693, -36.618630617183605 ], [ 144.513269326746354, -36.618668947809816 ], [ 144.513245583049496, -36.618705676295889 ], [ 144.513217756446295, -36.618740492389854 ], [ 144.513186081987868, -36.618773101993654 ], [ 144.513150827230021, -36.618803229647469 ], [ 144.509232997575481, -36.621856884318035 ], [ 144.50919132584994, -36.62188628660536 ], [ 144.509146249561297, -36.621912221086014 ], [ 144.509098211075212, -36.621934433244753 ], [ 144.509047681828804, -36.62195270509612 ], [ 144.42210753182485, -36.64926527054007 ], [ 144.400717184125938, -36.659094596574818 ], [ 144.328784829812435, -36.711859177040822 ], [ 144.291819431055899, -36.769415598719249 ], [ 144.291814459752914, -36.769423156006525 ], [ 144.251294059134608, -36.829578432408411 ], [ 144.233476131348624, -36.869012711831459 ], [ 144.238038085488654, -36.936292083193756 ], [ 144.258395462365655, -36.98335692115802 ], [ 144.258411122338742, -36.983399878271179 ], [ 144.258421393222619, -36.983443869774035 ], [ 144.258426173683063, -36.983488461679428 ], [ 144.259114687315218, -36.998774894515847 ], [ 144.259114391829712, -36.998813032975605 ], [ 144.259110076468886, -36.998851014785494 ], [ 144.259101772141094, -36.99888856785185 ], [ 144.258003158969444, -37.002868559961541 ], [ 144.257988403327687, -37.002911728392036 ], [ 144.257968380514313, -37.002953509701484 ], [ 144.222835043818947, -37.066567748712387 ], [ 144.222807394089614, -37.066611239699327 ], [ 144.222774036412915, -37.066652078936237 ], [ 144.222735362185574, -37.066689787232015 ], [ 144.21944609301471, -37.069564077291957 ], [ 144.219410096212044, -37.069592809651077 ], [ 144.21937100991903, -37.06961882111289 ], [ 144.219329153226994, -37.069641899323948 ], [ 144.219284867845374, -37.069661855877193 ], [ 144.219238515311957, -37.06967852785025 ], [ 144.219190474041255, -37.069691779135411 ], [ 144.2141345577555, -37.070884446044154 ], [ 144.2140809181181, -37.07089483620031 ], [ 144.214026265830228, -37.070900963310116 ], [ 144.213971127232327, -37.070902768365173 ], [ 144.213916033348511, -37.070900233981483 ], [ 144.213861514772418, -37.070893384566993 ], [ 144.21004255068047, -37.07025829466361 ], [ 144.209982559467733, -37.070245513064329 ], [ 144.209924691926972, -37.070227510692305 ], [ 144.209869653245363, -37.070204506929016 ], [ 144.209818114135174, -37.070176782104092 ], [ 144.206326505004341, -37.068065386499171 ], [ 144.206279096311107, -37.06803327706762 ], [ 144.206236393066831, -37.067997175847864 ], [ 144.206198915655108, -37.067957522776815 ], [ 144.206167120774268, -37.06791480107421 ], [ 144.204357389656906, -37.065146232912923 ], [ 144.204336309611364, -37.065110194552197 ], [ 144.204319280132921, -37.065072806092509 ], [ 144.2043064340792, -37.06503435923787 ], [ 144.204297871668331, -37.064995153949468 ], [ 144.204293659697242, -37.064955496105213 ], [ 144.204115568684614, -37.061453194331378 ], [ 144.204116396112767, -37.061404297977127 ], [ 144.204123830157585, -37.0613557614097 ], [ 144.204137783254566, -37.06130815625211 ], [ 144.204158091064244, -37.061262043156965 ], [ 144.205608412714753, -37.058462812699716 ], [ 144.205627813792034, -37.058429312528212 ], [ 144.205650572816523, -37.058397198238133 ], [ 144.20567653689298, -37.058366685567655 ], [ 144.218520589749659, -37.044523841977266 ], [ 144.224498945191357, -37.036442470893853 ], [ 144.239102985575641, -36.963144053999123 ], [ 144.232844506886067, -36.943290559900831 ], [ 144.226330941357588, -36.929428089750502 ], [ 144.226314836523642, -36.929388305501519 ], [ 144.226303396603868, -36.929347493700917 ], [ 144.220289468061424, -36.902017269150257 ], [ 144.220281908360732, -36.901965712307245 ], [ 144.219803026125248, -36.89551820716548 ], [ 144.219802454317744, -36.895473866589974 ], [ 144.219807311277123, -36.895429695562122 ], [ 144.226449517122347, -36.856801499958806 ], [ 144.226451354222263, -36.856791620058011 ], [ 144.239304562693803, -36.792492750640704 ], [ 144.222900708166407, -36.715509264498287 ], [ 144.203372807901189, -36.69389060356788 ], [ 144.203342561203073, -36.693853371873104 ], [ 144.20331702107373, -36.693813919625413 ], [ 144.203296436478922, -36.693772631417559 ], [ 144.201144571670483, -36.688752485476201 ], [ 144.201130332318797, -36.688713701655807 ], [ 144.201120468034958, -36.688674045827483 ], [ 144.201115058269892, -36.688633837423076 ], [ 144.195719467463164, -36.619737679854069 ], [ 144.195718835488748, -36.619727918920574 ], [ 144.191227022309135, -36.532002243043486 ], [ 144.191228157448535, -36.531949462211735 ], [ 144.191236933119256, -36.531897150659859 ], [ 144.191939184814544, -36.528999794633016 ], [ 144.191952329274926, -36.528956864127188 ], [ 144.191970624251326, -36.528915180101549 ], [ 144.1919938935537, -36.52887514397591 ], [ 144.192021913090031, -36.528837141300201 ], [ 144.194044532785711, -36.526377063131186 ], [ 144.194077031508215, -36.526341458554704 ], [ 144.194113697763242, -36.526308596312582 ], [ 144.194154178433735, -36.526278792882408 ], [ 144.194198083669505, -36.526252335283857 ], [ 144.197233081244377, -36.52460413891346 ], [ 144.19727998630762, -36.524581280736292 ], [ 144.197329441468156, -36.524562243244674 ], [ 144.197380970451519, -36.524547209777147 ], [ 144.197434077012531, -36.524536325111796 ], [ 144.201019462808176, -36.523950872874039 ], [ 144.201080455356248, -36.523943713815285 ], [ 144.201142053945262, -36.523942024301249 ], [ 144.201203507944172, -36.523945824920048 ], [ 144.20126406848388, -36.52395506935796 ], [ 144.205687167857519, -36.524836713173279 ], [ 144.205735711076642, -36.524848295778732 ], [ 144.205782755050194, -36.524863379185319 ], [ 144.205827913095789, -36.524881839413887 ], [ 144.205870814031869, -36.524903524729147 ], [ 144.205911105228552, -36.524928256886803 ], [ 144.208884176525345, -36.526931156221117 ], [ 144.208925610669382, -36.526962065292402 ], [ 144.208962968171022, -36.526996191449001 ], [ 144.208995867551096, -36.527033186214069 ], [ 144.209023972852805, -36.527072671817685 ], [ 144.210683641370963, -36.529703746516383 ], [ 144.210704248266779, -36.529740370079367 ], [ 144.210720726577307, -36.52977833070377 ], [ 144.210732945012126, -36.529817325954028 ], [ 144.210740806219263, -36.529857045151019 ], [ 144.211346089644223, -36.534132777808608 ], [ 144.21134961607811, -36.534176181145988 ], [ 144.211347940726085, -36.534219656662039 ], [ 144.211341079188486, -36.534262799301693 ], [ 144.202896196419687, -36.572579811221047 ] ] ] } },
{ "type": "Feature", "properties": { "MODE": "REGIONAL TRAIN", "transit_time_minutes_nearest_tier": 15.0, "centre": "bendigo", "centre_name": "Bendigo" }, "geometry": { "type": "Polygon", "coordinates": [ [ [ 144.240213091287387, -36.791001537266695 ], [ 144.240232072528784, -36.79095993414775 ], [ 144.240256042781539, -36.790920031733606 ], [ 144.240284770213719, -36.790882215933955 ], [ 144.254233903891247, -36.774396030898593 ], [ 144.254266335028547, -36.77436139898149 ], [ 144.254302753497797, -36.774329434838094 ], [ 144.254342822118502, -36.774300434404367 ], [ 144.254386169916842, -36.774274666176922 ], [ 144.265982171575843, -36.768051102438882 ], [ 144.275932664864115, -36.759836205748989 ], [ 144.275982507316598, -36.759799723515634 ], [ 144.276037434171855, -36.759768321538687 ], [ 144.280224370893137, -36.757667471770688 ], [ 144.286947068312202, -36.752468744248468 ], [ 144.288186988529048, -36.749887267475522 ], [ 144.284886384733539, -36.74230068539751 ], [ 144.283462628996574, -36.740800688516231 ], [ 144.267191371371752, -36.737311740785756 ], [ 144.267140987064408, -36.737298854173787 ], [ 144.26709233756074, -36.737282200120518 ], [ 144.267045856632222, -36.737261927118098 ], [ 144.267001958713649, -36.737238215926219 ], [ 144.26410982663316, -36.735511171495553 ], [ 144.264066619000118, -36.735482567413364 ], [ 144.264027173901525, -36.735450635377269 ], [ 144.263991885202728, -36.73541569423756 ], [ 144.260114520520943, -36.731158098214003 ], [ 144.249688903348527, -36.726784820213283 ], [ 144.244704041374291, -36.725968529512109 ], [ 144.244651895996213, -36.725957865459897 ], [ 144.244601263219806, -36.725943221051374 ], [ 144.244552610744222, -36.725924731558479 ], [ 144.244506387975491, -36.725902567770355 ], [ 144.241449299517939, -36.724271486189068 ], [ 144.241405054109038, -36.724245275108956 ], [ 144.241364213285493, -36.724215699127562 ], [ 144.241327170367697, -36.724183043081482 ], [ 144.24129428209838, -36.724147621469925 ], [ 144.239245448984491, -36.721698902598646 ], [ 144.239219540115243, -36.721664755676422 ], [ 144.239197496117583, -36.721628893194861 ], [ 144.239179490791201, -36.721591597910695 ], [ 144.239165666092475, -36.721553163877118 ], [ 144.23846581900392, -36.719225124502053 ], [ 144.238456284574767, -36.719185854686216 ], [ 144.23845111481134, -36.719146058797776 ], [ 144.238450350467417, -36.719106050604431 ], [ 144.238453997562516, -36.71906614554733 ], [ 144.238885197898156, -36.716134252600362 ], [ 144.23889397711568, -36.716091930947464 ], [ 144.238907716310706, -36.716050473384456 ], [ 144.238926290909063, -36.716010255785562 ], [ 144.238949532497429, -36.715971642782286 ], [ 144.240600817606719, -36.713531510498036 ], [ 144.24063179770215, -36.713490981434148 ], [ 144.240667913831999, -36.713453308763256 ], [ 144.240708763198114, -36.713418912636001 ], [ 144.240753890215871, -36.713388176660224 ], [ 144.240802791595428, -36.713361443622951 ], [ 144.246221992459425, -36.71072408714938 ], [ 144.246275304254141, -36.71070120731018 ], [ 144.246331368345835, -36.710683087105082 ], [ 144.246389531540984, -36.710669937649087 ], [ 144.246449116190945, -36.71066191214387 ], [ 144.246509428086881, -36.710659104092983 ], [ 144.250176324910541, -36.710647925382489 ], [ 144.250225981033054, -36.71064954969502 ], [ 144.250275262446365, -36.710654714072788 ], [ 144.250323780602258, -36.71066337779839 ], [ 144.250371152969876, -36.710675472564638 ], [ 144.253164255409985, -36.711500106173816 ], [ 144.253214833816088, -36.711517349296315 ], [ 144.25326306950214, -36.711538500829597 ], [ 144.253308497937127, -36.711563357075903 ], [ 144.253350681623743, -36.711591678659488 ], [ 144.256553714852515, -36.713965998051499 ], [ 144.25659329630372, -36.713998457940683 ], [ 144.256628611475747, -36.714033965133197 ], [ 144.256659300515253, -36.714072157825321 ], [ 144.265568928726452, -36.726490681472704 ], [ 144.274743435387535, -36.732613015134419 ], [ 144.289568307858673, -36.735510789713715 ], [ 144.301671561566877, -36.732680941363363 ], [ 144.310321230283421, -36.721707068862472 ], [ 144.311952374793009, -36.710874124926271 ], [ 144.311037776891311, -36.70593644361837 ], [ 144.311032593444281, -36.705896057092311 ], [ 144.3110319457071, -36.7058554588315 ], [ 144.311035838931048, -36.705814978416676 ], [ 144.311044241503367, -36.705774944471308 ], [ 144.311057085204453, -36.705735681993886 ], [ 144.311074265761533, -36.705697509719641 ], [ 144.313385131447092, -36.701205694355039 ], [ 144.313408993088274, -36.701165146735271 ], [ 144.313437744138184, -36.70112671094865 ], [ 144.313471099536912, -36.701090768067409 ], [ 144.313508728576238, -36.701057674447227 ], [ 144.313550258178168, -36.701027758194407 ], [ 144.316233487179858, -36.699280416690513 ], [ 144.316276466742409, -36.699255054134149 ], [ 144.316322247056348, -36.699233098265033 ], [ 144.316370413057427, -36.699214748143547 ], [ 144.31642052805293, -36.699200170138816 ], [ 144.319924164275506, -36.698330379360577 ], [ 144.319977373779636, -36.698319439626196 ], [ 144.32003165863955, -36.69831275236939 ], [ 144.320086496071269, -36.698310381990986 ], [ 144.320141357969561, -36.698312351318648 ], [ 144.323791643601936, -36.698588334765049 ], [ 144.323846002121144, -36.698594623154847 ], [ 144.323899333476646, -36.698605171741193 ], [ 144.323951124066639, -36.698619878937173 ], [ 144.324000875126615, -36.698638603106737 ], [ 144.327242247630522, -36.700018356959674 ], [ 144.327285653128143, -36.700038895047435 ], [ 144.327326590790165, -36.700062491240487 ], [ 144.327364729295056, -36.70008895456872 ], [ 144.327399759974753, -36.700118070857435 ], [ 144.327431399312729, -36.700149604460492 ], [ 144.327459391238506, -36.700183300167495 ], [ 144.330739570329399, -36.704544048703475 ], [ 144.330764402994816, -36.704580810100445 ], [ 144.330784893421139, -36.704619267843604 ], [ 144.330800864894485, -36.70465909027746 ], [ 144.330812179671256, -36.704699933977118 ], [ 144.330818740166194, -36.704741446709811 ], [ 144.330820489794348, -36.704783270472525 ], [ 144.330817413459101, -36.704825044579323 ], [ 144.33017984291655, -36.709664583316439 ], [ 144.330171814264048, -36.709706553598558 ], [ 144.33015891441778, -36.70974772903427 ], [ 144.33014125792667, -36.709787743966672 ], [ 144.330119001581494, -36.709826243043999 ], [ 144.330092343022784, -36.709862884375511 ], [ 144.330061518985872, -36.709897342567707 ], [ 144.319958698168648, -36.720135153176095 ], [ 144.297669686024591, -36.749184762133439 ], [ 144.293884938387038, -36.756730692553205 ], [ 144.292907401531295, -36.766591390411065 ], [ 144.292901093535278, -36.766631831576177 ], [ 144.292890269493483, -36.766671648751903 ], [ 144.292875017950564, -36.76671051619315 ], [ 144.291376711833607, -36.770002091170305 ], [ 144.291353002432686, -36.770046607176333 ], [ 144.291323491629441, -36.770088819030221 ], [ 144.29128852028893, -36.770128239149876 ], [ 144.291248492351968, -36.770164412199321 ], [ 144.288664518758111, -36.772260843297232 ], [ 144.288623944870693, -36.77229067869601 ], [ 144.288579931230402, -36.772317171027758 ], [ 144.288532901715286, -36.772340065153251 ], [ 144.288483309249642, -36.772359140586268 ], [ 144.285098673806488, -36.773500378454415 ], [ 144.285049086987158, -36.77351492809855 ], [ 144.284998017967212, -36.773525658394774 ], [ 144.284945920200528, -36.773532474066137 ], [ 144.284893256276121, -36.773535314594582 ], [ 144.268398094968688, -36.77379712753914 ], [ 144.259822303309193, -36.778096966982126 ], [ 144.257925294915282, -36.78094746780846 ], [ 144.257476682408026, -36.789942636170828 ], [ 144.258942267168607, -36.794696105535543 ], [ 144.258953701530061, -36.794744276139603 ], [ 144.258958559533539, -36.794793160795557 ], [ 144.258956783630055, -36.794842180531802 ], [ 144.258948394840075, -36.794890754775757 ], [ 144.258246238955365, -36.797788597971476 ], [ 144.258232709021627, -36.797832544443082 ], [ 144.258213764144728, -36.797875177295886 ], [ 144.258189595546327, -36.797916066191746 ], [ 144.258160447177715, -36.797954798395544 ], [ 144.258126613257559, -36.797990982941251 ], [ 144.254493851655667, -36.801494601652259 ], [ 144.254459313632765, -36.801524974894384 ], [ 144.254421473552242, -36.801552687270977 ], [ 144.254380647083536, -36.801577507597443 ], [ 144.254337174810559, -36.80159922881522 ], [ 144.254291419390171, -36.801617669719278 ], [ 144.254243762526897, -36.801632676469858 ], [ 144.254194601788441, -36.801644123875903 ], [ 144.248200899791385, -36.802803924006419 ], [ 144.248142872378367, -36.802812580301392 ], [ 144.248084034655676, -36.802816280781428 ], [ 144.248025039281515, -36.80281498439895 ], [ 144.247966540662901, -36.802808705534055 ], [ 144.247909187696337, -36.802797513835124 ], [ 144.244391971208898, -36.801951130447272 ], [ 144.24434012601796, -36.801936388543659 ], [ 144.244290327330248, -36.801917631035806 ], [ 144.244243054740252, -36.801895038571608 ], [ 144.244198763513339, -36.801868828732168 ], [ 144.241352188361816, -36.800004398828861 ], [ 144.24131130714477, -36.799974823043762 ], [ 144.241274227593863, -36.799942167217949 ], [ 144.241241306804568, -36.79990674584856 ], [ 144.24121286181952, -36.799868900066329 ], [ 144.239470326386481, -36.797270330118302 ], [ 144.239446632854538, -36.797230424042226 ], [ 144.239427917124715, -36.79718884242169 ], [ 144.239414359432573, -36.797145985712838 ], [ 144.239406090337894, -36.797102266650974 ], [ 144.239032789931855, -36.794165219917474 ], [ 144.239029885742013, -36.794119743491073 ], [ 144.239032703066215, -36.794074263530156 ], [ 144.23904121312512, -36.79402924445511 ], [ 144.239055329008124, -36.79398514597915 ], [ 144.240213091287387, -36.791001537266695 ] ] ] } },
{ "type": "Feature", "properties": { "MODE": "REGIONAL TRAIN", "transit_time_minutes_nearest_tier": 90.0, "centre": "shepparton", "centre_name": "Shepparton" }, "geometry": { "type": "Polygon", "coordinates": [ [ [ 145.112673775653235, -37.048347796654774 ], [ 145.112692952617294, -37.048311407919655 ], [ 145.128841276512844, -37.021056277311374 ], [ 145.128848741992897, -37.021044145436008 ], [ 145.159813123679442, -36.972537572393243 ], [ 145.163971281844454, -36.899240788588443 ], [ 145.156921504549587, -36.871467157490308 ], [ 145.15691321804033, -36.871423820778283 ], [ 145.156910212842462, -36.871380042182821 ], [ 145.15683847519503, -36.862411297724016 ], [ 145.150431583909807, -36.78623370498358 ], [ 145.150430694478274, -36.786186605704152 ], [ 145.150435922605226, -36.786139689071732 ], [ 145.151063921878176, -36.782598219214215 ], [ 145.1510745060977, -36.782554273904601 ], [ 145.151090458308062, -36.782511390064862 ], [ 145.15111162109514, -36.782469990842849 ], [ 145.151137785631391, -36.782430484736537 ], [ 145.151168693736793, -36.782393261563371 ], [ 145.180631408033918, -36.75044934939006 ], [ 145.217085882954706, -36.703905154282083 ], [ 145.236963698748667, -36.650537523778219 ], [ 145.230732758756403, -36.613881427285087 ], [ 145.23072806562098, -36.613838899092563 ], [ 145.230728386287865, -36.613796203723467 ], [ 145.23073371787001, -36.613753724461887 ], [ 145.230744012496729, -36.613711842651121 ], [ 145.232215913651117, -36.608925219719069 ], [ 145.232231708375735, -36.608882870138366 ], [ 145.232252575781814, -36.608841972617405 ], [ 145.232278314898366, -36.608802921019091 ], [ 145.232308677838375, -36.608766091428535 ], [ 145.232343372186591, -36.60873183853144 ], [ 145.234333151387403, -36.606953130297569 ], [ 145.234367993684629, -36.606924635459542 ], [ 145.234405833781494, -36.606898744797185 ], [ 145.234446373332304, -36.606875662440402 ], [ 145.234489292708844, -36.606855570377363 ], [ 145.237734575254137, -36.605487839256469 ], [ 145.237783008459871, -36.605469744980823 ], [ 145.237833361709022, -36.605455458365896 ], [ 145.237885175719043, -36.605445109722673 ], [ 145.262654875162042, -36.601496597852773 ], [ 145.314232308804719, -36.577381433369283 ], [ 145.31593198949227, -36.575855759336108 ], [ 145.338640300853825, -36.51942263447188 ], [ 145.333122160918606, -36.477531220841939 ], [ 145.333119033569716, -36.477483454915387 ], [ 145.333134430499769, -36.431755685771641 ], [ 145.333137523207938, -36.431708414770618 ], [ 145.333146735383252, -36.431661666742691 ], [ 145.334317296353532, -36.427233530570057 ], [ 145.334328032076826, -36.427199475531097 ], [ 145.334342019037962, -36.427166200121441 ], [ 145.349372878014407, -36.395503127744433 ], [ 145.349393145166601, -36.395465608033874 ], [ 145.349417540736908, -36.395429730278856 ], [ 145.349445863350809, -36.395395790625905 ], [ 145.349477879219648, -36.395364069223398 ], [ 145.349513324070472, -36.395334827909316 ], [ 145.354150385060962, -36.391841648906613 ], [ 145.354189968641151, -36.391814498972145 ], [ 145.354232504586577, -36.391790444039422 ], [ 145.354277623962588, -36.391769692746934 ], [ 145.354324935428309, -36.391752425079225 ], [ 145.402116820251081, -36.376420272047476 ], [ 145.402167327825822, -36.376406280381801 ], [ 145.402219259362425, -36.376396261465089 ], [ 145.406252104357492, -36.375781581013207 ], [ 145.406302757770277, -36.375775791845534 ], [ 145.406353854247385, -36.375773783418587 ], [ 145.406404963178858, -36.375775572658114 ], [ 145.406455653849832, -36.375781144485529 ], [ 145.410040304215556, -36.376311613615641 ], [ 145.410095031302575, -36.37632204331377 ], [ 145.41014818015077, -36.376336879506752 ], [ 145.410199209688415, -36.376355971157828 ], [ 145.410247600417847, -36.376379123908343 ], [ 145.413470664723462, -36.378104349009966 ], [ 145.413510470540928, -36.378127763128191 ], [ 145.413547566042922, -36.378153926284789 ], [ 145.41358166181368, -36.378182634359277 ], [ 145.413612491840041, -36.378213663375874 ], [ 145.41363981558672, -36.3782467712509 ], [ 145.415884653741983, -36.381245580470754 ], [ 145.415908259966415, -36.381280508453351 ], [ 145.415927962460898, -36.381316984558929 ], [ 145.415943607503323, -36.381354724205401 ], [ 145.415955073026765, -36.381393432952208 ], [ 145.415962269571907, -36.381432808797484 ], [ 145.416357967335159, -36.384541979186565 ], [ 145.416360877802106, -36.38459166878112 ], [ 145.416356996973718, -36.384641315003222 ], [ 145.416346372129112, -36.384690312860364 ], [ 145.416329132730937, -36.384738065259974 ], [ 145.414886407521038, -36.388043686347061 ], [ 145.414865697050772, -36.388084616209369 ], [ 145.41484012442362, -36.388123707670779 ], [ 145.4148099359127, -36.388160584256127 ], [ 145.414775422246379, -36.388194890820252 ], [ 145.414736915808163, -36.388226296968526 ], [ 145.411224038158537, -36.390823057750879 ], [ 145.411186221998918, -36.390848622483304 ], [ 145.411145759959965, -36.390871385823843 ], [ 145.411102968530543, -36.39089116971931 ], [ 145.411058182420675, -36.390907819421415 ], [ 145.396088191074199, -36.395835736675565 ], [ 145.390713129770546, -36.398284291027011 ], [ 145.340367613921472, -36.464679848218665 ], [ 145.341174386060402, -36.48437510853806 ], [ 145.347420299520479, -36.53099293473057 ], [ 145.347423525930054, -36.531044517672328 ], [ 145.347419417396168, -36.531096059749927 ], [ 145.344076830384012, -36.553167793938989 ], [ 145.344068572677827, -36.553207488398677 ], [ 145.344055957801572, -36.553246430044751 ], [ 145.341873697956657, -36.55893136966877 ], [ 145.341856784229492, -36.558969326042828 ], [ 145.341835731220442, -36.559005910277136 ], [ 145.341810707591037, -36.55904082927519 ], [ 145.337780373558189, -36.564124865684065 ], [ 145.337740385896126, -36.564169126518962 ], [ 145.303738338542075, -36.597342732874935 ], [ 145.303709826285512, -36.597368461483903 ], [ 145.303678956225269, -36.597392355623541 ], [ 145.297502778380419, -36.601818835216001 ], [ 145.244924343916807, -36.66489708488681 ], [ 145.244241742666702, -36.666418688149349 ], [ 145.244032919624203, -36.678225278694981 ], [ 145.244029780704977, -36.678266954907699 ], [ 145.244021866345832, -36.678308218214539 ], [ 145.244009244483664, -36.678348714371019 ], [ 145.242631030262771, -36.682037459704823 ], [ 145.242614413752193, -36.68207563127433 ], [ 145.242593614357219, -36.682112448910203 ], [ 145.242568799663957, -36.682147615952658 ], [ 145.185261796046774, -36.755406611997365 ], [ 145.170233956959294, -36.78683867238388 ], [ 145.164105001011166, -36.817457680030799 ], [ 145.164587236080877, -36.831941592222528 ], [ 145.229750473951384, -36.884933824979122 ], [ 145.236509911637398, -36.887953243026573 ], [ 145.236559417167626, -36.887978149887914 ], [ 145.236605429996246, -36.888007056820882 ], [ 145.236647451224059, -36.88803965040146 ], [ 145.23668502522915, -36.888075577232627 ], [ 145.236717744607063, -36.888114447775934 ], [ 145.238970608586925, -36.891116537836012 ], [ 145.238996118306886, -36.891154535154264 ], [ 145.239016984199026, -36.891194318827971 ], [ 145.23903301475076, -36.891235523726245 ], [ 145.239044062827077, -36.891277771673828 ], [ 145.239050027021079, -36.891320674921772 ], [ 145.239339535604813, -36.894990351938702 ], [ 145.239340428292337, -36.895031761080375 ], [ 145.239336583775753, -36.895073061155884 ], [ 145.23932803452243, -36.895113903298594 ], [ 145.239314852741671, -36.895153942509545 ], [ 145.239297149774643, -36.895192840571767 ], [ 145.239275075154438, -36.895230268907127 ], [ 145.236610179524433, -36.899258748047039 ], [ 145.236584793697773, -36.899293312708217 ], [ 145.236555679642919, -36.899325926409311 ], [ 145.236523068256844, -36.899356330493319 ], [ 145.236487218174489, -36.899384283827267 ], [ 145.212079364847824, -36.916782399065895 ], [ 145.164593190625737, -36.981330210090647 ], [ 145.147800507871352, -37.027365389896389 ], [ 145.147779544435366, -37.027412819305077 ], [ 145.11226985005689, -37.095361379248729 ], [ 145.112247681866364, -37.095398825765173 ], [ 145.112221312477487, -37.095434482350797 ], [ 145.110231378239405, -37.097863054006659 ], [ 145.110202546881055, -37.097895085829428 ], [ 145.110170325116684, -37.097924972640214 ], [ 145.110134960414911, -37.097952484899615 ], [ 145.110096724384135, -37.097977411305244 ], [ 145.107697099272798, -37.099406379413566 ], [ 145.107650717665592, -37.099431235773096 ], [ 145.107601489689102, -37.099452288800215 ], [ 145.107549899797846, -37.099469331310367 ], [ 145.107496455691319, -37.099482195586674 ], [ 145.107441683317376, -37.099490755030544 ], [ 145.101150573067031, -37.100216420484017 ], [ 145.101092005590544, -37.100220686834298 ], [ 145.101033202097, -37.100220032265931 ], [ 145.100974805247859, -37.100214463932573 ], [ 145.100917453260223, -37.100204042690457 ], [ 145.100861772931239, -37.100188882432811 ], [ 145.097439027472063, -37.099093912350796 ], [ 145.097388826907803, -37.099075515291183 ], [ 145.097341119283044, -37.099053265400926 ], [ 145.097296364052795, -37.099027376961843 ], [ 145.097254992237481, -37.098998099297269 ], [ 145.09461605758591, -37.096937225129722 ], [ 145.094578469756357, -37.096904839355389 ], [ 145.094545025771993, -37.096869658298253 ], [ 145.094516047714166, -37.09683202077472 ], [ 145.094491814653253, -37.096792289257991 ], [ 145.093038448867986, -37.094079325461564 ], [ 145.093019195650584, -37.094037882333154 ], [ 145.093005106069342, -37.093995127033068 ], [ 145.092996315806488, -37.093951471320082 ], [ 145.092992909508155, -37.09390733562369 ], [ 145.092946260720851, -37.090955353508086 ], [ 145.092947993015287, -37.090913856757624 ], [ 145.092954485876533, -37.090872663903468 ], [ 145.092965684170167, -37.090832124687921 ], [ 145.092981492811333, -37.090792583303113 ], [ 145.112673775653235, -37.048347796654774 ] ] ] } },
{ "type": "Feature", "properties": { "MODE": "REGIONAL TRAIN", "transit_time_minutes_nearest_tier": 75.0, "centre": "shepparton", "centre_name": "Shepparton" }, "geometry": { "type": "Polygon", "coordinates": [ [ [ 145.243287551229741, -36.680911438161296 ], [ 145.243279016451964, -36.680922827742613 ], [ 145.198351143741206, -36.738873238593534 ], [ 145.164252665027902, -36.831497752507474 ], [ 145.164068560760313, -36.847123418501326 ], [ 145.169457072701448, -36.891822896564285 ], [ 145.180295809376702, -36.935427489190531 ], [ 145.180303737559683, -36.935469686560893 ], [ 145.180306657635612, -36.935512296754965 ], [ 145.180304543406749, -36.935554937614853 ], [ 145.180297413826651, -36.935597226706982 ], [ 145.180285332830351, -36.935638784752022 ], [ 145.14781821894843, -37.027324871568936 ], [ 145.147802792018012, -37.027362128426404 ], [ 145.147783379231925, -37.027398167349475 ], [ 145.147760127922851, -37.027432714811923 ], [ 145.146228286228563, -37.029488999574994 ], [ 145.146201116631033, -37.029522075641836 ], [ 145.146170429501836, -37.029553111210681 ], [ 145.146136461897953, -37.029581866528702 ], [ 145.146099476219348, -37.029608119457976 ], [ 145.143271849976799, -37.031443906267079 ], [ 145.14322480887725, -37.031471340133812 ], [ 145.143174482931869, -37.031494728915185 ], [ 145.143121411227497, -37.031513822071517 ], [ 145.139678208950102, -37.032584543189316 ], [ 145.139627558338958, -37.032598111234336 ], [ 145.139575530162347, -37.032607764026828 ], [ 145.139522594130881, -37.03261341442127 ], [ 145.139469228151739, -37.032615011405824 ], [ 145.135787030664204, -37.032584791988725 ], [ 145.135726748543533, -37.032581693751482 ], [ 145.135667229317477, -37.03257342670274 ], [ 145.135609160488514, -37.032560086334691 ], [ 145.135553212804666, -37.032541826740875 ], [ 145.131598279817609, -37.031047595844079 ], [ 145.131545101755876, -37.031024626162413 ], [ 145.13149530552721, -37.030997213581848 ], [ 145.131449466319083, -37.030965674742369 ], [ 145.131408113609979, -37.03093037394563 ], [ 145.129035170282293, -37.028672885793966 ], [ 145.129000812682932, -37.028636628319056 ], [ 145.128971194498035, -37.028597775862039 ], [ 145.12894661817046, -37.028556725170326 ], [ 145.128927334656112, -37.02851389543806 ], [ 145.12779074395641, -37.02552426949476 ], [ 145.127776951359976, -37.025480097927108 ], [ 145.127768789123195, -37.025435035793187 ], [ 145.127766340585282, -37.025389543248295 ], [ 145.127769630739436, -37.025344084842011 ], [ 145.128168386712503, -37.022409192862838 ], [ 145.128176130931678, -37.022369076417966 ], [ 145.128188346321394, -37.022329681595522 ], [ 145.128204933737919, -37.022291328113923 ], [ 145.128225758555658, -37.022254327239629 ], [ 145.159860478360372, -36.972155042783477 ], [ 145.163971297853976, -36.899240851636883 ], [ 145.156921504549587, -36.871467157490308 ], [ 145.15691321804033, -36.871423820778283 ], [ 145.156910212842462, -36.871380042182821 ], [ 145.15683847519503, -36.862411297724016 ], [ 145.150431583909807, -36.78623370498358 ], [ 145.150430404584824, -36.786194993708783 ], [ 145.150433361540621, -36.786156343924112 ], [ 145.150825384950366, -36.783148028709782 ], [ 145.150834691463473, -36.783100873672588 ], [ 145.150850148430663, -36.783054775372882 ], [ 145.150871582316228, -36.783010251324782 ], [ 145.150898752486796, -36.782967801368535 ], [ 145.150931353913251, -36.782927902059129 ], [ 145.180630761448469, -36.750450168264713 ], [ 145.210416688680425, -36.712408341533738 ], [ 145.230753970074801, -36.615166825181895 ], [ 145.230846078271156, -36.61176714376225 ], [ 145.230849386604319, -36.61172705472864 ], [ 145.230857110998272, -36.61168736259669 ], [ 145.230869190042512, -36.611648382892263 ], [ 145.230885527710285, -36.611610425477423 ], [ 145.232239070727047, -36.608867094857061 ], [ 145.232259443732715, -36.608830608167828 ], [ 145.232283750997084, -36.608795722314191 ], [ 145.232311800868132, -36.608762712348216 ], [ 145.232343372186591, -36.60873183853144 ], [ 145.234333151387403, -36.606953130297569 ], [ 145.234367993684629, -36.606924635459542 ], [ 145.234405833781494, -36.606898744797185 ], [ 145.234446373332304, -36.606875662440402 ], [ 145.234489292708844, -36.606855570377363 ], [ 145.237734575254137, -36.605487839256469 ], [ 145.237783008459871, -36.605469744980823 ], [ 145.237833361709022, -36.605455458365896 ], [ 145.237885175719043, -36.605445109722673 ], [ 145.262654875162042, -36.601496597852773 ], [ 145.314232308804719, -36.577381433369283 ], [ 145.31593198949227, -36.575855759336108 ], [ 145.338640300853825, -36.51942263447188 ], [ 145.333122160918606, -36.477531220841939 ], [ 145.333119033569716, -36.477483454915387 ], [ 145.333134430499769, -36.431755685771641 ], [ 145.333137523207938, -36.431708414770618 ], [ 145.333146735383252, -36.431661666742691 ], [ 145.334317296353532, -36.427233530570057 ], [ 145.334328032076826, -36.427199475531097 ], [ 145.334342019037962, -36.427166200121441 ], [ 145.349372878014407, -36.395503127744433 ], [ 145.349393145166601, -36.395465608033874 ], [ 145.349417540736908, -36.395429730278856 ], [ 145.349445863350809, -36.395395790625905 ], [ 145.349477879219648, -36.395364069223398 ], [ 145.349513324070472, -36.395334827909316 ], [ 145.354150385060962, -36.391841648906613 ], [ 145.354189968641151, -36.391814498972145 ], [ 145.354232504586577, -36.391790444039422 ], [ 145.354277623962588, -36.391769692746934 ], [ 145.354324935428309, -36.391752425079225 ], [ 145.402116820251081, -36.376420272047476 ], [ 145.402167327825822, -36.376406280381801 ], [ 145.402219259362425, -36.376396261465089 ], [ 145.406252104357492, -36.375781581013207 ], [ 145.406304376285647, -36.375775669736591 ], [ 145.406357105331779, -36.375773784115374 ], [ 145.406409818470394, -36.375775941065285 ], [ 145.40646204281876, -36.375782121236561 ], [ 145.410249025750858, -36.376379538342405 ], [ 145.410303600522951, -36.376390484050724 ], [ 145.410356533464267, -36.376405821357828 ], [ 145.410407285664405, -36.376425394114918 ], [ 145.410455340414131, -36.376449003051981 ], [ 145.413476072124809, -36.378107280189901 ], [ 145.413523745987192, -36.378136595870608 ], [ 145.413567253896389, -36.378169879469745 ], [ 145.413606093304793, -36.378206746542155 ], [ 145.41363981558672, -36.3782467712509 ], [ 145.415884653741983, -36.381245580470754 ], [ 145.415908259966415, -36.381280508453351 ], [ 145.415927962460898, -36.381316984558929 ], [ 145.415943607503323, -36.381354724205401 ], [ 145.415955073026765, -36.381393432952208 ], [ 145.415962269571907, -36.381432808797484 ], [ 145.416357967335159, -36.384541979186565 ], [ 145.416360877802106, -36.38459166878112 ], [ 145.416356996973718, -36.384641315003222 ], [ 145.416346372129112, -36.384690312860364 ], [ 145.416329132730937, -36.384738065259974 ], [ 145.414886407521038, -36.388043686347061 ], [ 145.414865616449248, -36.388084755503741 ], [ 145.414839930167915, -36.388123972115864 ], [ 145.414809597766151, -36.388160955874767 ], [ 145.414774913390715, -36.388195348124647 ], [ 145.414736213393581, -36.388226815340822 ], [ 145.40988520233077, -36.391800399391727 ], [ 145.34052217276863, -36.469353690374035 ], [ 145.341174326671222, -36.484374665002214 ], [ 145.347420299520479, -36.53099293473057 ], [ 145.347423525930054, -36.531044517672328 ], [ 145.347419417396168, -36.531096059749927 ], [ 145.344076830384012, -36.553167793938989 ], [ 145.344068684270098, -36.553207066997977 ], [ 145.344056272819699, -36.55324560655086 ], [ 145.341919026600749, -36.558851205014911 ], [ 145.341902208038476, -36.558889177327949 ], [ 145.341881249148969, -36.558925784710155 ], [ 145.341856317749006, -36.558960734037989 ], [ 145.337780970087039, -36.564124111609097 ], [ 145.337740484645849, -36.564169030092032 ], [ 145.303770036072052, -36.597330560187629 ], [ 145.243287551229741, -36.680911438161296 ] ] ] } },
{ "type": "Feature", "properties": { "MODE": "REGIONAL TRAIN", "transit_time_minutes_nearest_tier": 60.0, "centre": "shepparton", "centre_name": "Shepparton" }, "geometry": { "type": "Polygon", "coordinates": [ [ [ 145.180426172698105, -36.750688218536808 ], [ 145.2258089965718, -36.692625063882829 ], [ 145.237043205201445, -36.659051698871636 ], [ 145.237037562261492, -36.650364560422382 ], [ 145.230732929931264, -36.613882426460457 ], [ 145.230728105187382, -36.613839654914422 ], [ 145.230728353217557, -36.613796707348094 ], [ 145.230733671760277, -36.613753973871951 ], [ 145.230744012496729, -36.613711842651121 ], [ 145.232215913651117, -36.608925219719069 ], [ 145.232231708375735, -36.608882870138366 ], [ 145.232252575781814, -36.608841972617405 ], [ 145.232278314898366, -36.608802921019091 ], [ 145.232308677838375, -36.608766091428535 ], [ 145.232343372186591, -36.60873183853144 ], [ 145.234333151387403, -36.606953130297569 ], [ 145.234367993684629, -36.606924635459542 ], [ 145.234405833781494, -36.606898744797185 ], [ 145.234446373332304, -36.606875662440402 ], [ 145.234489292708844, -36.606855570377363 ], [ 145.237734575254137, -36.605487839256469 ], [ 145.23778238308708, -36.605469950324746 ], [ 145.237832068309388, -36.605455771612149 ], [ 145.237883189111926, -36.605445429197879 ], [ 145.273364965557477, -36.599679757283354 ], [ 145.308928325804317, -36.583130464436302 ], [ 145.322336152175893, -36.570076417420168 ], [ 145.338911582804798, -36.539367206610642 ], [ 145.338731007144531, -36.519341948808716 ], [ 145.333054454597317, -36.476272618378047 ], [ 145.33305132435342, -36.476224267480617 ], [ 145.333134431114303, -36.431755128169122 ], [ 145.333137559600289, -36.431708137524524 ], [ 145.333146735383252, -36.431661666742691 ], [ 145.334317296353532, -36.427233530570057 ], [ 145.334328032076826, -36.427199475531097 ], [ 145.334342019037962, -36.427166200121441 ], [ 145.349372878014407, -36.395503127744433 ], [ 145.349393066819033, -36.395465736839895 ], [ 145.349417355816513, -36.395429975353963 ], [ 145.349445545914023, -36.39539613640936 ], [ 145.349477406043832, -36.395364497370167 ], [ 145.349512675057412, -36.395335317568374 ], [ 145.354119519221882, -36.391853804599556 ], [ 145.354159227014577, -36.391826492601474 ], [ 145.354201917348433, -36.391802299561604 ], [ 145.35424721674076, -36.39178143713481 ], [ 145.35429472888444, -36.391764087837636 ], [ 145.402250819709764, -36.37638011880906 ], [ 145.402305288377562, -36.376365212411578 ], [ 145.402361366653452, -36.376354924433997 ], [ 145.406464934733435, -36.375780192314856 ], [ 145.406521946348562, -36.375774634654704 ], [ 145.406579362534671, -36.37577385103998 ], [ 145.406636573596245, -36.375777849791824 ], [ 145.406692972015804, -36.37578658844793 ], [ 145.410909193176991, -36.376623970261079 ], [ 145.410956461964901, -36.37663516996642 ], [ 145.411002323134994, -36.376649701214092 ], [ 145.411046418391152, -36.376667450477207 ], [ 145.411088403233066, -36.376688279087681 ], [ 145.41112794964738, -36.376712024319609 ], [ 145.414126414692362, -36.378684386564736 ], [ 145.414164123796866, -36.378711577489177 ], [ 145.414198632476399, -36.378741418364363 ], [ 145.414229657079261, -36.378773663910053 ], [ 145.414256942590555, -36.378808049080128 ], [ 145.414280264728376, -36.3788442912413 ], [ 145.416194416960394, -36.382179811239382 ], [ 145.416214976333464, -36.382220790351589 ], [ 145.416230469274836, -36.382263201592707 ], [ 145.416240746571219, -36.382306636521335 ], [ 145.416245709238154, -36.38235067683673 ], [ 145.416245309473339, -36.382394898407277 ], [ 145.415988963059249, -36.386066198032303 ], [ 145.415983403255041, -36.386109134490802 ], [ 145.415972787458116, -36.386151443740992 ], [ 145.415957213092042, -36.386192737468527 ], [ 145.415936823090703, -36.386232636678962 ], [ 145.415911804586841, -36.386270775176115 ], [ 145.413699136471138, -36.389285288545864 ], [ 145.41366584079924, -36.389325548721899 ], [ 145.413627393445438, -36.389362687315391 ], [ 145.41358423850275, -36.389396275343501 ], [ 145.413536874442997, -36.389425924834931 ], [ 145.410533498591292, -36.391105282752285 ], [ 145.410485329107502, -36.391129385959999 ], [ 145.410434382297581, -36.391149411524559 ], [ 145.386567139762462, -36.39934289798051 ], [ 145.386541240530789, -36.399351174488707 ], [ 145.363848714973415, -36.406075297876654 ], [ 145.340429684716156, -36.438920904638451 ], [ 145.340189438001261, -36.469213200287108 ], [ 145.341154066941783, -36.48417233801495 ], [ 145.347438688174151, -36.532243131412173 ], [ 145.347441732479268, -36.532295953740842 ], [ 145.34743708834975, -36.532348700187164 ], [ 145.344060892466217, -36.553241762817819 ], [ 145.344051580226846, -36.553283757877345 ], [ 145.344037387423953, -36.553324854262065 ], [ 145.341451621124918, -36.559638778568974 ], [ 145.341433844080115, -36.559676439231815 ], [ 145.341411967502722, -36.559712668071427 ], [ 145.341386166343, -36.559747175350971 ], [ 145.337727129830995, -36.564179531760409 ], [ 145.337692249296879, -36.564217335638723 ], [ 145.302093887858177, -36.598837590927346 ], [ 145.302050604366798, -36.598875098195442 ], [ 145.302002320528175, -36.59890840157216 ], [ 145.30194966045741, -36.598937070575168 ], [ 145.296228744704706, -36.601683162992387 ], [ 145.296178753187661, -36.601704472982121 ], [ 145.296126346826611, -36.601721600840342 ], [ 145.296072062117958, -36.601734371224602 ], [ 145.274533969220215, -36.605858343647377 ], [ 145.244990132815445, -36.634029090101862 ], [ 145.24426547440919, -36.635910378781226 ], [ 145.24414226350234, -36.676958801812319 ], [ 145.244139046228639, -36.677005982359326 ], [ 145.244129713196628, -36.677052632164013 ], [ 145.24294887056476, -36.681466602982667 ], [ 145.242936532537584, -36.681504596196532 ], [ 145.242920134424736, -36.681541579909464 ], [ 145.242899800762132, -36.681577273234844 ], [ 145.242875685976315, -36.681611405085846 ], [ 145.186631845544355, -36.753634792423384 ], [ 145.168768584809612, -36.789749812368655 ], [ 145.168748125591833, -36.789786339053848 ], [ 145.168723713684869, -36.78982125988108 ], [ 145.168695542035124, -36.789854298836197 ], [ 145.168663833306994, -36.789885194778876 ], [ 145.166667775213284, -36.791662771021834 ], [ 145.16663282366531, -36.791691245472869 ], [ 145.166594869336592, -36.791717114043543 ], [ 145.166554211475784, -36.791740172772769 ], [ 145.166511170648448, -36.791760239853417 ], [ 145.163256721608377, -36.793125993460031 ], [ 145.163206784461835, -36.793144501403475 ], [ 145.163154832158625, -36.793158983574955 ], [ 145.163101365035175, -36.793169300500864 ], [ 145.163046898017399, -36.793175352821926 ], [ 145.159390281187683, -36.793435372575495 ], [ 145.159336974826829, -36.793437111555484 ], [ 145.159283704471108, -36.793434765037503 ], [ 145.159230953105833, -36.793428354296644 ], [ 145.159179199010566, -36.793417937457015 ], [ 145.155871280688757, -36.792615705351601 ], [ 145.155820994246568, -36.792601375452819 ], [ 145.155772630394893, -36.792583263866526 ], [ 145.155726627631111, -36.792561534804371 ], [ 145.155683403044463, -36.792536385276428 ], [ 145.152815110693638, -36.79069395580207 ], [ 145.152773884259034, -36.790664696102873 ], [ 145.152736422190287, -36.790632327230654 ], [ 145.152703085266978, -36.790597160919063 ], [ 145.152674194539401, -36.790559535842512 ], [ 145.150901019149984, -36.787974498865168 ], [ 145.150876854583174, -36.787934777004295 ], [ 145.150857647042756, -36.78789334134818 ], [ 145.150843581500851, -36.787850590947322 ], [ 145.150834793408166, -36.787806937513238 ], [ 145.150426597599989, -36.784872896701899 ], [ 145.150423171948432, -36.784828760617017 ], [ 145.150425141150208, -36.784784566979994 ], [ 145.150432486231523, -36.784740741399396 ], [ 145.15044513644628, -36.784697705938555 ], [ 145.151463904780343, -36.781861356845731 ], [ 145.151480136585405, -36.781822791334257 ], [ 145.151500629658926, -36.781785561759413 ], [ 145.151525216692079, -36.781749972058456 ], [ 145.151553696954466, -36.781716312780439 ], [ 145.180426172698105, -36.750688218536808 ] ] ] } },
{ "type": "Feature", "properties": { "MODE": "REGIONAL TRAIN", "transit_time_minutes_nearest_tier": 45.0, "centre": "shepparton", "centre_name": "Shepparton" }, "geometry": { "type": "Polygon", "coordinates": [ [ [ 145.180426172698105, -36.750688218536808 ], [ 145.2258089965718, -36.692625063882829 ], [ 145.237043205201445, -36.659051698871636 ], [ 145.237037562261492, -36.650364560422382 ], [ 145.230732929931264, -36.613882426460457 ], [ 145.230728105187382, -36.613839654914422 ], [ 145.230728353217557, -36.613796707348094 ], [ 145.230733671760277, -36.613753973871951 ], [ 145.230744012496729, -36.613711842651121 ], [ 145.232215913651117, -36.608925219719069 ], [ 145.232231708375735, -36.608882870138366 ], [ 145.232252575781814, -36.608841972617405 ], [ 145.232278314898366, -36.608802921019091 ], [ 145.232308677838375, -36.608766091428535 ], [ 145.232343372186591, -36.60873183853144 ], [ 145.234333151387403, -36.606953130297569 ], [ 145.234367993684629, -36.606924635459542 ], [ 145.234405833781494, -36.606898744797185 ], [ 145.234446373332304, -36.606875662440402 ], [ 145.234489292708844, -36.606855570377363 ], [ 145.237734575254137, -36.605487839256469 ], [ 145.23778238308708, -36.605469950324746 ], [ 145.237832068309388, -36.605455771612149 ], [ 145.237883189111926, -36.605445429197879 ], [ 145.273364965557477, -36.599679757283354 ], [ 145.308928325804317, -36.583130464436302 ], [ 145.322336152175893, -36.570076417420168 ], [ 145.338911582804798, -36.539367206610642 ], [ 145.338731007144531, -36.519341948808716 ], [ 145.333054454597317, -36.476272618378047 ], [ 145.33305132435342, -36.476224267480617 ], [ 145.333134431114303, -36.431755128169122 ], [ 145.333137559600289, -36.431708137524524 ], [ 145.333146735383252, -36.431661666742691 ], [ 145.334317296353532, -36.427233530570057 ], [ 145.334328032076826, -36.427199475531097 ], [ 145.334342019037962, -36.427166200121441 ], [ 145.349372878014407, -36.395503127744433 ], [ 145.349393066819033, -36.395465736839895 ], [ 145.349417355816513, -36.395429975353963 ], [ 145.349445545914023, -36.39539613640936 ], [ 145.349477406043832, -36.395364497370167 ], [ 145.349512675057412, -36.395335317568374 ], [ 145.354119519221882, -36.391853804599556 ], [ 145.354159227014577, -36.391826492601474 ], [ 145.354201917348433, -36.391802299561604 ], [ 145.35424721674076, -36.39178143713481 ], [ 145.35429472888444, -36.391764087837636 ], [ 145.402250819709764, -36.37638011880906 ], [ 145.402305288377562, -36.376365212411578 ], [ 145.402361366653452, -36.376354924433997 ], [ 145.406464934733435, -36.375780192314856 ], [ 145.406521946348562, -36.375774634654704 ], [ 145.406579362534671, -36.37577385103998 ], [ 145.406636573596245, -36.375777849791824 ], [ 145.406692972015804, -36.37578658844793 ], [ 145.410909193176991, -36.376623970261079 ], [ 145.410956461964901, -36.37663516996642 ], [ 145.411002323134994, -36.376649701214092 ], [ 145.411046418391152, -36.376667450477207 ], [ 145.411088403233066, -36.376688279087681 ], [ 145.41112794964738, -36.376712024319609 ], [ 145.414126414692362, -36.378684386564736 ], [ 145.414164123796866, -36.378711577489177 ], [ 145.414198632476399, -36.378741418364363 ], [ 145.414229657079261, -36.378773663910053 ], [ 145.414256942590555, -36.378808049080128 ], [ 145.414280264728376, -36.3788442912413 ], [ 145.416194416960394, -36.382179811239382 ], [ 145.416214976333464, -36.382220790351589 ], [ 145.416230469274836, -36.382263201592707 ], [ 145.416240746571219, -36.382306636521335 ], [ 145.416245709238154, -36.38235067683673 ], [ 145.416245309473339, -36.382394898407277 ], [ 145.415988963059249, -36.386066198032303 ], [ 145.415983403255041, -36.386109134490802 ], [ 145.415972787458116, -36.386151443740992 ], [ 145.415957213092042, -36.386192737468527 ], [ 145.415936823090703, -36.386232636678962 ], [ 145.415911804586841, -36.386270775176115 ], [ 145.413699136471138, -36.389285288545864 ], [ 145.41366584079924, -36.389325548721899 ], [ 145.413627393445438, -36.389362687315391 ], [ 145.41358423850275, -36.389396275343501 ], [ 145.413536874442997, -36.389425924834931 ], [ 145.410533498591292, -36.391105282752285 ], [ 145.410485329107502, -36.391129385959999 ], [ 145.410434382297581, -36.391149411524559 ], [ 145.386567139762462, -36.39934289798051 ], [ 145.386541240530789, -36.399351174488707 ], [ 145.363848714973415, -36.406075297876654 ], [ 145.340429684716156, -36.438920904638451 ], [ 145.340189438001261, -36.469213200287108 ], [ 145.341154066941783, -36.48417233801495 ], [ 145.347438688174151, -36.532243131412173 ], [ 145.347441732479268, -36.532295953740842 ], [ 145.34743708834975, -36.532348700187164 ], [ 145.344060892466217, -36.553241762817819 ], [ 145.344051580226846, -36.553283757877345 ], [ 145.344037387423953, -36.553324854262065 ], [ 145.341451621124918, -36.559638778568974 ], [ 145.341433844080115, -36.559676439231815 ], [ 145.341411967502722, -36.559712668071427 ], [ 145.341386166343, -36.559747175350971 ], [ 145.337727129830995, -36.564179531760409 ], [ 145.337692249296879, -36.564217335638723 ], [ 145.302093887858177, -36.598837590927346 ], [ 145.302050604366798, -36.598875098195442 ], [ 145.302002320528175, -36.59890840157216 ], [ 145.30194966045741, -36.598937070575168 ], [ 145.296228744704706, -36.601683162992387 ], [ 145.296178753187661, -36.601704472982121 ], [ 145.296126346826611, -36.601721600840342 ], [ 145.296072062117958, -36.601734371224602 ], [ 145.274533969220215, -36.605858343647377 ], [ 145.244990132815445, -36.634029090101862 ], [ 145.24426547440919, -36.635910378781226 ], [ 145.24414226350234, -36.676958801812319 ], [ 145.244139046228639, -36.677005982359326 ], [ 145.244129713196628, -36.677052632164013 ], [ 145.24294887056476, -36.681466602982667 ], [ 145.242936532537584, -36.681504596196532 ], [ 145.242920134424736, -36.681541579909464 ], [ 145.242899800762132, -36.681577273234844 ], [ 145.242875685976315, -36.681611405085846 ], [ 145.186631845544355, -36.753634792423384 ], [ 145.168768584809612, -36.789749812368655 ], [ 145.168748125591833, -36.789786339053848 ], [ 145.168723713684869, -36.78982125988108 ], [ 145.168695542035124, -36.789854298836197 ], [ 145.168663833306994, -36.789885194778876 ], [ 145.166667775213284, -36.791662771021834 ], [ 145.16663282366531, -36.791691245472869 ], [ 145.166594869336592, -36.791717114043543 ], [ 145.166554211475784, -36.791740172772769 ], [ 145.166511170648448, -36.791760239853417 ], [ 145.163256721608377, -36.793125993460031 ], [ 145.163206784461835, -36.793144501403475 ], [ 145.163154832158625, -36.793158983574955 ], [ 145.163101365035175, -36.793169300500864 ], [ 145.163046898017399, -36.793175352821926 ], [ 145.159390281187683, -36.793435372575495 ], [ 145.159336974826829, -36.793437111555484 ], [ 145.159283704471108, -36.793434765037503 ], [ 145.159230953105833, -36.793428354296644 ], [ 145.159179199010566, -36.793417937457015 ], [ 145.155871280688757, -36.792615705351601 ], [ 145.155820994246568, -36.792601375452819 ], [ 145.155772630394893, -36.792583263866526 ], [ 145.155726627631111, -36.792561534804371 ], [ 145.155683403044463, -36.792536385276428 ], [ 145.152815110693638, -36.79069395580207 ], [ 145.152773884259034, -36.790664696102873 ], [ 145.152736422190287, -36.790632327230654 ], [ 145.152703085266978, -36.790597160919063 ], [ 145.152674194539401, -36.790559535842512 ], [ 145.150901019149984, -36.787974498865168 ], [ 145.150876854583174, -36.787934777004295 ], [ 145.150857647042756, -36.78789334134818 ], [ 145.150843581500851, -36.787850590947322 ], [ 145.150834793408166, -36.787806937513238 ], [ 145.150426597599989, -36.784872896701899 ], [ 145.150423171948432, -36.784828760617017 ], [ 145.150425141150208, -36.784784566979994 ], [ 145.150432486231523, -36.784740741399396 ], [ 145.15044513644628, -36.784697705938555 ], [ 145.151463904780343, -36.781861356845731 ], [ 145.151480136585405, -36.781822791334257 ], [ 145.151500629658926, -36.781785561759413 ], [ 145.151525216692079, -36.781749972058456 ], [ 145.151553696954466, -36.781716312780439 ], [ 145.180426172698105, -36.750688218536808 ] ] ] } },
{ "type": "Feature", "properties": { "MODE": "REGIONAL TRAIN", "transit_time_minutes_nearest_tier": 30.0, "centre": "shepparton", "centre_name": "Shepparton" }, "geometry": { "type": "Polygon", "coordinates": [ [ [ 145.23770497125102, -36.605501255159268 ], [ 145.237747124999288, -36.605482710978954 ], [ 145.237791097452543, -36.605467152509917 ], [ 145.237836564027333, -36.605454694596894 ], [ 145.237883189111926, -36.605445429197879 ], [ 145.273364965557477, -36.599679757283354 ], [ 145.308928325804317, -36.583130464436302 ], [ 145.322336152175893, -36.570076417420168 ], [ 145.338911582804798, -36.539367206610642 ], [ 145.338731007144531, -36.519341948808716 ], [ 145.333054454597317, -36.476272618378047 ], [ 145.33305132435342, -36.476224267480617 ], [ 145.333134431114303, -36.431755128169122 ], [ 145.333137559600289, -36.431708137524524 ], [ 145.333146735383252, -36.431661666742691 ], [ 145.334317296353532, -36.427233530570057 ], [ 145.334328081710879, -36.427199340433788 ], [ 145.334342144109655, -36.427165937015545 ], [ 145.349475374395467, -36.395346649833463 ], [ 145.349496137677193, -36.395308375615073 ], [ 145.349521197649409, -36.395271821154516 ], [ 145.349550338753915, -36.395237300873454 ], [ 145.349583310329621, -36.39520511169632 ], [ 145.349619828769107, -36.395175530496203 ], [ 145.354124301612018, -36.391850232254825 ], [ 145.354163098360459, -36.391824094523713 ], [ 145.354204662014126, -36.391800903173468 ], [ 145.354248651362667, -36.391780848588624 ], [ 145.354294705283223, -36.391764095402934 ], [ 145.354342445705214, -36.391750781147941 ], [ 145.354391480713673, -36.391741015124026 ], [ 145.359830904529645, -36.390866739884579 ], [ 145.398326873054714, -36.378320118616635 ], [ 145.402164907993694, -36.376414908440296 ], [ 145.402215073547012, -36.376392784515829 ], [ 145.402267777022928, -36.37637493109078 ], [ 145.402322464286271, -36.376361535879155 ], [ 145.40237856034517, -36.376352739720481 ], [ 145.407188077543196, -36.375803607259257 ], [ 145.407247804243724, -36.375799420269836 ], [ 145.407307741526608, -36.37580044604664 ], [ 145.407367195691904, -36.375806672717559 ], [ 145.407425478630955, -36.375818028216599 ], [ 145.411128996002503, -36.37671247190228 ], [ 145.411176700978729, -36.37672592517373 ], [ 145.411222703141959, -36.376742817008008 ], [ 145.411266624372672, -36.376763008561397 ], [ 145.411308103654932, -36.376786333867813 ], [ 145.411346800043816, -36.376812601202836 ], [ 145.414693633609318, -36.379301962457667 ], [ 145.414731151691853, -36.379332676453522 ], [ 145.414764862975915, -36.379366152595352 ], [ 145.414794458058623, -36.379402083643555 ], [ 145.414819665313928, -36.379440139827274 ], [ 145.414840253385705, -36.379479971870992 ], [ 145.416318517070977, -36.38277528196199 ], [ 145.416334298464022, -36.382816524095432 ], [ 145.416345126683922, -36.382858798057484 ], [ 145.416350902341691, -36.382901715860427 ], [ 145.416351572420211, -36.382944883606775 ], [ 145.416347130760897, -36.382987905104386 ], [ 145.415752133949383, -36.38663344370115 ], [ 145.41574232592879, -36.386676949598844 ], [ 145.415727291070766, -36.386719468701081 ], [ 145.415707174161383, -36.386760591523753 ], [ 145.415682168930744, -36.386799922028985 ], [ 145.415652516187549, -36.386837081439502 ], [ 145.413002230231427, -36.389825334226302 ], [ 145.412965157298885, -36.389862755767261 ], [ 145.412923376608802, -36.389896780836182 ], [ 145.412877361136452, -36.389927024249936 ], [ 145.412827631799161, -36.389953143635374 ], [ 145.412774751559226, -36.389974843305481 ], [ 145.386574675771527, -36.399340258817062 ], [ 145.386535487807265, -36.399352850925503 ], [ 145.363503618790475, -36.405946718532924 ], [ 145.344317657181762, -36.423656413058083 ], [ 145.340239595831321, -36.438993070234559 ], [ 145.340189364604583, -36.469211976644061 ], [ 145.34117384462985, -36.484371373918023 ], [ 145.347437842770773, -36.532318455569104 ], [ 145.34744088097554, -36.532371358476553 ], [ 145.3474362074044, -36.532424183697792 ], [ 145.344060861268844, -36.553241955501107 ], [ 145.344049770177264, -36.553289954384304 ], [ 145.344032307538811, -36.553336703394415 ], [ 145.34072920568255, -36.560707055315632 ], [ 145.340710864565153, -36.560743037297087 ], [ 145.340688744556445, -36.5607776089319 ], [ 145.340663010531671, -36.560810512526679 ], [ 145.340633854305253, -36.560841502821219 ], [ 145.300322906311834, -36.600023986302482 ], [ 145.30028152766269, -36.600059993002141 ], [ 145.300235537178764, -36.600092157063635 ], [ 145.300185480593711, -36.600120096817079 ], [ 145.300131951892837, -36.600143480719296 ], [ 145.295810125619909, -36.601792527667122 ], [ 145.295752257021064, -36.601811492757129 ], [ 145.295692125008031, -36.601825132590861 ], [ 145.285344100988056, -36.603675746946763 ], [ 145.243741422462591, -36.620758464260497 ], [ 145.243687912586665, -36.620777647319606 ], [ 145.243632206717166, -36.620792212713916 ], [ 145.243574916192244, -36.620802000596761 ], [ 145.243516669741553, -36.620806903551873 ], [ 145.238748880147369, -36.621005469124249 ], [ 145.23869858871393, -36.621005736613739 ], [ 145.238648470974312, -36.62100235966669 ], [ 145.238598932557153, -36.620995365614448 ], [ 145.238550374402024, -36.620984811063465 ], [ 145.238503189514347, -36.620970781437123 ], [ 145.238457759784438, -36.620953390284249 ], [ 145.233830809271069, -36.618971672309989 ], [ 145.23378477409355, -36.618949612335541 ], [ 145.23374156891245, -36.618924102535878 ], [ 145.233701590266151, -36.618895377042463 ], [ 145.23366520507841, -36.618863699500359 ], [ 145.233632747290699, -36.618829360648519 ], [ 145.231555173886306, -36.6163979489721 ], [ 145.23152631008827, -36.616360342644242 ], [ 145.231502157835678, -36.616320636729789 ], [ 145.231482949722277, -36.616279213621333 ], [ 145.231468870725706, -36.616236472248502 ], [ 145.230703775724635, -36.613349223338325 ], [ 145.230694962192018, -36.613305575262203 ], [ 145.230691498037913, -36.613261440936327 ], [ 145.230693416614884, -36.613217245398857 ], [ 145.230700699436653, -36.613173414276702 ], [ 145.231364412964496, -36.610269912332811 ], [ 145.231376989036647, -36.61022686766573 ], [ 145.231394737890952, -36.610185024043027 ], [ 145.231417488588875, -36.610144784439385 ], [ 145.231445022022768, -36.61010653638138 ], [ 145.233436347562588, -36.60762878995299 ], [ 145.233465802113386, -36.607595545016068 ], [ 145.233498870243466, -36.607564587451598 ], [ 145.233535280141467, -36.607536171718813 ], [ 145.233574732528922, -36.607510531383703 ], [ 145.233616903120378, -36.607487877199475 ], [ 145.23770497125102, -36.605501255159268 ] ] ] } },
{ "type": "Feature", "properties": { "MODE": "REGIONAL TRAIN", "transit_time_minutes_nearest_tier": 15.0, "centre": "shepparton", "centre_name": "Shepparton" }, "geometry": { "type": "Polygon", "coordinates": [ [ [ 145.350990627773427, -36.393669685482472 ], [ 145.351018378576811, -36.39362771641111 ], [ 145.351051449144819, -36.393588347435738 ], [ 145.351089470644382, -36.393552017625623 ], [ 145.351132019028114, -36.393519132154609 ], [ 145.351178619763743, -36.393490057782479 ], [ 145.354183383164354, -36.391812214067045 ], [ 145.354231285003323, -36.391788261002539 ], [ 145.354281932264797, -36.391768338802912 ], [ 145.354334807768112, -36.391752650901473 ], [ 145.35438937158014, -36.391741357493238 ], [ 145.35817816187398, -36.391120116675729 ], [ 145.358226795787459, -36.3911139350949 ], [ 145.3582759146542, -36.391111247349365 ], [ 145.358325135258809, -36.391112074408333 ], [ 145.358374073592046, -36.391116409819276 ], [ 145.358422347846926, -36.391124219758183 ], [ 145.362632083194711, -36.391963081348848 ], [ 145.362679283781574, -36.391974293756078 ], [ 145.36272507764852, -36.391988827457268 ], [ 145.362769108041988, -36.392006569229046 ], [ 145.362811031946109, -36.392027380855886 ], [ 145.368695791593581, -36.395245855334331 ], [ 145.384798374948787, -36.393668908032936 ], [ 145.394379764145668, -36.389650902833367 ], [ 145.397211351662094, -36.380089494748184 ], [ 145.397225555361928, -36.380049701086591 ], [ 145.397244217406012, -36.380011130022396 ], [ 145.397267180137902, -36.379974107389373 ], [ 145.397294249571388, -36.379938945940289 ], [ 145.397325197029289, -36.379905942704873 ], [ 145.399662530638523, -36.377637807863856 ], [ 145.399703288203057, -36.377602320840133 ], [ 145.399748520001197, -36.377570575805898 ], [ 145.399797703574222, -36.377542939434761 ], [ 145.399850270819854, -36.377519730942566 ], [ 145.403761097898979, -36.376007614548669 ], [ 145.403815922687556, -36.375989247561542 ], [ 145.403872851893453, -36.375975699284368 ], [ 145.403931239916375, -36.375967123359956 ], [ 145.403990424613141, -36.375963617042558 ], [ 145.408165276336206, -36.375896486496039 ], [ 145.408220485848545, -36.375897811756047 ], [ 145.40827526193155, -36.375903550231662 ], [ 145.408329066456218, -36.375913645547186 ], [ 145.408381370837844, -36.375927998524645 ], [ 145.411776367825553, -36.377014077949326 ], [ 145.411826172391784, -36.377032343282956 ], [ 145.411873523203184, -36.377054468228032 ], [ 145.411917964250165, -36.377080239712448 ], [ 145.411959067544103, -36.377109409546279 ], [ 145.41458180739366, -36.379163356937958 ], [ 145.414619179185621, -36.379195643372256 ], [ 145.414652457473721, -36.379230736389225 ], [ 145.414681321767489, -36.379268298027512 ], [ 145.414705494083876, -36.379307966551352 ], [ 145.416156693619911, -36.382017152547121 ], [ 145.416176339092146, -36.382059548542962 ], [ 145.416190624341624, -36.382103324523342 ], [ 145.416199405164633, -36.38214803861591 ], [ 145.416202592918211, -36.382193239478376 ], [ 145.416200155415396, -36.382238470854098 ], [ 145.415671685693269, -36.386780316583867 ], [ 145.415664628965516, -36.386820984540968 ], [ 145.415653022632966, -36.386860964203443 ], [ 145.415636963077446, -36.386899923546565 ], [ 145.415616583664502, -36.38693753901866 ], [ 145.415592053636317, -36.386973498228173 ], [ 145.41556357670612, -36.387007502538275 ], [ 145.415531389366606, -36.387039269546882 ], [ 145.411454937443295, -36.390707644238987 ], [ 145.411414174010048, -36.390740706564607 ], [ 145.411369398635117, -36.39077018181392 ], [ 145.41132109184764, -36.39079575365578 ], [ 145.411269772077958, -36.390817147650488 ], [ 145.411215990093439, -36.390834134195217 ], [ 145.400021676795348, -36.393838777898772 ], [ 145.386174191481558, -36.399455383876699 ], [ 145.386116355510353, -36.399475615564761 ], [ 145.386056064334582, -36.399490440563454 ], [ 145.38599408854148, -36.399499669392775 ], [ 145.369178049159501, -36.401214937806586 ], [ 145.364505961975283, -36.405320257788411 ], [ 145.364468162392825, -36.405350445928022 ], [ 145.364426978881539, -36.405377587767319 ], [ 145.364382785612406, -36.405401436708047 ], [ 145.364335984102894, -36.405421776069538 ], [ 145.360422887853673, -36.406932583356109 ], [ 145.360376705470628, -36.406948391912906 ], [ 145.360328952334243, -36.406960781475895 ], [ 145.360280014934233, -36.406969651770048 ], [ 145.360230289345623, -36.406974931003546 ], [ 145.360180178023029, -36.406976576448855 ], [ 145.360130086543109, -36.406974574788535 ], [ 145.354511659811749, -36.406544473186372 ], [ 145.354461353851718, -36.406538741356698 ], [ 145.354411902318162, -36.406529331389414 ], [ 145.354363715903304, -36.40651632143382 ], [ 145.354317194791975, -36.406499819536904 ], [ 145.354272725338092, -36.406479962745941 ], [ 145.354230676855877, -36.406456915970338 ], [ 145.3541913985527, -36.406430870611928 ], [ 145.349655978093779, -36.403132585287921 ], [ 145.349619799419543, -36.403103756259213 ], [ 145.349587017612919, -36.403072384494266 ], [ 145.349557904919237, -36.403038730532501 ], [ 145.349532703111407, -36.403003073866458 ], [ 145.34951162148181, -36.402965710620492 ], [ 145.349494835104537, -36.402926951091487 ], [ 145.34948248338145, -36.40288711717178 ], [ 145.348361287794006, -36.398416161357396 ], [ 145.348353474342417, -36.398375583789608 ], [ 145.348350262746635, -36.398334599678655 ], [ 145.348351679670998, -36.398293549390182 ], [ 145.348357713340931, -36.398252773838735 ], [ 145.348368313640719, -36.398212611656838 ], [ 145.348383392530224, -36.398173396382468 ], [ 145.348402824776002, -36.398135453689299 ], [ 145.350990627773427, -36.393669685482472 ] ] ] } },
{ "type": "Feature", "properties": { "MODE": "REGIONAL TRAIN", "transit_time_minutes_nearest_tier": 90.0, "centre": "traralgon", "centre_name": "Traralgon" }, "geometry": { "type": "Polygon", "coordinates": [ [ [ 145.857678347341789, -38.12847404537866 ], [ 145.857730249775102, -38.128475064304105 ], [ 145.857781819767382, -38.128479807875237 ], [ 145.857832629834007, -38.12848823677065 ], [ 145.857882258789317, -38.128500281119777 ], [ 145.857930295237878, -38.128515841081963 ], [ 145.936797023091032, -38.157404687413447 ], [ 146.065864110358063, -38.195431947052839 ], [ 146.15361764921704, -38.199193120510962 ], [ 146.257344255285687, -38.1692866636754 ], [ 146.257406396437773, -38.16927181842167 ], [ 146.257470271560322, -38.169262642648505 ], [ 146.261180052018915, -38.168900327065863 ], [ 146.261231622796885, -38.168897154881726 ], [ 146.261283345545735, -38.168897683105364 ], [ 146.261334795127254, -38.168901907395075 ], [ 146.261385548648491, -38.168909793028959 ], [ 146.26143518893744, -38.16892127519057 ], [ 146.2660442424515, -38.170168979322945 ], [ 146.266097068065989, -38.170185645185747 ], [ 146.26614752889364, -38.170206381087681 ], [ 146.266195123295859, -38.170230980890835 ], [ 146.322349442017924, -38.202495956199975 ], [ 146.485972315293282, -38.208676564935068 ], [ 146.536536239737188, -38.190761640765018 ], [ 146.536580003361934, -38.190747806960303 ], [ 146.536625064341024, -38.19073687102459 ], [ 146.536671115204797, -38.190728907578226 ], [ 146.591925652619523, -38.183032680647784 ], [ 146.686957777432553, -38.167081627043949 ], [ 146.78381290802804, -38.148759288743669 ], [ 146.903596731359272, -38.103407792163061 ], [ 146.903645742986043, -38.103391378537118 ], [ 146.903696478494624, -38.103378648982456 ], [ 146.903748495476947, -38.103369714499308 ], [ 146.929513686751847, -38.099927900477958 ], [ 147.059200451723626, -37.999862944264898 ], [ 147.060155135813545, -37.998207920534455 ], [ 147.063274414423546, -37.983068145396075 ], [ 147.063285645055856, -37.983026267190823 ], [ 147.063301847722016, -37.982985421932739 ], [ 147.072071492662474, -37.96406853985939 ], [ 147.07209568285441, -37.964023937338986 ], [ 147.072125794382885, -37.963981654392867 ], [ 147.074011110501118, -37.961638906097832 ], [ 147.074042567942996, -37.961603661891687 ], [ 147.074078140778084, -37.961570962677492 ], [ 147.074117502518732, -37.961541108564212 ], [ 147.074160291904491, -37.961514373548567 ], [ 147.074206116217795, -37.961491003000361 ], [ 147.079007516220059, -37.959292325781348 ], [ 147.079053936852659, -37.959273265019696 ], [ 147.079102371679625, -37.959257659129477 ], [ 147.079152411572409, -37.959245639933208 ], [ 147.079203633845282, -37.959237308956652 ], [ 147.079255605825409, -37.959232736571266 ], [ 147.079307888507628, -37.959231961399809 ], [ 147.084164990257932, -37.959336666557491 ], [ 147.084216042251143, -37.959339589646831 ], [ 147.084266555858846, -37.959346133557709 ], [ 147.084316122262663, -37.959356245328756 ], [ 147.084364340309634, -37.959369843122985 ], [ 147.084410819758887, -37.959386816890181 ], [ 147.08445518443969, -37.959407029257463 ], [ 147.088953016532656, -37.961675188893594 ], [ 147.088994910039133, -37.961698474685683 ], [ 147.089033990772805, -37.961724647125457 ], [ 147.089069942439977, -37.961753494392383 ], [ 147.08910247407033, -37.961784783017599 ], [ 147.08913132237177, -37.961818259773402 ], [ 147.089156253861603, -37.961853653722549 ], [ 147.091329758116018, -37.96529438208924 ], [ 147.091350483520472, -37.965331225776495 ], [ 147.091366963339425, -37.965369389373706 ], [ 147.091379065462263, -37.965408566957102 ], [ 147.091386692870003, -37.965448444474212 ], [ 147.091389784413082, -37.965488702261275 ], [ 147.091447982031099, -37.968378792096701 ], [ 147.091446708179518, -37.96841694006455 ], [ 147.091441360372158, -37.968454865794349 ], [ 147.064811726887569, -38.104424906323487 ], [ 147.064802187574998, -38.104462740724628 ], [ 147.064788586216537, -38.104499791394652 ], [ 147.064771022573069, -38.104535786564803 ], [ 147.062925308146532, -38.107883558087167 ], [ 147.062902671244274, -38.107920029046269 ], [ 147.062875968070387, -38.107954740366402 ], [ 147.062845415783244, -38.10798740975752 ], [ 147.062811262845031, -38.108017771535273 ], [ 147.06277378700139, -38.108045578781763 ], [ 147.059772194848676, -38.110079420672584 ], [ 147.059726897343523, -38.110107117470093 ], [ 147.059678310995423, -38.110131083224701 ], [ 147.059626926238991, -38.110151076022774 ], [ 147.05957326175772, -38.110166894054117 ], [ 147.05951785924816, -38.110178377649127 ], [ 147.054077951738407, -38.111077747853251 ], [ 147.054024097364731, -38.111084544533192 ], [ 147.053969667431545, -38.111087244337703 ], [ 147.053915160040134, -38.11108582256027 ], [ 147.053861074000736, -38.111080292211838 ], [ 147.030064310870927, -38.107723423553715 ], [ 146.854249941281665, -38.145786505008545 ], [ 146.841351104712061, -38.154775188637913 ], [ 146.841306742671065, -38.154803124776286 ], [ 146.841259085215341, -38.154827442598844 ], [ 146.841208603897485, -38.154847901488509 ], [ 146.833579505811912, -38.157569888421925 ], [ 146.833516367922698, -38.157588942921265 ], [ 146.833450818874354, -38.157601967007857 ], [ 146.788301116590702, -38.164347154021648 ], [ 146.788248927998808, -38.164352983944617 ], [ 146.722288225037062, -38.169262521150415 ], [ 146.54210824336954, -38.206208998689903 ], [ 146.419877605908908, -38.244607747473857 ], [ 146.419825205315078, -38.244621894812362 ], [ 146.419771313477867, -38.24463197267535 ], [ 146.419716437245029, -38.244637886281389 ], [ 146.419661092723004, -38.244639580013512 ], [ 146.394013617572796, -38.2444401956459 ], [ 146.393954520929384, -38.244437309276407 ], [ 146.393896120813793, -38.244429613072242 ], [ 146.39383904493198, -38.244417189755033 ], [ 146.393783906755885, -38.244400172855087 ], [ 146.333096388559227, -38.222724830901676 ], [ 146.060458369043715, -38.210893004672997 ], [ 146.060402205326056, -38.210888295443425 ], [ 146.060346906295109, -38.210879230311797 ], [ 146.060293013264072, -38.210865898015214 ], [ 145.929225869179959, -38.172636611958929 ], [ 145.929180520596248, -38.172621568308791 ], [ 145.851174552508411, -38.143523821976295 ], [ 145.851130930040398, -38.143505667331041 ], [ 145.85108945614968, -38.143484604927536 ], [ 145.85105044082286, -38.14346079219257 ], [ 145.851014175669775, -38.143434407109524 ], [ 145.847084766205285, -38.140316798599876 ], [ 145.84704500756834, -38.140281769781929 ], [ 145.847010091612873, -38.140243657029721 ], [ 145.846980399179103, -38.140202876060151 ], [ 145.846956254129736, -38.140159871693214 ], [ 145.846937919817776, -38.140115112999901 ], [ 145.846925596214277, -38.14006908818574 ], [ 145.845954962029481, -38.135199680386599 ], [ 145.845948699149289, -38.135151547966323 ], [ 145.845949009144107, -38.135103162644647 ], [ 145.845955888424243, -38.135055082748494 ], [ 145.845969257596039, -38.135007863079437 ], [ 145.845988962378811, -38.134962048511753 ], [ 145.847448891291606, -38.132085055327593 ], [ 145.847471973165796, -38.13204527965182 ], [ 145.847499832010271, -38.132007460554014 ], [ 145.847532204942951, -38.131971954893977 ], [ 145.847568786488324, -38.131939097701469 ], [ 145.850123971831437, -38.129857223598684 ], [ 145.850164294633061, -38.129827404514273 ], [ 145.850208080618188, -38.129800806857659 ], [ 145.850254918965163, -38.129777680179124 ], [ 145.850304370215298, -38.129758241462625 ], [ 145.853725824191088, -38.128572884899462 ], [ 145.853778113040534, -38.128557136914175 ], [ 145.853832104204258, -38.128545513173826 ], [ 145.85388727772613, -38.128538125619599 ], [ 145.853943102264026, -38.128535045396411 ], [ 145.857678347341789, -38.12847404537866 ] ] ] } },
{ "type": "Feature", "properties": { "MODE": "REGIONAL TRAIN", "transit_time_minutes_nearest_tier": 75.0, "centre": "traralgon", "centre_name": "Traralgon" }, "geometry": { "type": "Polygon", "coordinates": [ [ [ 145.925419516982572, -38.159329257723201 ], [ 145.92545268752346, -38.159289548770658 ], [ 145.925490976791366, -38.159252823276951 ], [ 145.925533957752123, -38.159219490829003 ], [ 145.925581151048675, -38.159189923171766 ], [ 145.925632030347259, -38.159164450062377 ], [ 145.930479298229386, -38.157012004846564 ], [ 145.930526128766076, -38.156993390685251 ], [ 145.930574925867006, -38.15697825004424 ], [ 145.930625277343609, -38.156966710816064 ], [ 145.930676757878302, -38.156958870472238 ], [ 145.930728932616802, -38.156954795239869 ], [ 145.930781360841308, -38.156954519542261 ], [ 145.935649285336154, -38.157105595861402 ], [ 145.935709659115275, -38.157110014573149 ], [ 145.935769097916676, -38.157119467983335 ], [ 145.935826930262607, -38.157133849297189 ], [ 146.065464183436063, -38.195371442255976 ], [ 146.152702495206626, -38.199226287254724 ], [ 146.257345574807204, -38.169286283962016 ], [ 146.257395360585008, -38.169274014245794 ], [ 146.257446357574452, -38.169265384904328 ], [ 146.257498139638074, -38.169260468045479 ], [ 146.262141061843579, -38.168988720528503 ], [ 146.262192767709195, -38.168987549467765 ], [ 146.262244395420254, -38.168990080244939 ], [ 146.262295520619745, -38.168996292058168 ], [ 146.262345723080699, -38.16900613384901 ], [ 146.262394590160483, -38.169019524722181 ], [ 146.266070501904949, -38.170176660885801 ], [ 146.266114221797977, -38.17019213219784 ], [ 146.266156143352703, -38.170210444710108 ], [ 146.266195970962684, -38.170231469293995 ], [ 146.325665052352832, -38.204531554443385 ], [ 146.359895782589149, -38.219267121206869 ], [ 146.362383607392644, -38.219660848988376 ], [ 146.483336927802441, -38.20968715720371 ], [ 146.536535438704846, -38.190761925394696 ], [ 146.536579451268778, -38.190747961169201 ], [ 146.536624781153989, -38.190736929827544 ], [ 146.536671115204797, -38.190728907578226 ], [ 146.591925652619523, -38.183032680647784 ], [ 146.686957847003612, -38.167081615336571 ], [ 146.783357480575944, -38.148865716029391 ], [ 146.906808968105537, -38.102604638431636 ], [ 146.906864729701027, -38.102586491858389 ], [ 146.906922605308665, -38.102573101678452 ], [ 146.906981947208948, -38.102564617748989 ], [ 146.984773806143892, -38.094747729709411 ], [ 146.98484995822858, -38.09474411956927 ], [ 147.055652485583465, -38.095118116749383 ], [ 147.05571299090829, -38.095120965491446 ], [ 147.055772771346341, -38.095128875656151 ], [ 147.055831150892004, -38.095141757794167 ], [ 147.055887469380366, -38.095159466232467 ], [ 147.061744229517615, -38.097292460553838 ], [ 147.061797493566417, -38.097314622819518 ], [ 147.061847503054224, -38.097341100458934 ], [ 147.061893700240773, -38.097371598176949 ], [ 147.061935569901067, -38.097405775843676 ], [ 147.061972645071592, -38.097443252287704 ], [ 147.063988332964755, -38.099718811979066 ], [ 147.064017306333596, -38.099755080224078 ], [ 147.064041783176549, -38.099793361638049 ], [ 147.06406154156852, -38.099833309144451 ], [ 147.064076402363156, -38.099874560560572 ], [ 147.064926800630815, -38.102748208585197 ], [ 147.064936850715412, -38.10279169366121 ], [ 147.064941458409777, -38.102835747743363 ], [ 147.064940579329715, -38.10287994656737 ], [ 147.064934221931651, -38.10292386447432 ], [ 147.064328206828321, -38.105835924242577 ], [ 147.064316431524105, -38.105879138155075 ], [ 147.064299352307501, -38.105921231994877 ], [ 147.064277133652922, -38.105961800373194 ], [ 147.064249989531447, -38.106000452591658 ], [ 147.062279660901851, -38.108507568782898 ], [ 147.06224785070853, -38.10854393202991 ], [ 147.062211682706589, -38.108577656597276 ], [ 147.06217150521212, -38.108608417695336 ], [ 147.062127705156712, -38.108635919074281 ], [ 147.059092952555375, -38.110356348279005 ], [ 147.059044507086583, -38.110380980630424 ], [ 147.058993162560768, -38.110401624151535 ], [ 147.058939443291308, -38.110418068036765 ], [ 147.058883897842804, -38.110430144365957 ], [ 147.055023185577198, -38.111105720096063 ], [ 147.054965829877858, -38.111113354553616 ], [ 147.054907788140241, -38.111116331934596 ], [ 147.054849664512858, -38.111114621247836 ], [ 147.054792063996672, -38.11110824029965 ], [ 147.013040187772532, -38.104744720085307 ], [ 146.958139575190444, -38.103260155012876 ], [ 146.860877540687483, -38.140335095409192 ], [ 146.842847657098531, -38.153818200459675 ], [ 146.842798932022447, -38.153850745699437 ], [ 146.842745907908864, -38.153878789455618 ], [ 146.83607969131873, -38.156992373547766 ], [ 146.83602195313216, -38.157015941621935 ], [ 146.835961194342445, -38.157034170650128 ], [ 146.835898203737514, -38.157046823977446 ], [ 146.788303834530979, -38.164346743125378 ], [ 146.788248829734073, -38.164352991279152 ], [ 146.722173158749484, -38.169261948659461 ], [ 146.659564112756897, -38.1775570713001 ], [ 146.541755733286152, -38.20629164800512 ], [ 146.434156342042115, -38.240384910893248 ], [ 146.434131452586115, -38.240392257044306 ], [ 146.418103185133987, -38.244789175264444 ], [ 146.418054721706369, -38.244800595708725 ], [ 146.418005167074938, -38.244808589745858 ], [ 146.4179549099307, -38.24481309467312 ], [ 146.417904344475204, -38.24481407515529 ], [ 146.394007922162416, -38.244440128361994 ], [ 146.393950008657271, -38.244436888522891 ], [ 146.393892811499427, -38.244429028354013 ], [ 146.393836921798879, -38.24441662908702 ], [ 146.393782917152976, -38.24439981886345 ], [ 146.329882405393789, -38.221460024571961 ], [ 146.189939428197164, -38.205089343111908 ], [ 146.155198995493151, -38.215225812063252 ], [ 146.15514308252682, -38.215239588267352 ], [ 146.155085674635018, -38.215248771722564 ], [ 146.155027376188968, -38.215253265748508 ], [ 146.154968800935819, -38.21525302303359 ], [ 146.061155051387516, -38.211024299583777 ], [ 146.061099154636622, -38.211019570468444 ], [ 146.061044118466583, -38.211010526391142 ], [ 146.060990476614109, -38.21099725506074 ], [ 145.928553428236512, -38.172391843307203 ], [ 145.928506089020033, -38.172376062824391 ], [ 145.928460740298107, -38.172356984040064 ], [ 145.928417749904128, -38.172334761707027 ], [ 145.928377466541662, -38.172309576076074 ], [ 145.924861594066527, -38.169900157195286 ], [ 145.924824454815422, -38.169872299942661 ], [ 145.924790630473012, -38.169841925017629 ], [ 145.924760393735085, -38.169809277309945 ], [ 145.924733988372196, -38.169774620032754 ], [ 145.924711627264713, -38.169738232600423 ], [ 145.922905668268527, -38.166428666133548 ], [ 145.922887223391115, -38.16639009318078 ], [ 145.922873323348597, -38.16635035026389 ], [ 145.922864084599837, -38.166309770382099 ], [ 145.922859584547041, -38.166268693546797 ], [ 145.922859860887456, -38.166227463932763 ], [ 145.923097526639765, -38.162556763348569 ], [ 145.923102928174103, -38.162513822821325 ], [ 145.92311350929478, -38.162471487443447 ], [ 145.923129172880351, -38.162430145766443 ], [ 145.923149775163409, -38.16239017722102 ], [ 145.923175127050399, -38.1623519486349 ], [ 145.925419516982572, -38.159329257723201 ] ] ] } },
{ "type": "Feature", "properties": { "MODE": "REGIONAL TRAIN", "transit_time_minutes_nearest_tier": 60.0, "centre": "traralgon", "centre_name": "Traralgon" }, "geometry": { "type": "Polygon", "coordinates": [ [ [ 146.189008641379985, -38.204856695741498 ], [ 146.188967751737749, -38.204871397404766 ], [ 146.158661159586359, -38.214645367624549 ], [ 146.158609776678304, -38.214659712593587 ], [ 146.158556894025367, -38.214670126143332 ], [ 146.154888762452003, -38.215247193158497 ], [ 146.154841160772889, -38.215253045715386 ], [ 146.154793103149473, -38.215255711014372 ], [ 146.154744931813212, -38.215255170075103 ], [ 146.061375254703478, -38.211056841723341 ], [ 146.061323214138383, -38.211052586689817 ], [ 146.061271885876494, -38.21104459031357 ], [ 146.061221701059452, -38.211032919761735 ], [ 146.058353528938341, -38.210251504184967 ], [ 146.058306397954567, -38.210236784415073 ], [ 146.058261107690811, -38.210218823913891 ], [ 146.058218015238396, -38.210197764291614 ], [ 146.058177460359161, -38.210173771593389 ], [ 146.055287736819167, -38.208300346152555 ], [ 146.055242310323194, -38.208267498501293 ], [ 146.05520163548735, -38.208230978920938 ], [ 146.055166186212318, -38.208191212905817 ], [ 146.055136375513143, -38.208148663774153 ], [ 146.055112550707264, -38.208103827269866 ], [ 146.052940566042651, -38.203304740965834 ], [ 146.052923007173121, -38.20325813904563 ], [ 146.052911915989057, -38.203210315215792 ], [ 146.05290742170186, -38.203161826673252 ], [ 146.052909576661676, -38.203113238358576 ], [ 146.052918355748261, -38.203065116373615 ], [ 146.053650197577042, -38.200171157234209 ], [ 146.053663358669354, -38.200129545599026 ], [ 146.053681475370041, -38.200089110389996 ], [ 146.053704383416715, -38.200050218211722 ], [ 146.053731875107445, -38.200013221678418 ], [ 146.055654758986634, -38.197686848777082 ], [ 146.055686583187736, -38.197652082765075 ], [ 146.055722453159859, -38.197619862962341 ], [ 146.055762043685945, -38.197590481487175 ], [ 146.055804995818193, -38.197564204723953 ], [ 146.058866076194448, -38.195869217350392 ], [ 146.058913449080279, -38.195845634288787 ], [ 146.058963522897074, -38.195825829175831 ], [ 146.05901581541238, -38.195809992742603 ], [ 146.059069823027926, -38.195798277500209 ], [ 146.062719739977865, -38.195156651010862 ], [ 146.062771271864165, -38.195149529854923 ], [ 146.062823413505015, -38.19514616241085 ], [ 146.062875726811711, -38.195146576971574 ], [ 146.154307066437411, -38.199148581957523 ], [ 146.215999361216689, -38.187623463602414 ], [ 146.255738019603911, -38.169833858291724 ], [ 146.255792145415938, -38.169812524492741 ], [ 146.255848828253846, -38.169795834976711 ], [ 146.255907430852346, -38.169783977377712 ], [ 146.261360948342372, -38.168920700123117 ], [ 146.261421896131395, -38.168913726946819 ], [ 146.261483440880994, -38.168911980453203 ], [ 146.261544865546341, -38.168915480990336 ], [ 146.261605454481668, -38.168924187774195 ], [ 146.261664501777545, -38.168937999363706 ], [ 146.266050534534202, -38.170170714976159 ], [ 146.266101416402108, -38.170187237278796 ], [ 146.26615004593782, -38.170207551681898 ], [ 146.266195970962684, -38.170231469293995 ], [ 146.325664923290731, -38.204531480070486 ], [ 146.361303204215972, -38.219852296717711 ], [ 146.398418160292721, -38.228510298843503 ], [ 146.481755236504085, -38.210672908505934 ], [ 146.536531224848403, -38.190763442048222 ], [ 146.536576543931176, -38.190748781556024 ], [ 146.536623288807647, -38.190737241736024 ], [ 146.536671115204797, -38.190728907578226 ], [ 146.591926526168635, -38.183032558761127 ], [ 146.690828035144023, -38.16668380351647 ], [ 146.788047556140356, -38.148252750376756 ], [ 146.877708960468709, -38.119167581776878 ], [ 146.889254805780411, -38.110757575091398 ], [ 146.889287089043592, -38.110735756800565 ], [ 146.889321338987543, -38.110715898475341 ], [ 146.900754729988904, -38.104590084797771 ], [ 146.900802698026069, -38.104567020232203 ], [ 146.900853305027169, -38.104547796476062 ], [ 146.906566305242023, -38.102645146692588 ], [ 146.906614846352795, -38.102630992626224 ], [ 146.906664811644248, -38.102620374750884 ], [ 146.906715789483741, -38.10261338054049 ], [ 146.98470960820913, -38.094748131581966 ], [ 146.984786007202246, -38.09474449575054 ], [ 147.055652478125836, -38.095118116712214 ], [ 147.055711331009149, -38.095120818968724 ], [ 147.055769515934116, -38.095128310699344 ], [ 147.055826410493296, -38.095140511764654 ], [ 147.055881406081767, -38.095157291649059 ], [ 147.061576659816808, -38.097168067757224 ], [ 147.061625724772085, -38.097187684653839 ], [ 147.06167216953898, -38.097210946328005 ], [ 147.061715561898524, -38.097237636305799 ], [ 147.061755498036462, -38.097267506209185 ], [ 147.061791606300886, -38.097300278067344 ], [ 147.061823550660932, -38.097335646903261 ], [ 147.061851033834074, -38.097373283571933 ], [ 147.064801257925751, -38.101904974381149 ], [ 147.064823059508598, -38.101942618947319 ], [ 147.064840395208051, -38.101981686197789 ], [ 147.064853118581453, -38.10202184612919 ], [ 147.064861122146084, -38.10206275950771 ], [ 147.064864338287464, -38.102104080734563 ], [ 147.06486273983063, -38.102145460765257 ], [ 147.064560614637486, -38.10526060949757 ], [ 147.064553316268757, -38.105305760802665 ], [ 147.064540288215255, -38.105350099560546 ], [ 147.064521663504138, -38.105393173002135 ], [ 147.064497632314243, -38.10543454127842 ], [ 147.062769993253994, -38.10805101071923 ], [ 147.062738774008892, -38.10809266564366 ], [ 147.062702077276924, -38.108131432712732 ], [ 147.062660326928722, -38.108166864133665 ], [ 147.062614005210634, -38.108198550642719 ], [ 147.059110042622649, -38.110346272407185 ], [ 147.059058263117322, -38.110374534970262 ], [ 147.05900285635775, -38.110398115968252 ], [ 147.058944497541603, -38.110416728037272 ], [ 147.058883897842804, -38.110430144365957 ], [ 147.055023185577198, -38.111105720096063 ], [ 147.054965829877858, -38.111113354553616 ], [ 147.054907788140241, -38.111116331934596 ], [ 147.054849664512858, -38.111114621247836 ], [ 147.054792063996672, -38.11110824029965 ], [ 147.013039193529949, -38.104744568364659 ], [ 146.958600980740897, -38.103120509185317 ], [ 146.947392077570413, -38.104200229468667 ], [ 146.868098849117104, -38.134738190007937 ], [ 146.842902085714059, -38.153781013030667 ], [ 146.842852744738877, -38.153814258417462 ], [ 146.842798943068004, -38.153842865820216 ], [ 146.836080454691341, -38.156992016403059 ], [ 146.836022493108374, -38.157015750892413 ], [ 146.835961476340117, -38.15703410021252 ], [ 146.835898203737514, -38.157046823977446 ], [ 146.788303834530979, -38.164346743125378 ], [ 146.788251910250779, -38.16435275490138 ], [ 146.711570520625258, -38.170377700368796 ], [ 146.659906379466577, -38.177479923893692 ], [ 146.633108544365967, -38.181992417595083 ], [ 146.543071218557628, -38.205870006405959 ], [ 146.419035010113845, -38.244719608077595 ], [ 146.418984162800569, -38.244733353764545 ], [ 146.418931902079208, -38.244743268662674 ], [ 146.41887869087418, -38.244749264946009 ], [ 146.418825000529552, -38.24475128949959 ], [ 146.396881839398418, -38.244761442037102 ], [ 146.396827485116034, -38.244759417887089 ], [ 146.39677362181277, -38.244753323396608 ], [ 146.393024328397587, -38.244184123193826 ], [ 146.392958544168465, -38.244170894386961 ], [ 146.392895215170654, -38.244151602847509 ], [ 146.331460291005556, -38.222021526811055 ], [ 146.331407597269674, -38.221999843334004 ], [ 146.294976245960669, -38.205040268382035 ], [ 146.214036188337531, -38.194897642261033 ], [ 146.189008641379985, -38.204856695741498 ] ] ] } },
{ "type": "Feature", "properties": { "MODE": "REGIONAL TRAIN", "transit_time_minutes_nearest_tier": 45.0, "centre": "traralgon", "centre_name": "Traralgon" }, "geometry": { "type": "Polygon", "coordinates": [ [ [ 146.321693107643426, -38.202449913038578 ], [ 146.361306540349858, -38.219853240840521 ], [ 146.398902402952245, -38.228726129936248 ], [ 146.473388555531045, -38.216101871526426 ], [ 146.485328605721037, -38.209008996433177 ], [ 146.485381181916836, -38.208981221819556 ], [ 146.485437330754877, -38.20895820876958 ], [ 146.536535249639797, -38.190761992745706 ], [ 146.536579320933441, -38.190747997647478 ], [ 146.53662471429115, -38.190736943729284 ], [ 146.536671115204797, -38.190728907578226 ], [ 146.591925354857324, -38.183032722194667 ], [ 146.683883449200749, -38.167518512052943 ], [ 146.683924841681659, -38.167512761346188 ], [ 146.708228046944896, -38.164858125963065 ], [ 146.784882778048228, -38.14856132809539 ], [ 146.784930321051036, -38.148552905241978 ], [ 146.784978600879612, -38.148547717332256 ], [ 146.785027265233794, -38.148545802222685 ], [ 146.788764210074646, -38.148524885007021 ], [ 146.788825445686825, -38.148527142754155 ], [ 146.788886020822389, -38.148534577074678 ], [ 146.788945235805983, -38.148547102098192 ], [ 146.789002406672012, -38.14856457315382 ], [ 146.793048435538907, -38.15000281500761 ], [ 146.793102904168791, -38.150025028450415 ], [ 146.793154039383126, -38.15005172963459 ], [ 146.79320125053755, -38.150082610146256 ], [ 146.793243992310863, -38.1501173132975 ], [ 146.795701912256561, -38.15234032848722 ], [ 146.795736616069519, -38.152375012068056 ], [ 146.795766847614175, -38.152412214671195 ], [ 146.795792315740215, -38.152451578018571 ], [ 146.795812775170049, -38.152492723022576 ], [ 146.797006398848197, -38.155289256916141 ], [ 146.797021653782025, -38.155331787117191 ], [ 146.797031555883848, -38.155375293190815 ], [ 146.797036009781948, -38.155419356151057 ], [ 146.797034972573329, -38.155463551648062 ], [ 146.796782446606585, -38.158407896241194 ], [ 146.796775927867657, -38.158451798566695 ], [ 146.796763990557224, -38.158494984986788 ], [ 146.79674674962925, -38.158537039591081 ], [ 146.796724371115516, -38.158577557368631 ], [ 146.795063972227183, -38.161221454206142 ], [ 146.795036669825691, -38.161260044516396 ], [ 146.795004708150657, -38.161296336074876 ], [ 146.794968395007061, -38.161329979370578 ], [ 146.794928080108804, -38.161360650396574 ], [ 146.792112486295196, -38.163301538941447 ], [ 146.792072884593438, -38.163326479401206 ], [ 146.792030636825046, -38.16334854796429 ], [ 146.791986076091575, -38.163367570630577 ], [ 146.791939553732107, -38.163383397415302 ], [ 146.789104082523892, -38.164232229161676 ], [ 146.789056725458039, -38.164244565061743 ], [ 146.789008184859512, -38.164253588756928 ], [ 146.788958831606038, -38.16425923130106 ], [ 146.711753674125134, -38.170355489781379 ], [ 146.659906587077018, -38.177479896036743 ], [ 146.615624261051863, -38.184962671074885 ], [ 146.537577977899133, -38.207076339507594 ], [ 146.466263432720609, -38.229061658858853 ], [ 146.458257258629232, -38.23285083751508 ], [ 146.458215756925057, -38.232868677856139 ], [ 146.458172526858675, -38.232883749860434 ], [ 146.4218486655557, -38.244147615224961 ], [ 146.421804106861146, -38.244159774605016 ], [ 146.421758428196569, -38.244168993800926 ], [ 146.417940095784104, -38.244808397954813 ], [ 146.417875429860061, -38.24481620486609 ], [ 146.417810056109403, -38.244818128541404 ], [ 146.394007754330204, -38.244440125699569 ], [ 146.393949855835075, -38.244436873769921 ], [ 146.393892674923251, -38.244429003872582 ], [ 146.393836802254185, -38.24441659730094 ], [ 146.393782814973122, -38.244399782210593 ], [ 146.331354901536884, -38.221977495487423 ], [ 146.331299872699049, -38.221954782020617 ], [ 146.296827555262382, -38.205775523261245 ], [ 146.296801120165412, -38.205762322528578 ], [ 146.254360798612254, -38.183246434331551 ], [ 146.254313707494418, -38.183218546424094 ], [ 146.254270507219559, -38.183186977380437 ], [ 146.254231657579027, -38.183152063201398 ], [ 146.254197572056938, -38.183114175490829 ], [ 146.25071934457722, -38.178791437596317 ], [ 146.250693754497405, -38.178756218929095 ], [ 146.250672285973224, -38.178719324414125 ], [ 146.250655113428252, -38.178681053815851 ], [ 146.250642376381052, -38.178641718078865 ], [ 146.250634178311572, -38.17860163680141 ], [ 146.250630585820801, -38.178561135638653 ], [ 146.250537813196985, -38.175610987317206 ], [ 146.250538805869553, -38.175570999863261 ], [ 146.250544288136069, -38.175531239558502 ], [ 146.250554216765124, -38.175492019888964 ], [ 146.250568513468693, -38.175453650077564 ], [ 146.251552645938801, -38.173189020134288 ], [ 146.251571196943388, -38.173151802506922 ], [ 146.251593856913303, -38.173116030663451 ], [ 146.251620447183768, -38.17308198664162 ], [ 146.251650758102869, -38.173049938856074 ], [ 146.254017973819685, -38.170765969871873 ], [ 146.254055513858077, -38.170733173594186 ], [ 146.254096945057654, -38.170703440049749 ], [ 146.254141868414166, -38.170677055585251 ], [ 146.254189851293972, -38.170654274293987 ], [ 146.257483900622304, -38.169259222911876 ], [ 146.257534479158693, -38.169240262791298 ], [ 146.25758716814795, -38.16922530776236 ], [ 146.257641460173801, -38.169214501847826 ], [ 146.257696832382805, -38.169207949112838 ], [ 146.261416320010596, -38.168914145679167 ], [ 146.261472238818072, -38.16891190750394 ], [ 146.261528166245654, -38.168914007151855 ], [ 146.261583563691346, -38.168920424402543 ], [ 146.261637897656612, -38.168931097455399 ], [ 146.265216731605904, -38.16978325813767 ], [ 146.265277498325304, -38.169800749342649 ], [ 146.265335366966866, -38.169823557751613 ], [ 146.265389593850784, -38.169851390250756 ], [ 146.321693107643426, -38.202449913038578 ] ] ] } },
{ "type": "Feature", "properties": { "MODE": "REGIONAL TRAIN", "transit_time_minutes_nearest_tier": 30.0, "centre": "traralgon", "centre_name": "Traralgon" }, "geometry": { "type": "Polygon", "coordinates": [ [ [ 146.284431311695499, -38.184434767624658 ], [ 146.325645404177664, -38.204523084215644 ], [ 146.361305324258325, -38.219853207616403 ], [ 146.401667926622224, -38.229558554338887 ], [ 146.440399655938108, -38.231853882054068 ], [ 146.447452284012968, -38.229991147271065 ], [ 146.467214766653314, -38.220553011863203 ], [ 146.483888267089498, -38.209629839445171 ], [ 146.483928420515099, -38.209605809046579 ], [ 146.483971103572912, -38.209584666548551 ], [ 146.484015983595043, -38.209566576732975 ], [ 146.484062710791505, -38.209551680589342 ], [ 146.498206379202287, -38.205605303383301 ], [ 146.534875621094415, -38.19118766463675 ], [ 146.534929266322138, -38.191169206010471 ], [ 146.534985024617242, -38.191155180115395 ], [ 146.535042309701254, -38.191145734428616 ], [ 146.53970928913111, -38.190571358405052 ], [ 146.539765321641482, -38.190566682903963 ], [ 146.539821665232978, -38.190566390832608 ], [ 146.539877770725866, -38.190570485037817 ], [ 146.539933091261048, -38.190578925613416 ], [ 146.539987087629925, -38.190591630289248 ], [ 146.5443789317751, -38.191814203389598 ], [ 146.544434634061304, -38.191832371508262 ], [ 146.544487598039609, -38.191855074411563 ], [ 146.544537233020861, -38.191882058902806 ], [ 146.544582985441281, -38.191913024034093 ], [ 146.54462434503597, -38.191947624462607 ], [ 146.548084569340944, -38.19516703065834 ], [ 146.548121078142202, -38.195204879385237 ], [ 146.548152325606281, -38.195245555542364 ], [ 146.548177963231524, -38.195288605481501 ], [ 146.548197705079417, -38.195333549079571 ], [ 146.548211330964023, -38.195379885093317 ], [ 146.549023190731077, -38.198999042836476 ], [ 146.549029951905396, -38.199040094772691 ], [ 146.549031908405198, -38.199081463180946 ], [ 146.549029043695725, -38.199122798618106 ], [ 146.549021381967606, -38.199163751918967 ], [ 146.549008987932723, -38.19920397714575 ], [ 146.548991966277697, -38.19924313451024 ], [ 146.546867782323289, -38.203483619769393 ], [ 146.546842736963328, -38.203526803836077 ], [ 146.546812068532091, -38.203567666961064 ], [ 146.546776117974019, -38.203605754852603 ], [ 146.546735284958885, -38.203640644071818 ], [ 146.546690023438686, -38.203671946740194 ], [ 146.546640836600943, -38.203699314852038 ], [ 146.541009380943308, -38.206493847306064 ], [ 146.540965455844884, -38.206513557940845 ], [ 146.540919493704735, -38.206530126201727 ], [ 146.5408718546974, -38.206543422254015 ], [ 146.540822912138452, -38.206553341905114 ], [ 146.540773049559135, -38.206559807421101 ], [ 146.50653751241515, -38.209773740304463 ], [ 146.472557593438552, -38.22468608945416 ], [ 146.460269084798767, -38.232148477397025 ], [ 146.460225507192973, -38.232172473849609 ], [ 146.460179289908126, -38.232193170667429 ], [ 146.460130833298052, -38.232210388565079 ], [ 146.421849666001123, -38.244147304331591 ], [ 146.42180269316583, -38.244160107960909 ], [ 146.421754486722847, -38.244169642451048 ], [ 146.417771866064442, -38.244813447480503 ], [ 146.417713475267107, -38.244820427356174 ], [ 146.417654482667785, -38.244822614465896 ], [ 146.396084662469008, -38.244739873996124 ], [ 146.396023124277917, -38.244737008655079 ], [ 146.395962336167742, -38.244728929254883 ], [ 146.395903006361891, -38.244715729926064 ], [ 146.391287222787696, -38.243473040143137 ], [ 146.39122703845689, -38.243453756646581 ], [ 146.391170020222546, -38.243429207707656 ], [ 146.391116905803273, -38.243399710949006 ], [ 146.374762704721519, -38.233170002139232 ], [ 146.347943726364093, -38.22530537018222 ], [ 146.332412428910402, -38.222378813784118 ], [ 146.332357670319766, -38.22236617968143 ], [ 146.332304783460273, -38.222349297432125 ], [ 146.332254296418995, -38.222328335609596 ], [ 146.29689434250966, -38.205808097176849 ], [ 146.296855472441479, -38.205788202805238 ], [ 146.296818775120755, -38.205765886594797 ], [ 146.286671875461224, -38.199059267725708 ], [ 146.254203216579953, -38.183144988352808 ], [ 146.254159904270864, -38.18312150034 ], [ 146.254119513012455, -38.183094967071305 ], [ 146.254082385324267, -38.183065613551989 ], [ 146.254048836049321, -38.183033688703048 ], [ 146.254019149684154, -38.182999463250383 ], [ 146.250715832039646, -38.17878701550336 ], [ 146.250690465472047, -38.178751098898999 ], [ 146.250669354265824, -38.178713505860252 ], [ 146.25065267436878, -38.178674549711545 ], [ 146.250640564794736, -38.178634555137947 ], [ 146.250633126464976, -38.178593855478809 ], [ 146.250630421367447, -38.178552789949691 ], [ 146.250632472040252, -38.178511700814887 ], [ 146.251123078914731, -38.173968353593452 ], [ 146.251130810790869, -38.173923513377531 ], [ 146.251144203258463, -38.173879511919068 ], [ 146.251163121124904, -38.17383679336654 ], [ 146.251187373425296, -38.173795788918092 ], [ 146.251216715350552, -38.173756912469223 ], [ 146.253288988098461, -38.171300781507796 ], [ 146.253322275993781, -38.171265238540684 ], [ 146.253359816585174, -38.171232442488225 ], [ 146.253401248335223, -38.171202709190659 ], [ 146.253446172234419, -38.171176324992295 ], [ 146.256551188021319, -38.16953311885424 ], [ 146.256599169440449, -38.169510336590562 ], [ 146.256649748369, -38.16949137684356 ], [ 146.256702437710373, -38.169476422203189 ], [ 146.256756730044827, -38.169465616688434 ], [ 146.260421842826162, -38.168885439123827 ], [ 146.260477214550292, -38.168878885110985 ], [ 146.260533133359473, -38.168876647371206 ], [ 146.260589060734588, -38.168878747454706 ], [ 146.260644458074097, -38.168885165136942 ], [ 146.264311844198829, -38.169456318126812 ], [ 146.264365666303263, -38.169466868094673 ], [ 146.264417936812691, -38.169481493318266 ], [ 146.264468161910003, -38.169500055628419 ], [ 146.264515867100812, -38.169522379660819 ], [ 146.267588996557521, -38.171124661282157 ], [ 146.26763559573925, -38.171151731344509 ], [ 146.267678482791979, -38.171182387717714 ], [ 146.284431311695499, -38.184434767624658 ] ] ] } },
{ "type": "Feature", "properties": { "MODE": "REGIONAL TRAIN", "transit_time_minutes_nearest_tier": 15.0, "centre": "traralgon", "centre_name": "Traralgon" }, "geometry": { "type": "Polygon", "coordinates": [ [ [ 146.405016172135817, -38.232084054853509 ], [ 146.417786152502572, -38.237947201206055 ], [ 146.420937010650107, -38.238222877525409 ], [ 146.453584130750045, -38.228033718091041 ], [ 146.467331821498959, -38.220512491378848 ], [ 146.483800700745149, -38.209669525072975 ], [ 146.483843603361748, -38.20964387916991 ], [ 146.483889376518619, -38.209621535456591 ], [ 146.483937613285178, -38.209602692571103 ], [ 146.483987884830128, -38.209587518028691 ], [ 146.514094226667396, -38.201757700167754 ], [ 146.533819653610067, -38.191544183197919 ], [ 146.533872830232582, -38.191519770913608 ], [ 146.533929027284927, -38.191500017675843 ], [ 146.533987591815333, -38.191485152996272 ], [ 146.538488644614347, -38.190550567727222 ], [ 146.538549754887129, -38.190540660393751 ], [ 146.538611870211156, -38.190536076549044 ], [ 146.538674248354909, -38.190536870966589 ], [ 146.538736143946608, -38.190543034153656 ], [ 146.542630549578092, -38.191102857769643 ], [ 146.542691813878804, -38.191114453056485 ], [ 146.542751085535031, -38.191131307051336 ], [ 146.542807642269423, -38.191153214373628 ], [ 146.54286079488665, -38.191179908063617 ], [ 146.546469146309306, -38.193221172877003 ], [ 146.546518249924418, -38.193252326145597 ], [ 146.546562703434688, -38.193287560981496 ], [ 146.546601965126911, -38.193326448016059 ], [ 146.546635556552729, -38.19336851337458 ], [ 146.548558172690605, -38.196099450627727 ], [ 146.548583601471961, -38.196140303914348 ], [ 146.548603675915501, -38.196182973897137 ], [ 146.548618191022058, -38.196227024852092 ], [ 146.548626998560707, -38.196272006952789 ], [ 146.549010599517828, -38.199207463845063 ], [ 146.549013594589837, -38.199250286827372 ], [ 146.549011414860928, -38.199293140476037 ], [ 146.54900408008487, -38.199335636257231 ], [ 146.548991656754055, -38.199377388881139 ], [ 146.548024843862834, -38.202048064880053 ], [ 146.548005160443466, -38.202093220200368 ], [ 146.547979529485559, -38.202136477380463 ], [ 146.54794823906289, -38.20217735022365 ], [ 146.547911640861486, -38.202215379331648 ], [ 146.547870146227041, -38.20225013726823 ], [ 146.543168250640775, -38.205791870229383 ], [ 146.543128139933856, -38.205819382738511 ], [ 146.543084960239469, -38.205843832399943 ], [ 146.543039085868486, -38.205865007265849 ], [ 146.542990914492435, -38.205882723776703 ], [ 146.54294086369589, -38.205896828352408 ], [ 146.539031007579723, -38.206839108636395 ], [ 146.538980829613195, -38.206849261443224 ], [ 146.53892969179762, -38.206855783167953 ], [ 146.5388780152621, -38.206858620103034 ], [ 146.516297507552167, -38.207285503578852 ], [ 146.493713324976824, -38.212815210578597 ], [ 146.478891007113248, -38.220371063537492 ], [ 146.460385667954853, -38.232098168457668 ], [ 146.460339480246432, -38.232124549329953 ], [ 146.460290186977517, -38.232147164915887 ], [ 146.460238279754719, -38.232165789666901 ], [ 146.421760690860197, -38.244173157609907 ], [ 146.421712666764961, -38.244186217994383 ], [ 146.42166336107303, -38.244195861245259 ], [ 146.417769854794329, -38.244813769604988 ], [ 146.417712224764585, -38.244820523918072 ], [ 146.417654022036203, -38.244822612593609 ], [ 146.395860929093345, -38.244725132982794 ], [ 146.395799546428719, -38.244722242117255 ], [ 146.395738913671011, -38.244714163415395 ], [ 146.395679733724108, -38.244700990532003 ], [ 146.391475312815402, -38.243569050302341 ], [ 146.391417314099129, -38.243550579874558 ], [ 146.391362224425194, -38.243527218131135 ], [ 146.391310704595071, -38.243499245297585 ], [ 146.39126337258773, -38.24346699690949 ], [ 146.388449056464452, -38.24132629708857 ], [ 146.388409641099116, -38.241293127280713 ], [ 146.38837466596874, -38.241256992914657 ], [ 146.388344487354175, -38.241218262086761 ], [ 146.388319412673269, -38.241177329342612 ], [ 146.386827694897221, -38.238391261784926 ], [ 146.386808285125852, -38.238349320230299 ], [ 146.386794235618709, -38.2383060690928 ], [ 146.386785684421682, -38.238261933372364 ], [ 146.386782715551732, -38.238217346760351 ], [ 146.386771921274857, -38.235266396848559 ], [ 146.386774509537901, -38.235222242822033 ], [ 146.386782572357532, -38.235178501507136 ], [ 146.38679603207504, -38.235135594155594 ], [ 146.386814759057501, -38.235093933986995 ], [ 146.38823647898451, -38.232364340378282 ], [ 146.388260291250106, -38.232324328260169 ], [ 146.388288960937018, -38.232286349811154 ], [ 146.3883222119359, -38.232250770781256 ], [ 146.388359724018557, -38.232217933812478 ], [ 146.390997393312915, -38.230125207214407 ], [ 146.391038803016471, -38.230095427602024 ], [ 146.391083713742489, -38.230068992993637 ], [ 146.391131692978917, -38.230046157965525 ], [ 146.39118227866399, -38.230027142428234 ], [ 146.394634335101244, -38.228889817228499 ], [ 146.394687038584834, -38.22887480279239 ], [ 146.394741353951304, -38.22886393551105 ], [ 146.39479675812251, -38.228857320040596 ], [ 146.394852717535258, -38.228855020090514 ], [ 146.398593736267799, -38.228846198028258 ], [ 146.398649712106788, -38.228848234012887 ], [ 146.398705165424957, -38.228854588059498 ], [ 146.398759562185802, -38.228865198976202 ], [ 146.39881237852731, -38.228879964575768 ], [ 146.402272993292229, -38.230000988345743 ], [ 146.402323116551116, -38.230019511847701 ], [ 146.402370730643582, -38.230041776392724 ], [ 146.402415388159909, -38.230067572771254 ], [ 146.402456669470752, -38.230096658586461 ], [ 146.405016172135817, -38.232084054853509 ] ] ] } }
]
}
