{
"type": "FeatureCollection",
"name": "commute_mst_metro_train__southern-cross",
"crs": { "type": "name", "properties": { "name": "urn:ogc:def:crs:OGC:1.3:CRS84" } },
"features": [
{ "type": "Feature", "properties": { "from_stop": "Laverton Railway Station", "to_stop": "Aircraft Railway Station", "minutes": 27.7, "tier": 30, "centre": "southern-cross", "MODE": "METRO TRAIN" }, "geometry": { "type": "LineString", "coordinates": [ [ 144.772610010533015, -37.863667722374288 ], [ 144.76899572, -37.86458229 ], [ 144.768562620000012, -37.86468861 ], [ 144.76762238, -37.86492859 ], [ 144.764858690000011, -37.86562652 ], [ 144.76377635, -37.86590369 ], [ 144.761736140000011, -37.8664164 ], [ 144.76149382, -37.8664719 ], [ 144.760819124916054, -37.86664393317055 ] ] } },
{ "type": "Feature", "properties": { "from_stop": "Aircraft Railway Station", "to_stop": "Aircraft Station", "minutes": 27.1, "tier": 30, "centre": "southern-cross", "MODE": "METRO TRAIN" }, "geometry": { "type": "LineString", "coordinates": [ [ 144.760272368314446, -37.866661679012054 ], [ 144.760788115783186, -37.866525304868041 ] ] } },
{ "type": "Feature", "properties": { "from_stop": "Alamein Station", "to_stop": "Alamein Railway Station", "minutes": 33.4, "tier": 45, "centre": "southern-cross", "MODE": "METRO TRAIN" }, "geometry": { "type": "LineString", "coordinates": [ [ 145.079692630000011, -37.86820591 ], [ 145.079694037809304, -37.868198312511858 ] ] } },
{ "type": "Feature", "properties": { "from_stop": "Ashburton Railway Station", "to_stop": "Alamein Station", "minutes": 33.4, "tier": 45, "centre": "southern-cross", "MODE": "METRO TRAIN" }, "geometry": { "type": "LineString", "coordinates": [ [ 145.081334783589682, -37.861963605479843 ], [ 145.08086216, -37.86304462 ], [ 145.08060205000001, -37.86364597 ], [ 145.08055586, -37.86376562 ], [ 145.08051036, -37.86389861 ], [ 145.080469380000011, -37.86403204 ], [ 145.080420550000014, -37.86422716 ], [ 145.08034927, -37.86459107 ], [ 145.08006556, -37.86609701 ], [ 145.07999418, -37.86649948 ], [ 145.079925839999987, -37.86692084 ], [ 145.079845979999988, -37.86737833 ], [ 145.079694037809304, -37.868198312511858 ] ] } },
{ "type": "Feature", "properties": { "from_stop": "Sunshine Railway Station", "to_stop": "Albion Railway Station", "minutes": 47.9, "tier": 60, "centre": "southern-cross", "MODE": "METRO TRAIN" }, "geometry": { "type": "LineString", "coordinates": [ [ 144.82476484577515, -37.777606759270483 ], [ 144.8250617, -37.7780015 ], [ 144.825430469999986, -37.77848169 ], [ 144.826377259999987, -37.77973358 ], [ 144.82674085, -37.7802243 ], [ 144.82750245, -37.78123756 ], [ 144.82781259, -37.78166187 ], [ 144.828098219999987, -37.7820203 ], [ 144.82906885, -37.78331406 ], [ 144.82976903, -37.78423939 ], [ 144.83041659, -37.7851012 ], [ 144.83068233, -37.78544548 ], [ 144.83152095, -37.78655403 ], [ 144.831951049999986, -37.78713391 ], [ 144.83204622, -37.78725372 ], [ 144.83255039, -37.78794148 ], [ 144.832759509999988, -37.78820712 ] ] } },
{ "type": "Feature", "properties": { "from_stop": "Albion Railway Station", "to_stop": "Albion Station", "minutes": 45.0, "tier": 60, "centre": "southern-cross", "MODE": "METRO TRAIN" }, "geometry": { "type": "LineString", "coordinates": [ [ 144.824638245893823, -37.777438399939037 ], [ 144.82464077, -37.77744177 ], [ 144.82476484577515, -37.777606759270483 ] ] } },
{ "type": "Feature", "properties": { "from_stop": "Fairfield Station", "to_stop": "Alphington Railway Station", "minutes": 26.4, "tier": 30, "centre": "southern-cross", "MODE": "METRO TRAIN" }, "geometry": { "type": "LineString", "coordinates": [ [ 145.016982873361428, -37.779156076416228 ], [ 145.01701119, -37.77915601 ], [ 145.01821672, -37.77915386 ], [ 145.01972475, -37.77915498 ], [ 145.023197360000012, -37.77914905 ], [ 145.02506211, -37.7791387 ], [ 145.02805949, -37.77911809 ], [ 145.02858138, -37.77909474 ], [ 145.029031980000013, -37.77902802 ], [ 145.029434329999987, -37.77894418 ], [ 145.02983133, -37.77883926 ], [ 145.030057699999986, -37.77876347 ], [ 145.031250346403652, -37.778379396752257 ] ] } },
{ "type": "Feature", "properties": { "from_stop": "Alphington Railway Station", "to_stop": "Alphington Station", "minutes": 26.4, "tier": 30, "centre": "southern-cross", "MODE": "METRO TRAIN" }, "geometry": { "type": "LineString", "coordinates": [ [ 145.031250346403652, -37.778379396752257 ], [ 145.031251919999988, -37.77837889 ], [ 145.03126379051821, -37.778375037678998 ] ] } },
{ "type": "Feature", "properties": { "from_stop": "Seaholme Railway Station", "to_stop": "Altona Railway Station", "minutes": 30.1, "tier": 45, "centre": "southern-cross", "MODE": "METRO TRAIN" }, "geometry": { "type": "LineString", "coordinates": [ [ 144.840952531826929, -37.86782149425585 ], [ 144.84089036, -37.86783702 ], [ 144.840765440000013, -37.86786401 ], [ 144.84060889, -37.86789574 ], [ 144.84039121, -37.86793464 ], [ 144.84004239, -37.86798357 ], [ 144.83980863, -37.86800812 ], [ 144.8394553, -37.86803272 ], [ 144.83910842, -37.86804636 ], [ 144.83882111, -37.86804811 ], [ 144.838483090000011, -37.86803469 ], [ 144.838118689999988, -37.86800592 ], [ 144.837759049999988, -37.86797012 ], [ 144.83330487, -37.86751404 ], [ 144.831221269999986, -37.86730697 ], [ 144.829645558661326, -37.867139879775941 ] ] } },
{ "type": "Feature", "properties": { "from_stop": "Altona Railway Station", "to_stop": "Altona Station", "minutes": 30.1, "tier": 45, "centre": "southern-cross", "MODE": "METRO TRAIN" }, "geometry": { "type": "LineString", "coordinates": [ [ 144.829443604360364, -37.86711846520749 ], [ 144.82944677, -37.8671188 ], [ 144.829645558661326, -37.867139879775941 ] ] } },
{ "type": "Feature", "properties": { "from_stop": "Anstey Station", "to_stop": "Anstey Railway Station", "minutes": 29.2, "tier": 30, "centre": "southern-cross", "MODE": "METRO TRAIN" }, "geometry": { "type": "LineString", "coordinates": [ [ 144.960711321728382, -37.761247111662655 ], [ 144.960700008903416, -37.761307846394239 ] ] } },
{ "type": "Feature", "properties": { "from_stop": "Brunswick Railway Station", "to_stop": "Anstey Station", "minutes": 29.2, "tier": 30, "centre": "southern-cross", "MODE": "METRO TRAIN" }, "geometry": { "type": "LineString", "coordinates": [ [ 144.960700008903416, -37.761307846394239 ], [ 144.96069993, -37.76130827 ], [ 144.96061896, -37.76174349 ], [ 144.96037895, -37.7630921 ], [ 144.96025695, -37.76376849 ], [ 144.96021049, -37.76401371 ], [ 144.96016845, -37.76426684 ], [ 144.95990147, -37.7657617 ], [ 144.95979295, -37.76639362 ], [ 144.95974669, -37.7666766 ], [ 144.9597231, -37.76684093 ], [ 144.959626253653653, -37.767724900959962 ] ] } },
{ "type": "Feature", "properties": { "from_stop": "Armadale Station", "to_stop": "Armadale Railway Station", "minutes": 21.2, "tier": 30, "centre": "southern-cross", "MODE": "METRO TRAIN" }, "geometry": { "type": "LineString", "coordinates": [ [ 145.019038558093882, -37.856194086468726 ], [ 145.01907297, -37.85623212 ], [ 145.01911812, -37.85628199 ], [ 145.019307778899048, -37.856470271075111 ] ] } },
{ "type": "Feature", "properties": { "from_stop": "Toorak Railway Station", "to_stop": "Armadale Station", "minutes": 21.1, "tier": 30, "centre": "southern-cross", "MODE": "METRO TRAIN" }, "geometry": { "type": "LineString", "coordinates": [ [ 145.013932734831741, -37.850749534014007 ], [ 145.01442148000001, -37.85123584 ], [ 145.015034750000012, -37.85185466 ], [ 145.01738966, -37.85428067 ], [ 145.018368400000014, -37.855298 ], [ 145.01849318, -37.8554177 ], [ 145.01863698, -37.85554818 ], [ 145.01904775, -37.8558961 ], [ 145.019186350308587, -37.856025055609258 ] ] } },
{ "type": "Feature", "properties": { "from_stop": "Ascot Vale Station", "to_stop": "Ascot Vale Railway Station", "minutes": 18.1, "tier": 30, "centre": "southern-cross", "MODE": "METRO TRAIN" }, "geometry": { "type": "LineString", "coordinates": [ [ 144.921834463311995, -37.775297774586562 ], [ 144.92186443, -37.77534723 ], [ 144.921867550416863, -37.775352697763317 ] ] } },
{ "type": "Feature", "properties": { "from_stop": "Newmarket Railway Station", "to_stop": "Ascot Vale Station", "minutes": 18.1, "tier": 30, "centre": "southern-cross", "MODE": "METRO TRAIN" }, "geometry": { "type": "LineString", "coordinates": [ [ 144.928975326850235, -37.787328419987425 ], [ 144.92881018, -37.7866363 ], [ 144.928669359999986, -37.78602274 ], [ 144.9283408, -37.78463853 ], [ 144.92823092, -37.78420601 ], [ 144.92810746, -37.78379687 ], [ 144.927994829999989, -37.78346298 ], [ 144.927832489999986, -37.78306361 ], [ 144.927711069999987, -37.78278436 ], [ 144.92749064, -37.7823344 ], [ 144.9272245, -37.78183443 ], [ 144.926928120000014, -37.78136809 ], [ 144.926517710000013, -37.78079357 ], [ 144.92628441, -37.78049154 ], [ 144.925843250000014, -37.77998163 ], [ 144.925651179999988, -37.77978125 ], [ 144.92515115, -37.77924922 ], [ 144.92507225, -37.7791716 ], [ 144.92446684, -37.77853488 ], [ 144.92432638, -37.7783811 ], [ 144.92417545, -37.77822812 ], [ 144.92327275, -37.77727706 ], [ 144.922890130000013, -37.776851 ], [ 144.92268618, -37.77660517 ], [ 144.92256285, -37.77644808 ], [ 144.92237069, -37.77619047 ], [ 144.922092600000013, -37.77579454 ], [ 144.92184125, -37.77540062 ], [ 144.921827270014404, -37.775376728910985 ] ] } },
{ "type": "Feature", "properties": { "from_stop": "Ashburton Station", "to_stop": "Ashburton Railway Station", "minutes": 32.4, "tier": 45, "centre": "southern-cross", "MODE": "METRO TRAIN" }, "geometry": { "type": "LineString", "coordinates": [ [ 145.081355134956709, -37.861917017174243 ], [ 145.08135192, -37.86192441 ], [ 145.081334783589682, -37.861963605479843 ] ] } },
{ "type": "Feature", "properties": { "from_stop": "Burwood Station", "to_stop": "Ashburton Station", "minutes": 32.4, "tier": 45, "centre": "southern-cross", "MODE": "METRO TRAIN" }, "geometry": { "type": "LineString", "coordinates": [ [ 145.081355191791857, -37.861916937704997 ], [ 145.08154621, -37.86148068 ], [ 145.08180503, -37.86088038 ], [ 145.08186756, -37.86067377 ], [ 145.08191943, -37.86053204 ], [ 145.08207841, -37.86015199 ], [ 145.0826802, -37.85877802 ], [ 145.08277197000001, -37.85855702 ], [ 145.08282682, -37.85841417 ], [ 145.08288725, -37.85824456 ], [ 145.08292931, -37.85810818 ], [ 145.08297479, -37.8579367 ], [ 145.08301785, -37.85773112 ], [ 145.08305576, -37.85750067 ], [ 145.08307943, -37.85730667 ], [ 145.083085829999987, -37.85722206 ], [ 145.08309373, -37.85705746 ], [ 145.08309415, -37.85686993 ], [ 145.083088909999987, -37.85669501 ], [ 145.08307229, -37.85647206 ], [ 145.08304705, -37.85627924 ], [ 145.08301455, -37.85608162 ], [ 145.0829813, -37.85593049 ], [ 145.08292988, -37.8557304 ], [ 145.08283612, -37.85544041 ], [ 145.08274499, -37.85521146 ], [ 145.08265617, -37.8550159 ], [ 145.082565859999988, -37.85483852 ], [ 145.08240776, -37.85455811 ], [ 145.08167573, -37.853416 ], [ 145.08083141, -37.852113 ], [ 145.08058312, -37.85172577 ], [ 145.080547019252322, -37.851669476966741 ] ] } },
{ "type": "Feature", "properties": { "from_stop": "Aspendale Station", "to_stop": "Aspendale Railway Station", "minutes": 49.7, "tier": 60, "centre": "southern-cross", "MODE": "METRO TRAIN" }, "geometry": { "type": "LineString", "coordinates": [ [ 145.101885579601685, -38.026796657608436 ], [ 145.101888699999989, -38.02680199 ], [ 145.102141602371347, -38.027224983635477 ] ] } },
{ "type": "Feature", "properties": { "from_stop": "Mordialloc Railway Station", "to_stop": "Aspendale Station", "minutes": 47.0, "tier": 60, "centre": "southern-cross", "MODE": "METRO TRAIN" }, "geometry": { "type": "LineString", "coordinates": [ [ 145.101849758909907, -38.026817549400839 ], [ 145.101450809999989, -38.02613832 ], [ 145.101048100000014, -38.02544522 ], [ 145.10051956, -38.02455633 ], [ 145.10014009, -38.02394308 ], [ 145.099594309999986, -38.02316241 ], [ 145.097695320000014, -38.02060573 ], [ 145.097275599999989, -38.02005319 ], [ 145.096941570000013, -38.01960522 ], [ 145.09591968, -38.01822638 ], [ 145.09566691, -38.01790074 ], [ 145.09526125, -38.01740439 ], [ 145.094726150000014, -38.01682654 ], [ 145.094274109999986, -38.01634889 ], [ 145.09366395, -38.0156305 ], [ 145.09317443, -38.0149384 ], [ 145.091874100000013, -38.01301791 ], [ 145.09117294, -38.01197622 ], [ 145.09111615, -38.01189546 ], [ 145.09106703, -38.01181743 ], [ 145.090734989999987, -38.01132649 ], [ 145.08974465, -38.00988638 ], [ 145.089279940000011, -38.00913617 ], [ 145.088739049999987, -38.0082938 ], [ 145.08811954, -38.00737869 ], [ 145.087603632899743, -38.006620888714608 ] ] } },
{ "type": "Feature", "properties": { "from_stop": "Glenferrie Station", "to_stop": "Auburn Railway Station", "minutes": 19.7, "tier": 30, "centre": "southern-cross", "MODE": "METRO TRAIN" }, "geometry": { "type": "LineString", "coordinates": [ [ 145.036566570142298, -37.821448966154982 ], [ 145.03657243, -37.82144967 ], [ 145.037388560000011, -37.82154952 ], [ 145.03835992, -37.82166448 ], [ 145.038773029999987, -37.82171029 ], [ 145.04006525, -37.82188483 ], [ 145.04146807, -37.82205678 ], [ 145.042348159999989, -37.82215288 ], [ 145.04258615, -37.82217477 ], [ 145.04294067, -37.82220266 ], [ 145.04359953, -37.82224398 ], [ 145.044946900000014, -37.82231394 ], [ 145.045630929999987, -37.82235729 ], [ 145.045845616653907, -37.822377030180533 ] ] } },
{ "type": "Feature", "properties": { "from_stop": "Auburn Railway Station", "to_stop": "Auburn Station", "minutes": 19.4, "tier": 30, "centre": "southern-cross", "MODE": "METRO TRAIN" }, "geometry": { "type": "LineString", "coordinates": [ [ 145.045842462471143, -37.822410510304223 ], [ 145.04596991, -37.82242302 ], [ 145.046069327786256, -37.8224345283312 ] ] } },
{ "type": "Feature", "properties": { "from_stop": "Windsor Railway Station", "to_stop": "Balaclava Railway Station", "minutes": 24.4, "tier": 30, "centre": "southern-cross", "MODE": "METRO TRAIN" }, "geometry": { "type": "LineString", "coordinates": [ [ 144.993507384827751, -37.869486851507311 ], [ 144.993611390000012, -37.86892862 ], [ 144.993658079999989, -37.86866177 ], [ 144.993771939999988, -37.86805974 ], [ 144.993936600000012, -37.86716507 ], [ 144.99428354, -37.86525752 ], [ 144.99456674000001, -37.86373819 ], [ 144.99467026, -37.86313176 ], [ 144.99478571, -37.86249551 ], [ 144.99488814, -37.86197521 ], [ 144.99492439, -37.86177829 ], [ 144.99495099, -37.86160617 ], [ 144.99497485, -37.86137182 ], [ 144.99498644, -37.86103209 ], [ 144.99497704, -37.86082953 ], [ 144.99495044, -37.86055277 ], [ 144.99491595, -37.86032834 ], [ 144.994856489999989, -37.86005607 ], [ 144.99476844, -37.85975277 ], [ 144.99466267, -37.85946124 ], [ 144.99454605, -37.85919719 ], [ 144.99442203000001, -37.85895437 ], [ 144.99426585, -37.8586946 ], [ 144.99411906, -37.85846609 ], [ 144.99358294000001, -37.85767698 ], [ 144.99342909, -37.85745709 ], [ 144.993183, -37.85714316 ], [ 144.992927650000013, -37.85684403 ], [ 144.992766210000013, -37.85667808 ], [ 144.99261268, -37.85653064 ], [ 144.99250582, -37.85643473 ], [ 144.992403489999987, -37.85634837 ], [ 144.992024049846549, -37.856068136865943 ] ] } },
{ "type": "Feature", "properties": { "from_stop": "Balaclava Railway Station", "to_stop": "Balaclava Station", "minutes": 24.4, "tier": 30, "centre": "southern-cross", "MODE": "METRO TRAIN" }, "geometry": { "type": "LineString", "coordinates": [ [ 144.993479475125184, -37.869637142203707 ], [ 144.99348486, -37.86960775 ], [ 144.993507384827751, -37.869486851507311 ] ] } },
{ "type": "Feature", "properties": { "from_stop": "Coburg Railway Station", "to_stop": "Batman Railway Station", "minutes": 37.9, "tier": 45, "centre": "southern-cross", "MODE": "METRO TRAIN" }, "geometry": { "type": "LineString", "coordinates": [ [ 144.963306418955597, -37.742341218252662 ], [ 144.96336033, -37.74191692 ], [ 144.96339835, -37.74158126 ], [ 144.96347198, -37.74098171 ], [ 144.96350173, -37.74067879 ], [ 144.963503050000014, -37.74036169 ], [ 144.96347892, -37.73999161 ], [ 144.96333005, -37.73871151 ], [ 144.96309395, -37.73675159 ], [ 144.96291690000001, -37.7351008 ], [ 144.96282166, -37.7340508 ], [ 144.962760606019543, -37.733532262822131 ] ] } },
{ "type": "Feature", "properties": { "from_stop": "Batman Railway Station", "to_stop": "Batman Station", "minutes": 35.2, "tier": 45, "centre": "southern-cross", "MODE": "METRO TRAIN" }, "geometry": { "type": "LineString", "coordinates": [ [ 144.962760606019543, -37.733532262822131 ], [ 144.962687, -37.73290712 ], [ 144.962686196996145, -37.732900359360116 ] ] } },
{ "type": "Feature", "properties": { "from_stop": "Heathmont Station", "to_stop": "Bayswater Railway Station", "minutes": 44.4, "tier": 45, "centre": "southern-cross", "MODE": "METRO TRAIN" }, "geometry": { "type": "LineString", "coordinates": [ [ 145.244649029461385, -37.828444190136707 ], [ 145.24465125, -37.82844807 ], [ 145.244749219999989, -37.82861941 ], [ 145.24486296, -37.82885416 ], [ 145.24502603, -37.82914092 ], [ 145.2452897, -37.82961303 ], [ 145.24548685, -37.82994346 ], [ 145.24567325000001, -37.83029087 ], [ 145.24582883, -37.83053453 ], [ 145.246020609999988, -37.83079928 ], [ 145.246264739999987, -37.83107472 ], [ 145.246492749999987, -37.8312972 ], [ 145.246781, -37.83155248 ], [ 145.247069290000013, -37.83176747 ], [ 145.247237649999988, -37.83187921 ], [ 145.247606350000012, -37.8320963 ], [ 145.24796853, -37.83227643 ], [ 145.24830510000001, -37.8324205 ], [ 145.24872348, -37.83256452 ], [ 145.24912735, -37.83266866 ], [ 145.24941823, -37.83273607 ], [ 145.25034496, -37.83291513 ], [ 145.251887829999987, -37.83322202 ], [ 145.25336385, -37.83350681 ], [ 145.25496182, -37.83381024 ], [ 145.25593516, -37.83399886 ], [ 145.25865042, -37.83451769 ], [ 145.258918560000012, -37.83457699 ], [ 145.25927658, -37.83466069 ], [ 145.25990033, -37.8348333 ], [ 145.26059901, -37.8350865 ], [ 145.261244, -37.83537143 ], [ 145.26171484, -37.83561072 ], [ 145.26224174, -37.83592112 ], [ 145.26270845, -37.83623037 ], [ 145.263206129999986, -37.83662442 ], [ 145.26354276, -37.836923 ], [ 145.26393968, -37.8373107 ], [ 145.264272330000011, -37.83765806 ], [ 145.26476444, -37.83816441 ], [ 145.26538771, -37.83882517 ], [ 145.26596491, -37.8394209 ], [ 145.26660669, -37.84009283 ], [ 145.26708138, -37.84057728 ], [ 145.26716196000001, -37.84065462 ], [ 145.26772355, -37.84124804 ], [ 145.26816336642392, -37.841704019826246 ] ] } },
{ "type": "Feature", "properties": { "from_stop": "Bayswater Railway Station", "to_stop": "Bayswater Station", "minutes": 44.4, "tier": 45, "centre": "southern-cross", "MODE": "METRO TRAIN" }, "geometry": { "type": "LineString", "coordinates": [ [ 145.26816336642392, -37.841704019826246 ], [ 145.268251599589917, -37.841795495590908 ] ] } },
{ "type": "Feature", "properties": { "from_stop": "Bike & Ride", "to_stop": "Bell Railway Station", "minutes": 29.7, "tier": 30, "centre": "southern-cross", "MODE": "METRO TRAIN" }, "geometry": { "type": "LineString", "coordinates": [ [ 145.0001622, -37.74613901 ], [ 145.00015503, -37.74556212 ] ] } },
{ "type": "Feature", "properties": { "from_stop": "Bike & Ride", "to_stop": "Bell St", "minutes": 28.4, "tier": 30, "centre": "southern-cross", "MODE": "METRO TRAIN" }, "geometry": { "type": "LineString", "coordinates": [ [ 145.0001622, -37.74613901 ], [ 145.000286069999987, -37.7457536 ] ] } },
{ "type": "Feature", "properties": { "from_stop": "Bike & Ride", "to_stop": "Bell Station", "minutes": 28.4, "tier": 30, "centre": "southern-cross", "MODE": "METRO TRAIN" }, "geometry": { "type": "LineString", "coordinates": [ [ 145.0001622, -37.74613901 ], [ 145.000369299999988, -37.74603438 ] ] } },
{ "type": "Feature", "properties": { "from_stop": "Bentleigh Station", "to_stop": "Bentleigh Railway Station", "minutes": 38.4, "tier": 45, "centre": "southern-cross", "MODE": "METRO TRAIN" }, "geometry": { "type": "LineString", "coordinates": [ [ 145.037021011794025, -37.917429342879444 ], [ 145.037080062101239, -37.917109132007575 ] ] } },
{ "type": "Feature", "properties": { "from_stop": "McKinnon Station", "to_stop": "Bentleigh Station", "minutes": 36.0, "tier": 45, "centre": "southern-cross", "MODE": "METRO TRAIN" }, "geometry": { "type": "LineString", "coordinates": [ [ 145.038138620972745, -37.911501614185909 ], [ 145.03800261, -37.9121952 ], [ 145.03788866, -37.91275924 ], [ 145.0377514, -37.91348987 ], [ 145.037662719999986, -37.91398053 ], [ 145.03750716, -37.91481773 ], [ 145.03746, -37.91508982 ], [ 145.03740091, -37.91545552 ], [ 145.03735051000001, -37.91582813 ], [ 145.03728566, -37.9162351 ], [ 145.037221429999988, -37.91656746 ], [ 145.0371264, -37.91709549 ], [ 145.037122701767004, -37.917116186206613 ] ] } },
{ "type": "Feature", "properties": { "from_stop": "Clapham St", "to_stop": "Bike & Ride", "minutes": 29.4, "tier": 30, "centre": "southern-cross", "MODE": "METRO TRAIN" }, "geometry": { "type": "LineString", "coordinates": [ [ 144.998560778140131, -37.755019579214917 ], [ 144.99857137, -37.75495626 ], [ 144.99877365, -37.75372976 ], [ 144.99891725, -37.75287841 ], [ 144.99911841, -37.75172263 ], [ 144.99922164, -37.75108418 ], [ 144.999409, -37.75016643 ], [ 144.99954333, -37.74954878 ], [ 145.000159816357467, -37.746138579091927 ] ] } },
{ "type": "Feature", "properties": { "from_stop": "Kiss & Ride 1", "to_stop": "Bike & Ride 1", "minutes": 31.4, "tier": 45, "centre": "southern-cross", "MODE": "METRO TRAIN" }, "geometry": { "type": "LineString", "coordinates": [ [ 145.00032595, -37.73921163 ], [ 145.0005372, -37.73853031 ] ] } },
{ "type": "Feature", "properties": { "from_stop": "Kiss & Ride 1", "to_stop": "Bike & Ride 2", "minutes": 31.9, "tier": 45, "centre": "southern-cross", "MODE": "METRO TRAIN" }, "geometry": { "type": "LineString", "coordinates": [ [ 145.000351426040794, -37.739217163845225 ], [ 145.000356624522851, -37.739193231708342 ] ] } },
{ "type": "Feature", "properties": { "from_stop": "Cooper St", "to_stop": "Bike and Ride", "minutes": 47.9, "tier": 60, "centre": "southern-cross", "MODE": "METRO TRAIN" }, "geometry": { "type": "LineString", "coordinates": [ [ 145.031005999858735, -37.652141648212215 ], [ 145.031017861442081, -37.652140557497077 ] ] } },
{ "type": "Feature", "properties": { "from_stop": "Hawkstowe Railway Station", "to_stop": "Bike and Ride 1", "minutes": 57.5, "tier": 60, "centre": "southern-cross", "MODE": "METRO TRAIN" }, "geometry": { "type": "LineString", "coordinates": [ [ 145.09729471, -37.62297489 ], [ 145.097467279999989, -37.62242793 ] ] } },
{ "type": "Feature", "properties": { "from_stop": "Laburnum Station", "to_stop": "Blackburn Railway Station", "minutes": 28.4, "tier": 30, "centre": "southern-cross", "MODE": "METRO TRAIN" }, "geometry": { "type": "LineString", "coordinates": [ [ 145.150013279391771, -37.820087413986897 ], [ 145.14997338, -37.82008679 ], [ 145.149578600000012, -37.82009104 ], [ 145.14910246, -37.82010527 ], [ 145.14856291000001, -37.82011554 ], [ 145.14825038, -37.82011116 ], [ 145.14741494, -37.82009207 ], [ 145.14722314, -37.82007941 ], [ 145.14447768, -37.81978186 ], [ 145.14420586, -37.81976208 ], [ 145.143927569999988, -37.81975571 ], [ 145.143754550000011, -37.8197556 ], [ 145.14347378, -37.81977577 ], [ 145.143252960000012, -37.81980176 ], [ 145.14305575, -37.81983281 ], [ 145.14286095, -37.81987218 ], [ 145.14253277, -37.8199619 ], [ 145.142188690000012, -37.82007813 ], [ 145.14188425, -37.82020851 ], [ 145.14134465, -37.8204882 ], [ 145.1408878, -37.82071593 ], [ 145.140868258728574, -37.82072565265721 ] ] } },
{ "type": "Feature", "properties": { "from_stop": "Blackburn Railway Station", "to_stop": "Blackburn Station", "minutes": 28.4, "tier": 30, "centre": "southern-cross", "MODE": "METRO TRAIN" }, "geometry": { "type": "LineString", "coordinates": [ [ 145.150013644598175, -37.820051860641676 ], [ 145.15002617, -37.82005193 ], [ 145.150068684706753, -37.820052372937027 ] ] } },
{ "type": "Feature", "properties": { "from_stop": "Chelsea Railway Station", "to_stop": "Bonbeach Railway Station", "minutes": 53.0, "tier": 60, "centre": "southern-cross", "MODE": "METRO TRAIN" }, "geometry": { "type": "LineString", "coordinates": [ [ 145.120089274978739, -38.065477271406166 ], [ 145.12000752, -38.06491933 ], [ 145.1198479, -38.06378527 ], [ 145.119575020000013, -38.06189793 ], [ 145.119546820000011, -38.06170409 ], [ 145.11949783, -38.06140484 ], [ 145.11943555, -38.06106852 ], [ 145.11937508, -38.06078134 ], [ 145.119328919999987, -38.06058541 ], [ 145.119222259999987, -38.06018836 ], [ 145.11916255, -38.0599787 ], [ 145.11908681, -38.05973174 ], [ 145.118365970000013, -38.05762031 ], [ 145.117750699999988, -38.05583381 ], [ 145.11760625, -38.05544859 ], [ 145.11741978, -38.05500457 ], [ 145.11724075, -38.05461231 ], [ 145.116630875984043, -38.053313145848342 ] ] } },
{ "type": "Feature", "properties": { "from_stop": "Bonbeach Railway Station", "to_stop": "Bonbeach Station", "minutes": 53.0, "tier": 60, "centre": "southern-cross", "MODE": "METRO TRAIN" }, "geometry": { "type": "LineString", "coordinates": [ [ 145.120099805833831, -38.065549140168635 ], [ 145.1200998, -38.0655491 ], [ 145.120089274978739, -38.065477271406166 ] ] } },
{ "type": "Feature", "properties": { "from_stop": "Bayswater Station", "to_stop": "Boronia Railway Station", "minutes": 47.4, "tier": 60, "centre": "southern-cross", "MODE": "METRO TRAIN" }, "geometry": { "type": "LineString", "coordinates": [ [ 145.284641782563028, -37.860434924288178 ], [ 145.28458322, -37.86032194 ], [ 145.284381700000012, -37.85991904 ], [ 145.28432806, -37.85980561 ], [ 145.284215350000011, -37.85957803 ], [ 145.28407864, -37.85932181 ], [ 145.28386666, -37.8589586 ], [ 145.283627990000014, -37.85854029 ], [ 145.28335709000001, -37.85801733 ], [ 145.28311965, -37.8575419 ], [ 145.28284747, -37.85708868 ], [ 145.28252559, -37.8566323 ], [ 145.28219973, -37.85624471 ], [ 145.278387009999989, -37.85228551 ], [ 145.275317230000013, -37.84910967 ], [ 145.27374185, -37.84747351 ], [ 145.27299482, -37.84669409 ], [ 145.27245566, -37.84614869 ], [ 145.271830709999989, -37.84549642 ], [ 145.271113219999989, -37.84475293 ], [ 145.2703845, -37.84401936 ], [ 145.269940319999989, -37.84360837 ], [ 145.26970701, -37.84339884 ], [ 145.26949238, -37.84321256 ], [ 145.2692227, -37.84296941 ], [ 145.2690826, -37.84283722 ], [ 145.26888311, -37.84263962 ], [ 145.26870241, -37.84245546 ], [ 145.268497419999989, -37.84224553 ], [ 145.26815490486689, -37.841888648458209 ] ] } },
{ "type": "Feature", "properties": { "from_stop": "Boronia Railway Station", "to_stop": "Boronia Station", "minutes": 47.4, "tier": 60, "centre": "southern-cross", "MODE": "METRO TRAIN" }, "geometry": { "type": "LineString", "coordinates": [ [ 145.284788159762883, -37.860355529167435 ], [ 145.284849618878553, -37.860465182563644 ] ] } },
{ "type": "Feature", "properties": { "from_stop": "Union Station", "to_stop": "Box Hill Railway Station", "minutes": 24.4, "tier": 30, "centre": "southern-cross", "MODE": "METRO TRAIN" }, "geometry": { "type": "LineString", "coordinates": [ [ 145.10134638234922, -37.822437533387507 ], [ 145.104437960000013, -37.82033188 ], [ 145.10501058, -37.81993033 ], [ 145.10605329, -37.81923543 ], [ 145.10630597, -37.81908359 ], [ 145.10665074, -37.81889772 ], [ 145.10690883, -37.81878706 ], [ 145.107106069999986, -37.81871074 ], [ 145.10741106, -37.81860552 ], [ 145.10773042, -37.81852017 ], [ 145.108086429999986, -37.81843632 ], [ 145.1083433, -37.8183961 ], [ 145.10875413, -37.81834989 ], [ 145.10914212, -37.8183262 ], [ 145.10988093, -37.81830211 ], [ 145.11056427, -37.81828388 ], [ 145.112345260000012, -37.81822457 ], [ 145.11303331, -37.81820866 ], [ 145.11355101, -37.81821722 ], [ 145.11406455, -37.81823734 ], [ 145.11461657000001, -37.81826799 ], [ 145.11489835, -37.81827953 ], [ 145.11525153, -37.81829771 ], [ 145.115688760000012, -37.81834391 ], [ 145.11606325, -37.81838631 ], [ 145.1164023, -37.81843788 ], [ 145.118267479999986, -37.81875392 ], [ 145.118637260000014, -37.81881228 ], [ 145.11978728, -37.81897331 ], [ 145.12074805, -37.81909823 ], [ 145.121432106760807, -37.819200375620426 ] ] } },
{ "type": "Feature", "properties": { "from_stop": "Box Hill Railway Station", "to_stop": "Box Hill Station", "minutes": 26.2, "tier": 30, "centre": "southern-cross", "MODE": "METRO TRAIN" }, "geometry": { "type": "LineString", "coordinates": [ [ 145.121834952903271, -37.819344034210886 ], [ 145.12183413, -37.81934392 ], [ 145.121419939295805, -37.81928647581563 ] ] } },
{ "type": "Feature", "properties": { "from_stop": "Merri Station", "to_stop": "Bridge St", "minutes": 21.4, "tier": 30, "centre": "southern-cross", "MODE": "METRO TRAIN" }, "geometry": { "type": "LineString", "coordinates": [ [ 144.992992334459643, -37.777918873521422 ], [ 144.992990057303018, -37.777930566415719 ] ] } },
{ "type": "Feature", "properties": { "from_stop": "Merri Station", "to_stop": "Bridge St/Railway St", "minutes": 23.2, "tier": 30, "centre": "southern-cross", "MODE": "METRO TRAIN" }, "geometry": { "type": "LineString", "coordinates": [ [ 144.993026789999988, -37.77793772 ], [ 144.993267550000013, -37.7778517 ] ] } },
{ "type": "Feature", "properties": { "from_stop": "Brighton Beach Station", "to_stop": "Brighton Beach Railway Station", "minutes": 38.0, "tier": 45, "centre": "southern-cross", "MODE": "METRO TRAIN" }, "geometry": { "type": "LineString", "coordinates": [ [ 144.989301727131021, -37.926367067660841 ], [ 144.989297310000012, -37.92638999 ], [ 144.98928869, -37.92644734 ], [ 144.989280220353294, -37.926503442939811 ] ] } },
{ "type": "Feature", "properties": { "from_stop": "Middle Brighton Railway Station", "to_stop": "Brighton Beach Station", "minutes": 38.0, "tier": 45, "centre": "southern-cross", "MODE": "METRO TRAIN" }, "geometry": { "type": "LineString", "coordinates": [ [ 144.996312390050775, -37.915149805896988 ], [ 144.9961334, -37.91530443 ], [ 144.99587175, -37.91554446 ], [ 144.99565985000001, -37.91575298 ], [ 144.99540780000001, -37.91602057 ], [ 144.995291470000012, -37.9161489 ], [ 144.99514867, -37.91631813 ], [ 144.99498417, -37.91653224 ], [ 144.99483527000001, -37.91674166 ], [ 144.99467435, -37.91699142 ], [ 144.99450671, -37.91726234 ], [ 144.994174109999989, -37.91781449 ], [ 144.99365243, -37.91867252 ], [ 144.993562770000011, -37.9188158 ], [ 144.99261443, -37.9203663 ], [ 144.99161901, -37.92200656 ], [ 144.99054725, -37.92376229 ], [ 144.99004484, -37.92457791 ], [ 144.98986408, -37.92487833 ], [ 144.98966428, -37.92531784 ], [ 144.98952254, -37.92563903 ], [ 144.989462049999986, -37.92578831 ], [ 144.98942695, -37.92588224 ], [ 144.98939583, -37.92597218 ], [ 144.98932566, -37.92624287 ], [ 144.989301727131021, -37.926367067660841 ] ] } },
{ "type": "Feature", "properties": { "from_stop": "Jacana Railway Station", "to_stop": "Broadmeadows Railway Station", "minutes": 39.0, "tier": 45, "centre": "southern-cross", "MODE": "METRO TRAIN" }, "geometry": { "type": "LineString", "coordinates": [ [ 144.919630761943267, -37.68306290774003 ], [ 144.919614990000014, -37.68308318 ], [ 144.91941245000001, -37.68333158 ], [ 144.918789339999989, -37.68412696 ], [ 144.918685829999987, -37.6842641 ], [ 144.91836647, -37.68467102 ], [ 144.91821361, -37.68487794 ], [ 144.917880989999986, -37.68535339 ], [ 144.917408920000014, -37.68616432 ], [ 144.917272059999988, -37.68642748 ], [ 144.91708173, -37.68684244 ], [ 144.91690731, -37.68728076 ], [ 144.916719590000014, -37.68784537 ], [ 144.91667001, -37.6880205 ], [ 144.91655329, -37.68851193 ], [ 144.91649704, -37.68885248 ], [ 144.916451419999987, -37.68921017 ], [ 144.916376359999987, -37.68989041 ], [ 144.91618437, -37.69196434 ], [ 144.9161631, -37.69216501 ], [ 144.91598868, -37.6940929 ], [ 144.91593544, -37.69461311 ], [ 144.915892357297537, -37.695134248702708 ] ] } },
{ "type": "Feature", "properties": { "from_stop": "Broadmeadows Railway Station", "to_stop": "Broadmeadows Station", "minutes": 39.0, "tier": 45, "centre": "southern-cross", "MODE": "METRO TRAIN" }, "geometry": { "type": "LineString", "coordinates": [ [ 144.91969826, -37.68297615 ], [ 144.919630761943267, -37.68306290774003 ] ] } },
{ "type": "Feature", "properties": { "from_stop": "Brunswick Station", "to_stop": "Brunswick Railway Station", "minutes": 27.2, "tier": 30, "centre": "southern-cross", "MODE": "METRO TRAIN" }, "geometry": { "type": "LineString", "coordinates": [ [ 144.959626253653653, -37.767724900959962 ], [ 144.959623999450429, -37.767745476338099 ] ] } },
{ "type": "Feature", "properties": { "from_stop": "Jewell Station", "to_stop": "Brunswick Station", "minutes": 27.2, "tier": 30, "centre": "southern-cross", "MODE": "METRO TRAIN" }, "geometry": { "type": "LineString", "coordinates": [ [ 144.958716652660002, -37.774952503393607 ], [ 144.95872774, -37.77490277 ], [ 144.95890444, -37.77400159 ], [ 144.958960710000014, -37.77361902 ], [ 144.959151850000012, -37.77180014 ], [ 144.95921205, -37.77127066 ], [ 144.95932681, -37.7701441 ], [ 144.959583105250402, -37.767741201104705 ] ] } },
{ "type": "Feature", "properties": { "from_stop": "East Richmond Railway Station", "to_stop": "Burnley Railway Station", "minutes": 15.1, "tier": 30, "centre": "southern-cross", "MODE": "METRO TRAIN" }, "geometry": { "type": "LineString", "coordinates": [ [ 144.99706695196187, -37.826388300634626 ], [ 144.99771285, -37.82645827 ], [ 144.99864756, -37.8265632 ], [ 144.99927248, -37.82662888 ], [ 145.000117319999987, -37.82672569 ], [ 145.00216426, -37.82695096 ], [ 145.004328030000011, -37.82719231 ], [ 145.004805940000011, -37.82724123 ], [ 145.00555707, -37.82729974 ], [ 145.00593777, -37.82732592 ], [ 145.00640648000001, -37.82736234 ], [ 145.00678136, -37.82738103 ], [ 145.007564470395153, -37.827443636748839 ] ] } },
{ "type": "Feature", "properties": { "from_stop": "Burnley Railway Station", "to_stop": "Burnley Station", "minutes": 15.1, "tier": 30, "centre": "southern-cross", "MODE": "METRO TRAIN" }, "geometry": { "type": "LineString", "coordinates": [ [ 145.007564470395153, -37.827443636748839 ], [ 145.007672807499517, -37.82745229789537 ] ] } },
{ "type": "Feature", "properties": { "from_stop": "Hartwell Railway Station", "to_stop": "Burwood Railway Station", "minutes": 30.4, "tier": 45, "centre": "southern-cross", "MODE": "METRO TRAIN" }, "geometry": { "type": "LineString", "coordinates": [ [ 145.075610120854265, -37.843951886678916 ], [ 145.07608087, -37.8446797 ], [ 145.076328, -37.84506647 ], [ 145.07716598, -37.84635381 ], [ 145.07849665, -37.84842078 ], [ 145.07870796, -37.84874307 ], [ 145.07946744, -37.84992322 ], [ 145.080523808694579, -37.851555033494989 ] ] } },
{ "type": "Feature", "properties": { "from_stop": "Burwood Railway Station", "to_stop": "Burwood Station", "minutes": 30.4, "tier": 45, "centre": "southern-cross", "MODE": "METRO TRAIN" }, "geometry": { "type": "LineString", "coordinates": [ [ 145.080547019252322, -37.851669476966741 ], [ 145.080488285560818, -37.851577891671148 ] ] } },
{ "type": "Feature", "properties": { "from_stop": "Auburn Station", "to_stop": "Camberwell Railway Station", "minutes": 19.4, "tier": 30, "centre": "southern-cross", "MODE": "METRO TRAIN" }, "geometry": { "type": "LineString", "coordinates": [ [ 145.058356479999986, -37.82672203 ], [ 145.0580502, -37.82669922 ], [ 145.05748965, -37.82664591 ], [ 145.05728281, -37.82663114 ], [ 145.0569954, -37.82660378 ], [ 145.05674226, -37.82656932 ], [ 145.05664367, -37.82655093 ], [ 145.05653933, -37.82652623 ], [ 145.0564147, -37.82649137 ], [ 145.05626793, -37.82644722 ], [ 145.05597587, -37.82635066 ], [ 145.05572804, -37.82626077 ], [ 145.055497550000013, -37.82616432 ], [ 145.05536905, -37.82610398 ], [ 145.05520246, -37.8260185 ], [ 145.05511156, -37.82596708 ], [ 145.05497323, -37.82588269 ], [ 145.05489011, -37.82582887 ], [ 145.0547559, -37.825735 ], [ 145.054681140000014, -37.82567898 ], [ 145.05448877, -37.82552386 ], [ 145.05435614000001, -37.82540442 ], [ 145.05422771, -37.82528082 ], [ 145.05410286, -37.82515088 ], [ 145.05380359, -37.82482682 ], [ 145.053721810000013, -37.82473508 ], [ 145.05360234, -37.8246164 ], [ 145.05351583, -37.82453621 ], [ 145.05339029000001, -37.82442833 ], [ 145.05330486, -37.8243587 ], [ 145.05319659, -37.82427652 ], [ 145.053105030000012, -37.82421121 ], [ 145.05291127000001, -37.82408382 ], [ 145.05271277, -37.82396789 ], [ 145.05262561, -37.82392094 ], [ 145.052434729999987, -37.82382631 ], [ 145.052310330000012, -37.82376991 ], [ 145.05212443, -37.82369339 ], [ 145.051902610000013, -37.82361339 ], [ 145.05172063, -37.82355631 ], [ 145.051524699999987, -37.82350269 ], [ 145.05142085, -37.82347709 ], [ 145.05122183, -37.82343306 ], [ 145.05085347, -37.82336514 ], [ 145.04907995, -37.82306568 ], [ 145.047373850000014, -37.82276497 ], [ 145.04693336, -37.82269702 ], [ 145.04631803, -37.82261579 ], [ 145.046051919085158, -37.822583901334355 ] ] } },
{ "type": "Feature", "properties": { "from_stop": "Auburn Station", "to_stop": "Camberwell Station", "minutes": 24.8, "tier": 30, "centre": "southern-cross", "MODE": "METRO TRAIN" }, "geometry": { "type": "LineString", "coordinates": [ [ 145.046074189898178, -37.822400080328556 ], [ 145.04639733, -37.82243931 ], [ 145.046707160000011, -37.82249014 ], [ 145.04700248, -37.82254442 ], [ 145.04756156, -37.82266454 ], [ 145.04860364000001, -37.82289549 ], [ 145.04881979000001, -37.82294016 ], [ 145.04940398, -37.82304771 ], [ 145.05092653, -37.82330453 ], [ 145.051203390000012, -37.82335651 ], [ 145.0514375, -37.82340572 ], [ 145.05165039, -37.82345808 ], [ 145.0518626, -37.82351918 ], [ 145.051942239999988, -37.82354492 ], [ 145.05204955, -37.82358157 ], [ 145.05226436, -37.82366488 ], [ 145.052367190000012, -37.8237075 ], [ 145.05253941, -37.82378577 ], [ 145.05266301, -37.82384667 ], [ 145.052840089999989, -37.82394323 ], [ 145.05297583, -37.82402189 ], [ 145.05314765, -37.82413288 ], [ 145.05324514, -37.82420154 ], [ 145.053434149999987, -37.8243457 ], [ 145.05353455, -37.82442937 ], [ 145.05362736, -37.82451192 ], [ 145.05377511, -37.82465242 ], [ 145.054210219999987, -37.82510336 ], [ 145.054318130000013, -37.82521229 ], [ 145.054497160000011, -37.82538188 ], [ 145.054606330000013, -37.82547741 ], [ 145.05472143, -37.8255679 ], [ 145.054835419999989, -37.82565323 ], [ 145.05495763, -37.82573707 ], [ 145.05507158, -37.8258106 ], [ 145.05518892, -37.82588094 ], [ 145.0553466, -37.82596781 ], [ 145.05550796, -37.82604932 ], [ 145.055635349999989, -37.82610856 ], [ 145.055764649999986, -37.82616468 ], [ 145.055880120000012, -37.82621083 ], [ 145.05601065, -37.82625904 ], [ 145.05613645, -37.82630131 ], [ 145.056252660000013, -37.82633657 ], [ 145.056370030000011, -37.82637104 ], [ 145.05661534, -37.82643097 ], [ 145.05677355, -37.8264635 ], [ 145.056907200000012, -37.82648787 ], [ 145.05716285, -37.8265221 ], [ 145.057297549999987, -37.82653234 ], [ 145.057408869999989, -37.82653787 ], [ 145.05774144, -37.82654579 ], [ 145.058363807429345, -37.826542691548511 ] ] } },
{ "type": "Feature", "properties": { "from_stop": "Canterbury Station", "to_stop": "Canterbury Railway Station", "minutes": 28.5, "tier": 30, "centre": "southern-cross", "MODE": "METRO TRAIN" }, "geometry": { "type": "LineString", "coordinates": [ [ 145.080685479858801, -37.824760935088889 ], [ 145.0809628, -37.8246307 ], [ 145.081233506681457, -37.824505162495193 ] ] } },
{ "type": "Feature", "properties": { "from_stop": "East Camberwell Railway Station", "to_stop": "Canterbury Station", "minutes": 25.4, "tier": 30, "centre": "southern-cross", "MODE": "METRO TRAIN" }, "geometry": { "type": "LineString", "coordinates": [ [ 145.068189512770033, -37.825890626138147 ], [ 145.06800164, -37.82592949 ], [ 145.067873240000011, -37.82595171 ], [ 145.06759194, -37.82599504 ], [ 145.06746517, -37.82601152 ], [ 145.06702173, -37.82605949 ], [ 145.06692039, -37.82607242 ], [ 145.06672608, -37.82610384 ], [ 145.06650335, -37.82614929 ], [ 145.06591072, -37.82629339 ], [ 145.06568546, -37.82634421 ], [ 145.06552794000001, -37.8263765 ], [ 145.065274460000012, -37.82642019 ], [ 145.06514461, -37.82643707 ], [ 145.06501087, -37.82645074 ], [ 145.06480292, -37.82646516 ], [ 145.06266488, -37.8265358 ], [ 145.06280983, -37.82652332 ], [ 145.063078389999987, -37.82649421 ], [ 145.063209809999989, -37.82648222 ], [ 145.063455839999989, -37.82647176 ], [ 145.06442401000001, -37.82644352 ], [ 145.06467615, -37.8264337 ], [ 145.06485115000001, -37.8264236 ], [ 145.0651158, -37.82639614 ], [ 145.065223409999987, -37.8263824 ], [ 145.065326160000012, -37.82636787 ], [ 145.0654614, -37.82634459 ], [ 145.0656215, -37.82631351 ], [ 145.066457, -37.82611834 ], [ 145.06672135, -37.82606312 ], [ 145.06730724, -37.82595053 ], [ 145.06817860000001, -37.8257572 ], [ 145.068569129999986, -37.82568133 ], [ 145.06883993, -37.82563584 ], [ 145.069180350000011, -37.82559069 ], [ 145.06937837000001, -37.82556933 ], [ 145.0699783, -37.8255151 ], [ 145.07015876, -37.8255049 ], [ 145.07056666, -37.82548662 ], [ 145.07103727, -37.8254855 ], [ 145.071245159999989, -37.82549512 ], [ 145.07182047, -37.82552689 ], [ 145.07275661, -37.82558512 ], [ 145.07520409, -37.82572924 ], [ 145.07559165, -37.82575459 ], [ 145.07605296, -37.82580124 ], [ 145.0763744, -37.8258311 ], [ 145.07654224, -37.82584312 ], [ 145.07695017, -37.82585843 ], [ 145.077331109999989, -37.82584573 ], [ 145.07769445, -37.82581499 ], [ 145.07804065, -37.8257663 ], [ 145.07846299, -37.82567298 ], [ 145.07879562, -37.82558189 ], [ 145.07908264, -37.82548446 ], [ 145.07945141, -37.8253362 ], [ 145.07974635, -37.82520484 ], [ 145.08021856, -37.82498021 ], [ 145.080685479858801, -37.824760935088889 ] ] } },
{ "type": "Feature", "properties": { "from_stop": "Caulfield Station", "to_stop": "Carnegie Railway Station", "minutes": 47.4, "tier": 60, "centre": "southern-cross", "MODE": "METRO TRAIN" }, "geometry": { "type": "LineString", "coordinates": [ [ 145.04260785, -37.87739677 ], [ 145.043572250000011, -37.87803471 ], [ 145.0437987, -37.87819059 ], [ 145.04395498, -37.87831701 ], [ 145.04412119, -37.87843792 ], [ 145.04428026, -37.87854492 ], [ 145.044433450000014, -37.87866372 ], [ 145.04468784, -37.87887657 ], [ 145.044805129999986, -37.87895998 ], [ 145.04606171, -37.87979813 ], [ 145.0464644, -37.88008292 ], [ 145.04720257, -37.88063227 ], [ 145.04755434, -37.88087386 ], [ 145.047878379999986, -37.88108479 ], [ 145.04824702, -37.88130358 ], [ 145.04914413, -37.88181113 ], [ 145.04970918, -37.88213573 ], [ 145.050081909999989, -37.88234611 ], [ 145.050268749999987, -37.88244852 ], [ 145.05064719, -37.88264088 ], [ 145.05104255, -37.88282559 ], [ 145.05123848, -37.88291103 ], [ 145.05244627, -37.88340991 ], [ 145.05284545, -37.88358377 ], [ 145.05640447, -37.88518353 ], [ 145.058604874981199, -37.886175332740649 ] ] } },
{ "type": "Feature", "properties": { "from_stop": "Carnegie Railway Station", "to_stop": "Carnegie Station", "minutes": 47.5, "tier": 60, "centre": "southern-cross", "MODE": "METRO TRAIN" }, "geometry": { "type": "LineString", "coordinates": [ [ 145.05870635635992, -37.886365668002576 ], [ 145.05855063390544, -37.886296364729581 ] ] } },
{ "type": "Feature", "properties": { "from_stop": "Bonbeach Station", "to_stop": "Carrum Railway Station", "minutes": 57.7, "tier": 60, "centre": "southern-cross", "MODE": "METRO TRAIN" }, "geometry": { "type": "LineString", "coordinates": [ [ 145.120145278612597, -38.065542688138649 ], [ 145.120147159999988, -38.0655558 ], [ 145.120240239999987, -38.06619 ], [ 145.12036221, -38.06705796 ], [ 145.12040779, -38.06733932 ], [ 145.12043459, -38.06749447 ], [ 145.12050772, -38.06785746 ], [ 145.12053393, -38.06797809 ], [ 145.120622379999986, -38.0683434 ], [ 145.12068937, -38.06859887 ], [ 145.12095434, -38.06957195 ], [ 145.12139059, -38.07107332 ], [ 145.1215779, -38.07170983 ], [ 145.121740640000013, -38.07229116 ], [ 145.12237124, -38.07463236 ], [ 145.12245503, -38.0749264 ], [ 145.12274363, -38.07589147 ], [ 145.12280361, -38.07610023 ], [ 145.12286379, -38.07633712 ], [ 145.122903893257899, -38.076508161527954 ] ] } },
{ "type": "Feature", "properties": { "from_stop": "Carrum Railway Station", "to_stop": "Carrum Station", "minutes": 55.0, "tier": 60, "centre": "southern-cross", "MODE": "METRO TRAIN" }, "geometry": { "type": "LineString", "coordinates": [ [ 145.12300165, -38.07761537 ], [ 145.122753623047942, -38.076543219481032 ] ] } },
{ "type": "Feature", "properties": { "from_stop": "Caulfield Station", "to_stop": "Caulfield Railway Station", "minutes": 27.3, "tier": 30, "centre": "southern-cross", "MODE": "METRO TRAIN" }, "geometry": { "type": "Point", "coordinates": [ 145.04260785, -37.87739677 ] } },
{ "type": "Feature", "properties": { "from_stop": "Malvern Station", "to_stop": "Caulfield Station", "minutes": 26.9, "tier": 30, "centre": "southern-cross", "MODE": "METRO TRAIN" }, "geometry": { "type": "LineString", "coordinates": [ [ 145.029452490178386, -37.866231518440209 ], [ 145.02950875, -37.86628024 ], [ 145.03013778, -37.8668285 ], [ 145.030755269999986, -37.86736233 ], [ 145.031254499999989, -37.86779964 ], [ 145.03529382, -37.87142472 ], [ 145.035382129999988, -37.87150658 ], [ 145.03897122, -37.87473173 ], [ 145.03952009, -37.87521724 ], [ 145.0396858, -37.8753604 ], [ 145.03997528, -37.87560386 ], [ 145.040343979999989, -37.87590838 ], [ 145.04048913, -37.87602551 ], [ 145.040703220000012, -37.87618399 ], [ 145.04093133, -37.87634108 ], [ 145.04122879, -37.87652807 ], [ 145.04202165, -37.8769458 ], [ 145.042212224986997, -37.877059533012037 ] ] } },
{ "type": "Feature", "properties": { "from_stop": "Canterbury Railway Station", "to_stop": "Chatham Railway Station", "minutes": 27.4, "tier": 30, "centre": "southern-cross", "MODE": "METRO TRAIN" }, "geometry": { "type": "LineString", "coordinates": [ [ 145.088648652197662, -37.824295336064687 ], [ 145.08827037, -37.82423004 ], [ 145.087793440000013, -37.82412379 ], [ 145.08710814, -37.8239654 ], [ 145.086683349999987, -37.82388587 ], [ 145.08597918000001, -37.82376303 ], [ 145.08556606, -37.82370252 ], [ 145.085277850000011, -37.82367088 ], [ 145.08492243, -37.82365501 ], [ 145.084604539999987, -37.82365074 ], [ 145.08422714, -37.82366767 ], [ 145.08398972, -37.82368886 ], [ 145.08370666, -37.82372598 ], [ 145.08332846, -37.82380021 ], [ 145.08285908, -37.82392937 ], [ 145.08249734, -37.82406533 ], [ 145.08199564, -37.82425839 ], [ 145.081695380000014, -37.82439372 ], [ 145.08158683, -37.82443927 ], [ 145.081266817875559, -37.824581188727372 ] ] } },
{ "type": "Feature", "properties": { "from_stop": "Chatham Railway Station", "to_stop": "Chatham Station", "minutes": 27.4, "tier": 30, "centre": "southern-cross", "MODE": "METRO TRAIN" }, "geometry": { "type": "LineString", "coordinates": [ [ 145.088655145784372, -37.824296419370853 ], [ 145.08865302000001, -37.82429609 ], [ 145.088648652197662, -37.824295336064687 ] ] } },
{ "type": "Feature", "properties": { "from_stop": "Chelsea Station", "to_stop": "Chelsea Railway Station", "minutes": 51.0, "tier": 60, "centre": "southern-cross", "MODE": "METRO TRAIN" }, "geometry": { "type": "LineString", "coordinates": [ [ 145.116630875984043, -38.053313145848342 ], [ 145.11657517, -38.05319448 ], [ 145.116574561350035, -38.053193178179455 ] ] } },
{ "type": "Feature", "properties": { "from_stop": "Edithvale Station", "to_stop": "Chelsea Station", "minutes": 51.0, "tier": 60, "centre": "southern-cross", "MODE": "METRO TRAIN" }, "geometry": { "type": "LineString", "coordinates": [ [ 145.116574561350035, -38.053193178179455 ], [ 145.11589192, -38.0517331 ], [ 145.1155731, -38.05106032 ], [ 145.11530844, -38.05048852 ], [ 145.11522237, -38.05031196 ], [ 145.11492995, -38.0496942 ], [ 145.11385003, -38.04738657 ], [ 145.11369152, -38.04705339 ], [ 145.11354068, -38.04674556 ], [ 145.113340810000011, -38.04636801 ], [ 145.113203379999987, -38.04611933 ], [ 145.11288152, -38.04556644 ], [ 145.1112041, -38.04272047 ], [ 145.1087546, -38.03854968 ], [ 145.107418419999988, -38.03628265 ], [ 145.107413494640184, -38.03627426611304 ] ] } },
{ "type": "Feature", "properties": { "from_stop": "Cheltenham Station", "to_stop": "Cheltenham Railway Station", "minutes": 36.0, "tier": 45, "centre": "southern-cross", "MODE": "METRO TRAIN" }, "geometry": { "type": "LineString", "coordinates": [ [ 145.0545158, -37.96660297 ], [ 145.054508716944127, -37.966592786193594 ] ] } },
{ "type": "Feature", "properties": { "from_stop": "Southland Station", "to_stop": "Cheltenham Station", "minutes": 36.0, "tier": 45, "centre": "southern-cross", "MODE": "METRO TRAIN" }, "geometry": { "type": "LineString", "coordinates": [ [ 145.049324822456072, -37.959082688138849 ], [ 145.049779269999988, -37.95975071 ], [ 145.05090723, -37.96137366 ], [ 145.05117819, -37.96174151 ], [ 145.05302919, -37.96440033 ], [ 145.05451954, -37.96656473 ], [ 145.054528743434048, -37.966577574958635 ] ] } },
{ "type": "Feature", "properties": { "from_stop": "Thornbury Station", "to_stop": "Clapham St", "minutes": 29.5, "tier": 30, "centre": "southern-cross", "MODE": "METRO TRAIN" }, "geometry": { "type": "LineString", "coordinates": [ [ 144.99860264, -37.75516046 ], [ 144.99841414, -37.75499505 ] ] } },
{ "type": "Feature", "properties": { "from_stop": "Lulie St", "to_stop": "Clifton Hill Railway Station", "minutes": 19.2, "tier": 30, "centre": "southern-cross", "MODE": "METRO TRAIN" }, "geometry": { "type": "LineString", "coordinates": [ [ 144.995458763297165, -37.788664629825583 ], [ 144.9954377, -37.78878803 ], [ 144.99527692, -37.78967386 ], [ 144.99518443, -37.78999969 ], [ 144.99513696, -37.79022643 ], [ 144.99510534, -37.79042181 ], [ 144.99506550000001, -37.79077394 ], [ 144.99506402, -37.79092523 ], [ 144.995059059999988, -37.79103319 ], [ 144.995060779999989, -37.79110397 ], [ 144.99503915, -37.79137053 ], [ 144.995045370000014, -37.79163198 ], [ 144.995082669999988, -37.79184827 ], [ 144.99515609, -37.79222432 ], [ 144.99518722, -37.79236246 ], [ 144.99523559, -37.79260633 ], [ 144.9952667, -37.79277899 ], [ 144.995288140000014, -37.79297698 ], [ 144.99530822, -37.7931964 ], [ 144.99531356, -37.79341052 ], [ 144.99530145, -37.7937451 ], [ 144.995281440000014, -37.7939478 ], [ 144.99516995, -37.79464378 ], [ 144.994930829999987, -37.79609539 ], [ 144.99467784, -37.7975637 ], [ 144.99466125, -37.79792128 ], [ 144.994502140637934, -37.798846807738272 ] ] } },
{ "type": "Feature", "properties": { "from_stop": "Clifton Hill Railway Station", "to_stop": "Clifton Hill Station", "minutes": 20.1, "tier": 30, "centre": "southern-cross", "MODE": "METRO TRAIN" }, "geometry": { "type": "LineString", "coordinates": [ [ 144.9954167, -37.78865745 ], [ 144.99550102, -37.78847865 ] ] } },
{ "type": "Feature", "properties": { "from_stop": "Coburg Station", "to_stop": "Coburg Railway Station", "minutes": 32.2, "tier": 45, "centre": "southern-cross", "MODE": "METRO TRAIN" }, "geometry": { "type": "LineString", "coordinates": [ [ 144.96330478059545, -37.742354116892294 ], [ 144.96330534, -37.74234971 ], [ 144.963306418955597, -37.742341218252662 ] ] } },
{ "type": "Feature", "properties": { "from_stop": "Moreland Station", "to_stop": "Coburg Station", "minutes": 32.2, "tier": 45, "centre": "southern-cross", "MODE": "METRO TRAIN" }, "geometry": { "type": "LineString", "coordinates": [ [ 144.961855943559414, -37.754089271026885 ], [ 144.96219008, -37.75142437 ], [ 144.96225313, -37.75087196 ], [ 144.96235235, -37.75009361 ], [ 144.96255758, -37.74838337 ], [ 144.962667470000014, -37.74750094 ], [ 144.96273316, -37.746993 ], [ 144.96282582, -37.74622941 ], [ 144.96291975, -37.74548611 ], [ 144.96316783, -37.74343299 ], [ 144.96330478059545, -37.742354116892294 ] ] } },
{ "type": "Feature", "properties": { "from_stop": "Collingwood Station", "to_stop": "Collingwood Railway Station", "minutes": 13.4, "tier": 15, "centre": "southern-cross", "MODE": "METRO TRAIN" }, "geometry": { "type": "LineString", "coordinates": [ [ 144.993728336329866, -37.804522151925291 ], [ 144.993750400028176, -37.80439756474842 ] ] } },
{ "type": "Feature", "properties": { "from_stop": "Gipps St", "to_stop": "Collingwood Station", "minutes": 13.4, "tier": 30, "centre": "southern-cross", "MODE": "METRO TRAIN" }, "geometry": { "type": "LineString", "coordinates": [ [ 144.99384502, -37.80477988 ], [ 144.993707910000012, -37.80439004 ] ] } },
{ "type": "Feature", "properties": { "from_stop": "Bike & Ride", "to_stop": "Concourse", "minutes": 28.4, "tier": 30, "centre": "southern-cross", "MODE": "METRO TRAIN" }, "geometry": { "type": "LineString", "coordinates": [ [ 145.0001622, -37.74613901 ], [ 145.00025829, -37.74594237 ] ] } },
{ "type": "Feature", "properties": { "from_stop": "Bike & Ride", "to_stop": "Connex", "minutes": 29.7, "tier": 30, "centre": "southern-cross", "MODE": "METRO TRAIN" }, "geometry": { "type": "LineString", "coordinates": [ [ 145.0001622, -37.74613901 ], [ 145.00015503, -37.74556212 ] ] } },
{ "type": "Feature", "properties": { "from_stop": "Coolaroo Station", "to_stop": "Coolaroo Railway Station", "minutes": 46.8, "tier": 60, "centre": "southern-cross", "MODE": "METRO TRAIN" }, "geometry": { "type": "LineString", "coordinates": [ [ 144.926057482893185, -37.661113657368546 ], [ 144.92597553100984, -37.661525088809491 ] ] } },
{ "type": "Feature", "properties": { "from_stop": "Broadmeadows Station", "to_stop": "Coolaroo Station", "minutes": 46.2, "tier": 60, "centre": "southern-cross", "MODE": "METRO TRAIN" }, "geometry": { "type": "LineString", "coordinates": [ [ 144.91967010897153, -37.682942712381767 ], [ 144.91981758, -37.68275593 ], [ 144.92032724, -37.68210778 ], [ 144.92079485, -37.68150349 ], [ 144.92101804, -37.68120967 ], [ 144.92118815, -37.68099341 ], [ 144.92132726, -37.68080761 ], [ 144.921472740000013, -37.68059623 ], [ 144.92163344, -37.68033114 ], [ 144.92181585, -37.68000308 ], [ 144.92203573, -37.67958808 ], [ 144.92219004, -37.67926331 ], [ 144.92232544, -37.67894587 ], [ 144.9224448, -37.67863814 ], [ 144.92258157, -37.67823484 ], [ 144.92270364, -37.67780171 ], [ 144.92282825, -37.67725301 ], [ 144.92306846, -37.67605136 ], [ 144.92319315, -37.67540597 ], [ 144.92322134, -37.67527336 ], [ 144.923409959999987, -37.67432728 ], [ 144.923623850000013, -37.67323953 ], [ 144.92384948, -37.67208818 ], [ 144.92399114, -37.6713416 ], [ 144.924196200000011, -37.67032606 ], [ 144.92430353, -37.66974929 ], [ 144.92465558, -37.66800277 ], [ 144.92475284, -37.66749449 ], [ 144.924835800000011, -37.66709646 ], [ 144.92500432, -37.6662314 ], [ 144.92514981, -37.6654647 ], [ 144.92550065, -37.66371527 ], [ 144.925597720000013, -37.66321303 ], [ 144.925841709999986, -37.66199431 ], [ 144.925935219306723, -37.661517320073472 ] ] } },
{ "type": "Feature", "properties": { "from_stop": "Taxi zone 1", "to_stop": "Cooper St", "minutes": 47.9, "tier": 60, "centre": "southern-cross", "MODE": "METRO TRAIN" }, "geometry": { "type": "LineString", "coordinates": [ [ 145.031013748177799, -37.652263488136938 ], [ 145.030835560000014, -37.65227092 ], [ 145.030564129999988, -37.6523082 ], [ 145.03033395, -37.65234554 ], [ 145.02998631, -37.6524185 ], [ 145.029716549999989, -37.65251691 ], [ 145.029284, -37.65272309 ], [ 145.028664459999987, -37.65303068 ], [ 145.026886139999988, -37.65393323 ], [ 145.02647037, -37.65417744 ], [ 145.0262399, -37.65433238 ], [ 145.026001220000012, -37.65451926 ], [ 145.02578119, -37.65472952 ], [ 145.025577379999987, -37.65494817 ], [ 145.02526364, -37.65534106 ], [ 145.02500067, -37.65567867 ], [ 145.02479962000001, -37.65590808 ], [ 145.02461976, -37.65610342 ], [ 145.02442936, -37.65628183 ], [ 145.02418529, -37.65648781 ], [ 145.02389033, -37.65671502 ], [ 145.02320903, -37.65722044 ], [ 145.02269401, -37.65759833 ], [ 145.02237483, -37.65785325 ], [ 145.02212537, -37.65806553 ], [ 145.02193502, -37.65824168 ], [ 145.021280819999987, -37.65892526 ], [ 145.02088562, -37.6593193 ], [ 145.02042732000001, -37.65979682 ], [ 145.02034386, -37.65988734 ], [ 145.02015065, -37.66008552 ], [ 145.01984094, -37.66043557 ], [ 145.01959098, -37.66072976 ], [ 145.01928124, -37.66113226 ], [ 145.01900348, -37.66152133 ], [ 145.01874075, -37.66192039 ], [ 145.01850348, -37.66234663 ], [ 145.018285600000013, -37.66277276 ], [ 145.01815595, -37.66306563 ], [ 145.01801264, -37.66341541 ], [ 145.01792802, -37.66363073 ], [ 145.017836249999988, -37.66388828 ], [ 145.01777755, -37.66407087 ], [ 145.017721349999988, -37.66426999 ], [ 145.01767254, -37.66446401 ], [ 145.017641950000012, -37.66461661 ], [ 145.017597124736795, -37.664871794278632 ] ] } },
{ "type": "Feature", "properties": { "from_stop": "Craigieburn Station", "to_stop": "Craigieburn Railway Station", "minutes": 56.2, "tier": 60, "centre": "southern-cross", "MODE": "METRO TRAIN" }, "geometry": { "type": "LineString", "coordinates": [ [ 144.94309421, -37.60254113 ], [ 144.943094049139944, -37.602541504235298 ] ] } },
{ "type": "Feature", "properties": { "from_stop": "Roxburgh Park Station", "to_stop": "Craigieburn Station", "minutes": 52.2, "tier": 60, "centre": "southern-cross", "MODE": "METRO TRAIN" }, "geometry": { "type": "LineString", "coordinates": [ [ 144.943094049139944, -37.602541504235298 ], [ 144.94280738, -37.60320843 ], [ 144.94259463, -37.6037148 ], [ 144.94241358, -37.6042301 ], [ 144.94226204, -37.60474321 ], [ 144.94216545, -37.60514914 ], [ 144.941837060000012, -37.60679306 ], [ 144.94168635, -37.60752626 ], [ 144.93898927, -37.62092344 ], [ 144.93673671, -37.63205016 ], [ 144.93656194, -37.63293217 ], [ 144.93639828, -37.63373624 ], [ 144.93610457, -37.63520608 ], [ 144.935537810848786, -37.637999152462015 ] ] } },
{ "type": "Feature", "properties": { "from_stop": "Kiss & Ride 1", "to_stop": "Cramer St", "minutes": 30.4, "tier": 45, "centre": "southern-cross", "MODE": "METRO TRAIN" }, "geometry": { "type": "LineString", "coordinates": [ [ 145.00032595, -37.73921163 ], [ 145.00050288, -37.7389623 ] ] } },
{ "type": "Feature", "properties": { "from_stop": "Railway Parade", "to_stop": "Croxton Railway Station", "minutes": 25.4, "tier": 30, "centre": "southern-cross", "MODE": "METRO TRAIN" }, "geometry": { "type": "LineString", "coordinates": [ [ 144.99680114, -37.76471848 ], [ 144.99705619, -37.764101 ] ] } },
{ "type": "Feature", "properties": { "from_stop": "Croxton Railway Station", "to_stop": "Croxton Station", "minutes": 25.4, "tier": 30, "centre": "southern-cross", "MODE": "METRO TRAIN" }, "geometry": { "type": "LineString", "coordinates": [ [ 144.997068017889688, -37.764103011845478 ], [ 144.997064677733533, -37.764122649038647 ] ] } },
{ "type": "Feature", "properties": { "from_stop": "Ringwood East Station", "to_stop": "Croydon Railway Station", "minutes": 45.4, "tier": 60, "centre": "southern-cross", "MODE": "METRO TRAIN" }, "geometry": { "type": "LineString", "coordinates": [ [ 145.280505407957151, -37.795330051494311 ], [ 145.28043642, -37.79537171 ], [ 145.27968944, -37.79580844 ], [ 145.279219970000014, -37.796086 ], [ 145.27886473, -37.79631071 ], [ 145.278373789999989, -37.79663708 ], [ 145.27792521, -37.79692919 ], [ 145.27658897, -37.79770821 ], [ 145.27628465, -37.79790103 ], [ 145.275972059999987, -37.79813204 ], [ 145.27567092000001, -37.79836411 ], [ 145.27546132, -37.79853723 ], [ 145.27521035, -37.79876039 ], [ 145.27502263, -37.79893527 ], [ 145.27489245000001, -37.79907314 ], [ 145.274715539999988, -37.79928612 ], [ 145.27444214, -37.79962864 ], [ 145.273988589999988, -37.80022067 ], [ 145.27362985, -37.80075488 ], [ 145.27231422, -37.80264788 ], [ 145.27203566, -37.80299653 ], [ 145.27181681, -37.80323431 ], [ 145.2714961, -37.80353917 ], [ 145.27134645000001, -37.80366377 ], [ 145.27098605, -37.80394588 ], [ 145.27057524, -37.8042423 ], [ 145.26926989, -37.80516354 ], [ 145.26798641, -37.80606617 ], [ 145.26725283, -37.80657799 ], [ 145.26695784, -37.80674326 ], [ 145.26667348, -37.80689589 ], [ 145.266339570000014, -37.80705914 ], [ 145.26600036, -37.80719681 ], [ 145.26510976, -37.80747118 ], [ 145.263939740000012, -37.80780793 ], [ 145.26309343, -37.80805798 ], [ 145.26058565, -37.80878159 ], [ 145.25904642, -37.80924406 ], [ 145.25805628, -37.80952763 ], [ 145.25729752, -37.80975298 ], [ 145.25481725, -37.81047579 ], [ 145.25338656, -37.81089879 ], [ 145.2525769, -37.81109946 ], [ 145.251930249999987, -37.8112328 ], [ 145.25145034, -37.81134229 ], [ 145.25115201, -37.81141546 ], [ 145.25091459, -37.81147844 ], [ 145.250805654631051, -37.811510937848688 ] ] } },
{ "type": "Feature", "properties": { "from_stop": "Croydon Railway Station", "to_stop": "Croydon Station", "minutes": 45.4, "tier": 60, "centre": "southern-cross", "MODE": "METRO TRAIN" }, "geometry": { "type": "LineString", "coordinates": [ [ 145.280633073456755, -37.795252949331505 ], [ 145.28060517, -37.79526981 ], [ 145.280505407957151, -37.795330051494311 ] ] } },
{ "type": "Feature", "properties": { "from_stop": "Alphington Station", "to_stop": "Darebin Railway Station", "minutes": 28.4, "tier": 30, "centre": "southern-cross", "MODE": "METRO TRAIN" }, "geometry": { "type": "LineString", "coordinates": [ [ 145.03126379051821, -37.778375037678998 ], [ 145.03244482, -37.77799176 ], [ 145.03259201, -37.77794321 ], [ 145.032741179999988, -37.77788856 ], [ 145.03345091, -37.77767007 ], [ 145.03374728, -37.77757048 ], [ 145.034534509999986, -37.7772938 ], [ 145.035713359999988, -37.77690901 ], [ 145.03617337, -37.77676492 ], [ 145.036338300000011, -37.77670657 ], [ 145.03666152, -37.77656127 ], [ 145.03697129, -37.77639278 ], [ 145.03720069, -37.77624024 ], [ 145.03743268, -37.77606306 ], [ 145.037680740000013, -37.77584901 ], [ 145.03788927, -37.77563593 ], [ 145.038469838508405, -37.774958149364885 ] ] } },
{ "type": "Feature", "properties": { "from_stop": "Darebin Railway Station", "to_stop": "Darebin Station", "minutes": 28.4, "tier": 30, "centre": "southern-cross", "MODE": "METRO TRAIN" }, "geometry": { "type": "LineString", "coordinates": [ [ 145.038588782997635, -37.774880971977311 ], [ 145.03858335000001, -37.77488734 ], [ 145.038500506104697, -37.774984353803625 ] ] } },
{ "type": "Feature", "properties": { "from_stop": "Darling Station", "to_stop": "Darling Railway Station", "minutes": 32.4, "tier": 45, "centre": "southern-cross", "MODE": "METRO TRAIN" }, "geometry": { "type": "LineString", "coordinates": [ [ 145.062917753648179, -37.868896668278104 ], [ 145.06294895, -37.86893284 ], [ 145.062961680866749, -37.868947260549838 ] ] } },
{ "type": "Feature", "properties": { "from_stop": "Glen Iris Railway Station", "to_stop": "Darling Station", "minutes": 32.4, "tier": 45, "centre": "southern-cross", "MODE": "METRO TRAIN" }, "geometry": { "type": "LineString", "coordinates": [ [ 145.062886797932663, -37.868923017099682 ], [ 145.0623965, -37.86836303 ], [ 145.061949449999986, -37.8678621 ], [ 145.06166371, -37.86753486 ], [ 145.06143171, -37.86724383 ], [ 145.06125594, -37.86699293 ], [ 145.061044149999987, -37.86665087 ], [ 145.0608604, -37.86629728 ], [ 145.060731550000014, -37.86599128 ], [ 145.060574659999986, -37.86551494 ], [ 145.06017512, -37.86420903 ], [ 145.060103950000013, -37.86398401 ], [ 145.06003017, -37.86373298 ], [ 145.0599612, -37.86353241 ], [ 145.059924959999989, -37.86340592 ], [ 145.05952865, -37.86210358 ], [ 145.059483730000011, -37.86196973 ], [ 145.05929597, -37.86134924 ], [ 145.059151250000014, -37.86093411 ], [ 145.059045590000011, -37.86070274 ], [ 145.05894665, -37.86050952 ], [ 145.058810240000014, -37.86027603 ], [ 145.058746219999989, -37.86017287 ], [ 145.05863409, -37.86000592 ], [ 145.05857764000001, -37.8599265 ], [ 145.058156326368447, -37.859359361732153 ] ] } },
{ "type": "Feature", "properties": { "from_stop": "Westgarth Station", "to_stop": "Dennis Railway Station", "minutes": 21.4, "tier": 30, "centre": "southern-cross", "MODE": "METRO TRAIN" }, "geometry": { "type": "LineString", "coordinates": [ [ 145.008241667970395, -37.779209735429326 ], [ 145.00228629, -37.77921981 ], [ 145.00197807, -37.77923504 ], [ 145.0018356, -37.77924641 ], [ 145.00167753, -37.77926833 ], [ 145.00147628, -37.7793043 ], [ 145.00131785, -37.77933937 ], [ 145.00115564, -37.77938402 ], [ 145.00097252, -37.77944246 ], [ 145.00078296, -37.77951188 ], [ 145.00057075, -37.77960443 ], [ 145.00042101, -37.77967957 ], [ 145.00026377, -37.77976729 ], [ 145.0000942, -37.77987454 ], [ 144.999987440000012, -37.77995176 ], [ 144.99985202, -37.78005553 ], [ 144.9996791, -37.78020697 ], [ 144.99949412, -37.78038857 ], [ 144.999355366147853, -37.780544644902363 ] ] } },
{ "type": "Feature", "properties": { "from_stop": "Dennis Railway Station", "to_stop": "Dennis Station", "minutes": 21.4, "tier": 30, "centre": "southern-cross", "MODE": "METRO TRAIN" }, "geometry": { "type": "LineString", "coordinates": [ [ 145.008251476185819, -37.779209718837002 ], [ 145.008241667970395, -37.779209735429326 ] ] } },
{ "type": "Feature", "properties": { "from_stop": "Eaglemont Station", "to_stop": "Eaglemont Railway Station", "minutes": 31.4, "tier": 45, "centre": "southern-cross", "MODE": "METRO TRAIN" }, "geometry": { "type": "LineString", "coordinates": [ [ 145.053972180100544, -37.763626632968702 ], [ 145.053864406346293, -37.763703957282438 ] ] } },
{ "type": "Feature", "properties": { "from_stop": "Ivanhoe Railway Station", "to_stop": "Eaglemont Station", "minutes": 31.4, "tier": 45, "centre": "southern-cross", "MODE": "METRO TRAIN" }, "geometry": { "type": "LineString", "coordinates": [ [ 145.04541615941659, -37.768871627796223 ], [ 145.04543053, -37.76886646 ], [ 145.046920949999986, -37.76832983 ], [ 145.04722345, -37.76821481 ], [ 145.047321649999986, -37.76818039 ], [ 145.047579250000013, -37.76807201 ], [ 145.04787302, -37.76793097 ], [ 145.04824595, -37.7676977 ], [ 145.04986057, -37.76653261 ], [ 145.050618289999989, -37.76598984 ], [ 145.051105119999988, -37.76563778 ], [ 145.051274049999989, -37.7655117 ], [ 145.05284595, -37.76439209 ], [ 145.05382194, -37.76368808 ], [ 145.053842403437159, -37.76367337542937 ] ] } },
{ "type": "Feature", "properties": { "from_stop": "Camberwell Railway Station", "to_stop": "East Camberwell Railway Station", "minutes": 23.4, "tier": 30, "centre": "southern-cross", "MODE": "METRO TRAIN" }, "geometry": { "type": "LineString", "coordinates": [ [ 145.058697211448077, -37.826574236186268 ], [ 145.06040676, -37.82656666 ], [ 145.060753440000013, -37.82656066 ], [ 145.06158161, -37.82653383 ], [ 145.0617921, -37.82653937 ], [ 145.06207905, -37.82655419 ], [ 145.06418795, -37.8264856 ], [ 145.064323, -37.82648728 ], [ 145.0646539, -37.82650254 ], [ 145.06484445000001, -37.82650189 ], [ 145.06500958, -37.82649586 ], [ 145.06519501, -37.82648242 ], [ 145.0653331, -37.82646721 ], [ 145.065434360000012, -37.82645319 ], [ 145.065747249999987, -37.82640137 ], [ 145.06634859, -37.82629347 ], [ 145.06687621, -37.82620246 ], [ 145.066988869999989, -37.82618655 ], [ 145.067175600000013, -37.826167 ], [ 145.06724811, -37.82616179 ], [ 145.067410599999988, -37.82615644 ], [ 145.067611559999989, -37.82616172 ], [ 145.067702950000012, -37.82616872 ], [ 145.06786846, -37.82618738 ], [ 145.0680448, -37.82621731 ], [ 145.068116558625775, -37.826232921175261 ] ] } },
{ "type": "Feature", "properties": { "from_stop": "Camberwell Railway Station", "to_stop": "East Camberwell Station", "minutes": 23.4, "tier": 30, "centre": "southern-cross", "MODE": "METRO TRAIN" }, "geometry": { "type": "LineString", "coordinates": [ [ 145.05869722803493, -37.826572866903128 ], [ 145.05870282, -37.82657282 ], [ 145.06020265, -37.82656871 ], [ 145.060753440000013, -37.82656066 ], [ 145.062588330000011, -37.82649966 ], [ 145.063209809999989, -37.82648222 ], [ 145.063455839999989, -37.82647176 ], [ 145.06442401000001, -37.82644352 ], [ 145.06467615, -37.8264337 ], [ 145.06485115000001, -37.8264236 ], [ 145.0651158, -37.82639614 ], [ 145.065326160000012, -37.82636787 ], [ 145.0654614, -37.82634459 ], [ 145.0656215, -37.82631351 ], [ 145.066457, -37.82611834 ], [ 145.06672135, -37.82606312 ], [ 145.06730724, -37.82595053 ], [ 145.06762925000001, -37.82588012 ], [ 145.067865500000011, -37.82582578 ], [ 145.06825066, -37.82574279 ], [ 145.067865500000011, -37.82582578 ], [ 145.06762925000001, -37.82588012 ], [ 145.06730724, -37.82595053 ], [ 145.06672135, -37.82606312 ], [ 145.066457, -37.82611834 ], [ 145.0656215, -37.82631351 ], [ 145.0654614, -37.82634459 ], [ 145.065326160000012, -37.82636787 ], [ 145.0651158, -37.82639614 ], [ 145.06485115000001, -37.8264236 ], [ 145.06467615, -37.8264337 ], [ 145.06442401000001, -37.82644352 ], [ 145.063455839999989, -37.82647176 ], [ 145.063209809999989, -37.82648222 ], [ 145.063078389999987, -37.82649421 ], [ 145.06280983, -37.82652332 ], [ 145.06266488, -37.8265358 ], [ 145.06480292, -37.82646516 ], [ 145.06501087, -37.82645074 ], [ 145.06514461, -37.82643707 ], [ 145.065274460000012, -37.82642019 ], [ 145.06552794000001, -37.8263765 ], [ 145.06568546, -37.82634421 ], [ 145.06591072, -37.82629339 ], [ 145.06650335, -37.82614929 ], [ 145.06672608, -37.82610384 ], [ 145.06692039, -37.82607242 ], [ 145.06702173, -37.82605949 ], [ 145.06746517, -37.82601152 ], [ 145.06759194, -37.82599504 ], [ 145.067873240000011, -37.82595171 ], [ 145.06800164, -37.82592949 ], [ 145.06824586, -37.82587897 ], [ 145.06896905, -37.8257078 ], [ 145.06909758, -37.82568017 ], [ 145.06937989, -37.82562866 ], [ 145.069662670000014, -37.82558959 ], [ 145.06998632, -37.825552 ], [ 145.06998927, -37.82555628 ], [ 145.07015891, -37.82553851 ], [ 145.07068586, -37.82551633 ], [ 145.071061390000011, -37.82551942 ], [ 145.07123979, -37.82552694 ], [ 145.0752498, -37.8257673 ], [ 145.07595505, -37.82582659 ], [ 145.07636691, -37.82586576 ], [ 145.07654118, -37.8258796 ], [ 145.07693554, -37.82589226 ], [ 145.0773552, -37.82588073 ], [ 145.07765702, -37.82585628 ], [ 145.07794444000001, -37.82581771 ], [ 145.07831149, -37.82574927 ], [ 145.07866424, -37.82566238 ], [ 145.07924617, -37.82546541 ], [ 145.07968743, -37.82528219 ], [ 145.08088149, -37.82475211 ], [ 145.07968743, -37.82528219 ], [ 145.07924617, -37.82546541 ], [ 145.07866424, -37.82566238 ], [ 145.07831149, -37.82574927 ], [ 145.07794444000001, -37.82581771 ], [ 145.07765702, -37.82585628 ], [ 145.0773552, -37.82588073 ], [ 145.07693554, -37.82589226 ], [ 145.07654118, -37.8258796 ], [ 145.07636691, -37.82586576 ], [ 145.07595505, -37.82582659 ], [ 145.0752498, -37.8257673 ], [ 145.07123979, -37.82552694 ], [ 145.071061390000011, -37.82551942 ], [ 145.07068586, -37.82551633 ], [ 145.07015891, -37.82553851 ], [ 145.06998927, -37.82555628 ], [ 145.06998632, -37.825552 ], [ 145.069662670000014, -37.82558959 ], [ 145.06937989, -37.82562866 ], [ 145.06909758, -37.82568017 ], [ 145.06896905, -37.8257078 ], [ 145.068256797713389, -37.825876381180457 ] ] } },
{ "type": "Feature", "properties": { "from_stop": "East Malvern Station", "to_stop": "East Malvern Railway Station", "minutes": 36.8, "tier": 45, "centre": "southern-cross", "MODE": "METRO TRAIN" }, "geometry": { "type": "LineString", "coordinates": [ [ 145.069136597034827, -37.876814028731836 ], [ 145.069282969999989, -37.87687261 ], [ 145.069395128869161, -37.876916143560727 ] ] } },
{ "type": "Feature", "properties": { "from_stop": "Darling Railway Station", "to_stop": "East Malvern Station", "minutes": 32.4, "tier": 45, "centre": "southern-cross", "MODE": "METRO TRAIN" }, "geometry": { "type": "LineString", "coordinates": [ [ 145.062961680866749, -37.868947260549838 ], [ 145.06335988, -37.86939831 ], [ 145.06345847, -37.86951447 ], [ 145.063582239999988, -37.86966781 ], [ 145.06384229, -37.8700085 ], [ 145.064099520000013, -37.87038754 ], [ 145.0643253, -37.87076073 ], [ 145.06440244, -37.87089754 ], [ 145.064508319999987, -37.87109998 ], [ 145.06460261, -37.8712896 ], [ 145.06474555, -37.87160097 ], [ 145.06556705, -37.87355598 ], [ 145.065651, -37.87374111 ], [ 145.06576328, -37.8739687 ], [ 145.06586381, -37.87415474 ], [ 145.06593573, -37.87427794 ], [ 145.06606341, -37.87447757 ], [ 145.06621117, -37.87468764 ], [ 145.066336299999989, -37.87485001 ], [ 145.066467139999986, -37.87500716 ], [ 145.06665994, -37.87521688 ], [ 145.06682415, -37.87537621 ], [ 145.06700308, -37.87553334 ], [ 145.06709293, -37.87560601 ], [ 145.06720809, -37.87569351 ], [ 145.067438470000013, -37.87586122 ], [ 145.06788165, -37.87616543 ], [ 145.068143529999986, -37.87633753 ], [ 145.06832986, -37.87644702 ], [ 145.068483179999987, -37.87652713 ], [ 145.06864359, -37.87660591 ], [ 145.068817599999988, -37.87668636 ], [ 145.069136597034827, -37.876814028731836 ] ] } },
{ "type": "Feature", "properties": { "from_stop": "East Richmond Station", "to_stop": "East Richmond Railway Station", "minutes": 17.4, "tier": 30, "centre": "southern-cross", "MODE": "METRO TRAIN" }, "geometry": { "type": "LineString", "coordinates": [ [ 144.996773601949968, -37.826356732535899 ], [ 144.9967777, -37.8263572 ], [ 144.997067003106935, -37.826387350232892 ] ] } },
{ "type": "Feature", "properties": { "from_stop": "Richmond Railway Station", "to_stop": "East Richmond Station", "minutes": 15.4, "tier": 30, "centre": "southern-cross", "MODE": "METRO TRAIN" }, "geometry": { "type": "LineString", "coordinates": [ [ 144.990221909905813, -37.823862906182711 ], [ 144.990394579999986, -37.82390996 ], [ 144.99065805, -37.82399331 ], [ 144.99090059, -37.82408594 ], [ 144.99122021, -37.82422729 ], [ 144.99146284, -37.82435868 ], [ 144.99168451, -37.82449241 ], [ 144.9919199, -37.82465611 ], [ 144.992285790000011, -37.8249474 ], [ 144.992902359999988, -37.82542553 ], [ 144.993212089999986, -37.82564691 ], [ 144.993457510000013, -37.82578456 ], [ 144.99374452, -37.82591814 ], [ 144.994019439999988, -37.82601132 ], [ 144.99421915, -37.82606636 ], [ 144.99447536, -37.8261247 ], [ 144.99472207, -37.82616486 ], [ 144.99517282, -37.8262094 ], [ 144.996769693621985, -37.826389860065113 ] ] } },
{ "type": "Feature", "properties": { "from_stop": "Aspendale Railway Station", "to_stop": "Edithvale Railway Station", "minutes": 52.1, "tier": 60, "centre": "southern-cross", "MODE": "METRO TRAIN" }, "geometry": { "type": "LineString", "coordinates": [ [ 145.102141602371347, -38.027224983635477 ], [ 145.102418379999989, -38.02768791 ], [ 145.10361466, -38.02973124 ], [ 145.104752, -38.03166366 ], [ 145.10586278, -38.03355914 ], [ 145.10666548, -38.03492067 ], [ 145.1070953, -38.03565799 ], [ 145.107264359999988, -38.03593791 ], [ 145.107334087632921, -38.03605584229544 ] ] } },
{ "type": "Feature", "properties": { "from_stop": "Edithvale Railway Station", "to_stop": "Edithvale Station", "minutes": 49.0, "tier": 60, "centre": "southern-cross", "MODE": "METRO TRAIN" }, "geometry": { "type": "LineString", "coordinates": [ [ 145.107334087632921, -38.03605584229544 ], [ 145.107450281012206, -38.036252363407058 ] ] } },
{ "type": "Feature", "properties": { "from_stop": "Muir St", "to_stop": "Elizabeth St", "minutes": 13.7, "tier": 15, "centre": "southern-cross", "MODE": "METRO TRAIN" }, "geometry": { "type": "LineString", "coordinates": [ [ 144.991442441457792, -37.81489309469471 ], [ 144.991452869999989, -37.81487828 ], [ 144.99146645, -37.81485932 ], [ 144.99151815, -37.81477063 ], [ 144.99156195, -37.81470144 ], [ 144.991628569999989, -37.81457776 ], [ 144.99171132, -37.81439984 ], [ 144.991795950000011, -37.81417761 ], [ 144.991835689999988, -37.81405266 ], [ 144.99188688000001, -37.81384843 ], [ 144.99203126, -37.81306443 ], [ 144.99204785, -37.81295522 ], [ 144.99224958, -37.81178596 ], [ 144.9923935, -37.81096392 ], [ 144.992393643230571, -37.810963136662735 ] ] } },
{ "type": "Feature", "properties": { "from_stop": "Ripponlea Railway Station", "to_stop": "Elsternwick Railway Station", "minutes": 31.9, "tier": 45, "centre": "southern-cross", "MODE": "METRO TRAIN" }, "geometry": { "type": "LineString", "coordinates": [ [ 144.99526688365745, -37.875956308862385 ], [ 144.99631476, -37.87804317 ], [ 144.99676401, -37.87893109 ], [ 144.99687784, -37.87914426 ], [ 144.99699499, -37.8793483 ], [ 144.99711825, -37.87954937 ], [ 144.99730954, -37.87984506 ], [ 144.997499330000011, -37.88012936 ], [ 144.99764349, -37.88033539 ], [ 144.99810036, -37.88096398 ], [ 144.99831726, -37.88125514 ], [ 144.99930007, -37.88259532 ], [ 144.999885119999988, -37.88338721 ], [ 145.00032704, -37.8839812 ], [ 145.000781249999989, -37.8845709 ], [ 145.000909339118436, -37.884744655176966 ] ] } },
{ "type": "Feature", "properties": { "from_stop": "Elsternwick Railway Station", "to_stop": "Elsternwick Station", "minutes": 28.4, "tier": 45, "centre": "southern-cross", "MODE": "METRO TRAIN" }, "geometry": { "type": "LineString", "coordinates": [ [ 145.000909339118436, -37.884744655176966 ], [ 145.001243468188193, -37.885197907227948 ] ] } },
{ "type": "Feature", "properties": { "from_stop": "Cooper St", "to_stop": "Epping Railway Station", "minutes": 48.3, "tier": 60, "centre": "southern-cross", "MODE": "METRO TRAIN" }, "geometry": { "type": "LineString", "coordinates": [ [ 145.03101088, -37.65219472 ], [ 145.03107934, -37.65217784 ] ] } },
{ "type": "Feature", "properties": { "from_stop": "Cooper St", "to_stop": "Epping Station", "minutes": 49.4, "tier": 60, "centre": "southern-cross", "MODE": "METRO TRAIN" }, "geometry": { "type": "LineString", "coordinates": [ [ 145.03101088, -37.65219472 ], [ 145.03145275, -37.6522021 ] ] } },
{ "type": "Feature", "properties": { "from_stop": "Essendon Station", "to_stop": "Essendon Railway Station", "minutes": 22.1, "tier": 30, "centre": "southern-cross", "MODE": "METRO TRAIN" }, "geometry": { "type": "LineString", "coordinates": [ [ 144.916216364001627, -37.756011276411883 ], [ 144.916218555464326, -37.756108870640311 ] ] } },
{ "type": "Feature", "properties": { "from_stop": "Moonee Ponds Railway Station", "to_stop": "Essendon Station", "minutes": 24.5, "tier": 30, "centre": "southern-cross", "MODE": "METRO TRAIN" }, "geometry": { "type": "LineString", "coordinates": [ [ 144.916218555464326, -37.756108870640311 ], [ 144.91621863, -37.75611219 ], [ 144.91622684, -37.75681877 ], [ 144.91623865, -37.75702499 ], [ 144.9162359, -37.75736973 ], [ 144.916245049999986, -37.75769071 ], [ 144.91625269, -37.75785522 ], [ 144.91626582, -37.75801856 ], [ 144.91628966, -37.75826519 ], [ 144.91635378, -37.75879144 ], [ 144.91639131, -37.7590839 ], [ 144.91642585, -37.75930944 ], [ 144.916476390000014, -37.7595916 ], [ 144.91656335, -37.76003633 ], [ 144.91663091, -37.76033077 ], [ 144.916656280000012, -37.76040962 ], [ 144.91670994, -37.76064551 ], [ 144.9168254, -37.76104506 ], [ 144.91687325, -37.7611845 ], [ 144.91692537, -37.76135404 ], [ 144.91706614, -37.76170528 ], [ 144.917146800000012, -37.76188532 ], [ 144.91731843, -37.76224153 ], [ 144.91761756, -37.76277094 ], [ 144.917898470000011, -37.7632255 ], [ 144.91824227, -37.76377354 ], [ 144.91827847, -37.76382267 ], [ 144.91853968, -37.7642676 ], [ 144.91869105, -37.76454531 ], [ 144.91886585, -37.76489797 ], [ 144.91893875, -37.7650511 ], [ 144.91903224, -37.76526741 ], [ 144.91911316, -37.7654626 ], [ 144.919203544771875, -37.765689600500451 ] ] } },
{ "type": "Feature", "properties": { "from_stop": "Thornbury Station", "to_stop": "Ethel St", "minutes": 27.4, "tier": 30, "centre": "southern-cross", "MODE": "METRO TRAIN" }, "geometry": { "type": "LineString", "coordinates": [ [ 144.99860264, -37.75516046 ], [ 144.9987639, -37.75507308 ] ] } },
{ "type": "Feature", "properties": { "from_stop": "Dennis Station", "to_stop": "Fairfield Railway Station", "minutes": 23.4, "tier": 30, "centre": "southern-cross", "MODE": "METRO TRAIN" }, "geometry": { "type": "LineString", "coordinates": [ [ 145.016905309947362, -37.779189662632454 ], [ 145.016170179999989, -37.77919006 ], [ 145.012726789999988, -37.77920294 ], [ 145.0082567, -37.77920971 ], [ 145.008251476185819, -37.779209718837002 ] ] } },
{ "type": "Feature", "properties": { "from_stop": "Fairfield Railway Station", "to_stop": "Fairfield Station", "minutes": 23.4, "tier": 30, "centre": "southern-cross", "MODE": "METRO TRAIN" }, "geometry": { "type": "LineString", "coordinates": [ [ 145.016905264814085, -37.779156258445859 ], [ 145.016982873361428, -37.779156076416228 ] ] } },
{ "type": "Feature", "properties": { "from_stop": "Rushall Station Brg", "to_stop": "Falconer St", "minutes": 22.5, "tier": 30, "centre": "southern-cross", "MODE": "METRO TRAIN" }, "geometry": { "type": "LineString", "coordinates": [ [ 144.992648339999988, -37.78311308 ], [ 144.991688759999988, -37.78290747 ] ] } },
{ "type": "Feature", "properties": { "from_stop": "Fawkner Station", "to_stop": "Fawkner Railway Station", "minutes": 40.8, "tier": 45, "centre": "southern-cross", "MODE": "METRO TRAIN" }, "geometry": { "type": "LineString", "coordinates": [ [ 144.960576072821652, -37.715135848908368 ], [ 144.96056943, -37.71508014 ], [ 144.960515299405472, -37.714624824548963 ] ] } },
{ "type": "Feature", "properties": { "from_stop": "Merlynston Railway Station", "to_stop": "Fawkner Station", "minutes": 38.2, "tier": 60, "centre": "southern-cross", "MODE": "METRO TRAIN" }, "geometry": { "type": "LineString", "coordinates": [ [ 144.961260702919674, -37.720940214367936 ], [ 144.96123728, -37.72074449 ], [ 144.961204329999987, -37.72042373 ], [ 144.961022719999988, -37.71893327 ], [ 144.960862209999988, -37.71749274 ], [ 144.960749560000011, -37.71659077 ], [ 144.960576072821652, -37.715135848908368 ] ] } },
{ "type": "Feature", "properties": { "from_stop": "Ferntree Gully Station", "to_stop": "Ferntree Gully Railway Station", "minutes": 55.5, "tier": 60, "centre": "southern-cross", "MODE": "METRO TRAIN" }, "geometry": { "type": "LineString", "coordinates": [ [ 145.295195524309435, -37.881726457352769 ], [ 145.29499321, -37.88133035 ], [ 145.294989653753419, -37.881323334909794 ] ] } },
{ "type": "Feature", "properties": { "from_stop": "Boronia Station", "to_stop": "Ferntree Gully Station", "minutes": 53.4, "tier": 60, "centre": "southern-cross", "MODE": "METRO TRAIN" }, "geometry": { "type": "LineString", "coordinates": [ [ 145.294989653753419, -37.881323334909794 ], [ 145.29465074, -37.88065479 ], [ 145.294465, -37.88029811 ], [ 145.29430084, -37.87997147 ], [ 145.29383335, -37.87906277 ], [ 145.293638859999987, -37.87867639 ], [ 145.29212815, -37.87571717 ], [ 145.29202562, -37.87550967 ], [ 145.291953580000012, -37.87537488 ], [ 145.29171761, -37.87491436 ], [ 145.29127774, -37.87404309 ], [ 145.29113562, -37.87378274 ], [ 145.29101354, -37.87358477 ], [ 145.29087411, -37.8733752 ], [ 145.290656790000014, -37.87308717 ], [ 145.290050580000013, -37.8723747 ], [ 145.28987232, -37.87216826 ], [ 145.2889281, -37.87104929 ], [ 145.288535169999989, -37.87052953 ], [ 145.28818651, -37.86998851 ], [ 145.28789676, -37.86943699 ], [ 145.287632589999987, -37.86884619 ], [ 145.287369790000014, -37.86809346 ], [ 145.28697816, -37.86685581 ], [ 145.28681316, -37.86631799 ], [ 145.286699160000012, -37.86591458 ], [ 145.28659233, -37.8654717 ], [ 145.28646353, -37.86496136 ], [ 145.286271660000011, -37.86434728 ], [ 145.28612155, -37.86381473 ], [ 145.28600619, -37.86338696 ], [ 145.28586404, -37.8629624 ], [ 145.28570543, -37.86255157 ], [ 145.28516764, -37.86142353 ], [ 145.28492429, -37.86099128 ], [ 145.284700179999987, -37.86054759 ], [ 145.284700119382364, -37.860547473050907 ] ] } },
{ "type": "Feature", "properties": { "from_stop": "Southern Cross Station", "to_stop": "Flagstaff Railway Station", "minutes": 7.3, "tier": 15, "centre": "southern-cross", "MODE": "METRO TRAIN" }, "geometry": { "type": "LineString", "coordinates": [ [ 144.951683678366066, -37.817742675937694 ], [ 144.95160998, -37.81765034 ], [ 144.95147681, -37.81750347 ], [ 144.9512004, -37.81722498 ], [ 144.95103943, -37.81704014 ], [ 144.95057931, -37.81647061 ], [ 144.950397259999988, -37.81623494 ], [ 144.95027098, -37.81603628 ], [ 144.95018242, -37.81584162 ], [ 144.950106330000011, -37.81563979 ], [ 144.95007135, -37.81549147 ], [ 144.95005211, -37.81534956 ], [ 144.95003933000001, -37.81514207 ], [ 144.95005604, -37.81494447 ], [ 144.95008661, -37.81475918 ], [ 144.950150900000011, -37.81454194 ], [ 144.95024555, -37.81432722 ], [ 144.95035106, -37.81415143 ], [ 144.95043225, -37.81402938 ], [ 144.95052069, -37.81392026 ], [ 144.95068727, -37.8137459 ], [ 144.95081707, -37.81363209 ], [ 144.95094667, -37.81352998 ], [ 144.95116224, -37.81339117 ], [ 144.95140722, -37.81325701 ], [ 144.951733929999989, -37.81312896 ], [ 144.95196198, -37.81304858 ], [ 144.95567041765969, -37.812000276164291 ] ] } },
{ "type": "Feature", "properties": { "from_stop": "Flagstaff Railway Station", "to_stop": "Flagstaff Station", "minutes": 6.7, "tier": 15, "centre": "southern-cross", "MODE": "METRO TRAIN" }, "geometry": { "type": "LineString", "coordinates": [ [ 144.955674223369243, -37.812013549393136 ], [ 144.956050355104338, -37.811906594875602 ] ] } },
{ "type": "Feature", "properties": { "from_stop": "Flemington Bridge Station", "to_stop": "Flemington Bridge Railway Station", "minutes": 21.2, "tier": 30, "centre": "southern-cross", "MODE": "METRO TRAIN" }, "geometry": { "type": "LineString", "coordinates": [ [ 144.939175988929918, -37.788201953546597 ], [ 144.9392929, -37.7881341 ], [ 144.939313102586937, -37.788122390598851 ] ] } },
{ "type": "Feature", "properties": { "from_stop": "Macaulay Railway Station", "to_stop": "Flemington Bridge Station", "minutes": 21.2, "tier": 30, "centre": "southern-cross", "MODE": "METRO TRAIN" }, "geometry": { "type": "LineString", "coordinates": [ [ 144.939200018961998, -37.788244982196581 ], [ 144.939197220000011, -37.7882467 ], [ 144.938904009999987, -37.78843108 ], [ 144.938437349999987, -37.78878077 ], [ 144.93837749, -37.78883452 ], [ 144.93807912, -37.78912253 ], [ 144.93796662, -37.78923583 ], [ 144.93735984, -37.78993578 ], [ 144.937268859999989, -37.79008369 ], [ 144.93715124, -37.79031143 ], [ 144.93695953, -37.79072847 ], [ 144.936819250000013, -37.7911383 ], [ 144.93669755, -37.79155747 ], [ 144.9366516, -37.79176006 ], [ 144.93647635, -37.79272809 ], [ 144.93633734, -37.79344263 ], [ 144.936184727649135, -37.794270123029769 ] ] } },
{ "type": "Feature", "properties": { "from_stop": "Newmarket Railway Station", "to_stop": "Flemington Racecourse Railway Station", "minutes": 43.5, "tier": 45, "centre": "southern-cross", "MODE": "METRO TRAIN" }, "geometry": { "type": "LineString", "coordinates": [ [ 144.928975326850235, -37.787328419987425 ], [ 144.92881018, -37.7866363 ], [ 144.928727149999986, -37.78640531 ], [ 144.92859556, -37.78609579 ], [ 144.92846146, -37.78584777 ], [ 144.928367580000014, -37.78569616 ], [ 144.92819062, -37.78547046 ], [ 144.927969319999988, -37.78523407 ], [ 144.92766885, -37.78495428 ], [ 144.92756502, -37.78487063 ], [ 144.927341719999987, -37.78470629 ], [ 144.92699841000001, -37.78450073 ], [ 144.926705129999988, -37.7843621 ], [ 144.926286260000012, -37.78418323 ], [ 144.92589808, -37.78403554 ], [ 144.92555796, -37.78393151 ], [ 144.92531581, -37.7838811 ], [ 144.92512131, -37.78384839 ], [ 144.92490835000001, -37.78382219 ], [ 144.924707250000012, -37.78380621 ], [ 144.92447845, -37.78379398 ], [ 144.92288525, -37.78374598 ], [ 144.92204179, -37.78372687 ], [ 144.92140196, -37.78371846 ], [ 144.92060134, -37.78369414 ], [ 144.9195432, -37.78366554 ], [ 144.91782161, -37.78363674 ], [ 144.91740768, -37.78362654 ], [ 144.91690497, -37.78361161 ], [ 144.91679864, -37.78360523 ], [ 144.91670892, -37.78359778 ], [ 144.91653906, -37.78357765 ], [ 144.91641266, -37.78356623 ], [ 144.91514333, -37.78352935 ], [ 144.91414764000001, -37.78350117 ], [ 144.91378622, -37.78349324 ], [ 144.913417540000012, -37.78350888 ], [ 144.91327697, -37.78350882 ], [ 144.91305693000001, -37.78350438 ], [ 144.91286405, -37.78351133 ], [ 144.91265787, -37.7835266 ], [ 144.912451800000014, -37.78354619 ], [ 144.91229185, -37.78356904 ], [ 144.912115449999988, -37.78359944 ], [ 144.91190293, -37.78364641 ], [ 144.911674909999988, -37.78370373 ], [ 144.91142699, -37.7837818 ], [ 144.91120817, -37.78386308 ], [ 144.910975509999986, -37.78396394 ], [ 144.91083462, -37.78403164 ], [ 144.910620779999988, -37.78414563 ], [ 144.91036804, -37.78430236 ], [ 144.91021806, -37.78441046 ], [ 144.910073649999987, -37.78452649 ], [ 144.90997765, -37.78460913 ], [ 144.9098593, -37.78471923 ], [ 144.90977547, -37.78480489 ], [ 144.90968835000001, -37.7849104 ], [ 144.909483169999987, -37.78520072 ], [ 144.90945019, -37.78524276 ], [ 144.90936273, -37.7853443 ], [ 144.90929377, -37.7854341 ], [ 144.90926352, -37.78547618 ], [ 144.90917722, -37.78560929 ], [ 144.90897268, -37.78593666 ], [ 144.90882869, -37.78614236 ], [ 144.90876556, -37.78622289 ], [ 144.90867904000001, -37.78632733 ], [ 144.908560200000011, -37.78645859 ], [ 144.90845366, -37.78656439 ], [ 144.90839046, -37.78662292 ], [ 144.90829216, -37.78670643 ], [ 144.90816711, -37.78680406 ], [ 144.908067460000012, -37.786887 ], [ 144.90794193, -37.78700967 ], [ 144.9078615, -37.7870834 ], [ 144.907805700000011, -37.78712927 ], [ 144.907621913552077, -37.787269483135866 ] ] } },
{ "type": "Feature", "properties": { "from_stop": "Flemington Racecourse Railway Station", "to_stop": "Flemington Racecourse Station", "minutes": 39.3, "tier": 45, "centre": "southern-cross", "MODE": "METRO TRAIN" }, "geometry": { "type": "LineString", "coordinates": [ [ 144.907127139854055, -37.787646952598507 ], [ 144.907621913552077, -37.787269483135866 ] ] } },
{ "type": "Feature", "properties": { "from_stop": "Flinders Street Station", "to_stop": "Flinders Street Railway Station", "minutes": 6.8, "tier": 15, "centre": "southern-cross", "MODE": "METRO TRAIN" }, "geometry": { "type": "LineString", "coordinates": [ [ 144.964874442499593, -37.818612493866333 ], [ 144.96491011, -37.81859831 ], [ 144.96502099, -37.81855669 ], [ 144.96514443, -37.8185171 ], [ 144.9659896, -37.81826144 ] ] } },
{ "type": "Feature", "properties": { "from_stop": "Southern Cross Railway Station", "to_stop": "Flinders Street Station", "minutes": 6.8, "tier": 15, "centre": "southern-cross", "MODE": "METRO TRAIN" }, "geometry": { "type": "LineString", "coordinates": [ [ 144.964843328809224, -37.8185404371579 ], [ 144.962665390000012, -37.8192205 ], [ 144.962261360000014, -37.81933868 ], [ 144.96214795, -37.81936862 ], [ 144.961962199999988, -37.81941019 ], [ 144.961775640000013, -37.81943589 ], [ 144.96164984, -37.81945002 ], [ 144.96122889, -37.819485 ], [ 144.961059729999988, -37.81950559 ], [ 144.96091558, -37.81952571 ], [ 144.96078262, -37.81954828 ], [ 144.96064644, -37.81957612 ], [ 144.960425140000012, -37.81962951 ], [ 144.960082879999987, -37.8197237 ], [ 144.95942464, -37.81992263 ], [ 144.95921701, -37.8199831 ], [ 144.95898336, -37.82006016 ], [ 144.9587611, -37.82014858 ], [ 144.95847555, -37.82027061 ], [ 144.95818537, -37.82043247 ], [ 144.95791441, -37.82059801 ], [ 144.957491589999989, -37.82086941 ], [ 144.95723307, -37.82101208 ], [ 144.95696661, -37.82111686 ], [ 144.95668581000001, -37.82120229 ], [ 144.95640475, -37.82126022 ], [ 144.956102210000012, -37.82129327 ], [ 144.95579224, -37.82130339 ], [ 144.955486650000012, -37.82127862 ], [ 144.955207120000011, -37.82123141 ], [ 144.95495263, -37.82116589 ], [ 144.95466722, -37.8210645 ], [ 144.954508659999988, -37.82099326 ], [ 144.954353450000013, -37.82091613 ], [ 144.9540244, -37.82070783 ], [ 144.95381611, -37.82054938 ], [ 144.95370535, -37.82045473 ], [ 144.95353585, -37.82029444 ], [ 144.95331887, -37.82012152 ], [ 144.95310587, -37.81991144 ], [ 144.95307775, -37.8198604 ], [ 144.95300043, -37.81975173 ], [ 144.95276843, -37.81941137 ], [ 144.952585449999987, -37.81915514 ], [ 144.952419739923812, -37.818945373322087 ] ] } },
{ "type": "Feature", "properties": { "from_stop": "Footscray Station", "to_stop": "Footscray Railway Station", "minutes": 12.3, "tier": 15, "centre": "southern-cross", "MODE": "METRO TRAIN" }, "geometry": { "type": "LineString", "coordinates": [ [ 144.902650072172321, -37.801626439594472 ], [ 144.90249802, -37.80176124 ], [ 144.902404365924468, -37.801844696156941 ] ] } },
{ "type": "Feature", "properties": { "from_stop": "South Kensington Station", "to_stop": "Footscray Station", "minutes": 12.4, "tier": 15, "centre": "southern-cross", "MODE": "METRO TRAIN" }, "geometry": { "type": "LineString", "coordinates": [ [ 144.924759423269506, -37.799513862846254 ], [ 144.92241876, -37.79916836 ], [ 144.9198069, -37.79878611 ], [ 144.91530373, -37.79811558 ], [ 144.91475136, -37.79804579 ], [ 144.91443378, -37.7980152 ], [ 144.91401919, -37.79799704 ], [ 144.91356934, -37.79799718 ], [ 144.91321593, -37.79801688 ], [ 144.91284123, -37.79805043 ], [ 144.91244495, -37.79810423 ], [ 144.908751450000011, -37.79869241 ], [ 144.90826605, -37.79878517 ], [ 144.907964959999987, -37.7988539 ], [ 144.90736655, -37.79901521 ], [ 144.906921540000013, -37.79916951 ], [ 144.90660255, -37.7992891 ], [ 144.90583519, -37.79961358 ], [ 144.90551665000001, -37.79975336 ], [ 144.90522105, -37.79989301 ], [ 144.90494629, -37.80003907 ], [ 144.904658219999988, -37.80020967 ], [ 144.90312455, -37.80122908 ], [ 144.902860440000012, -37.80143994 ], [ 144.902650072172321, -37.801626439594472 ] ] } },
{ "type": "Feature", "properties": { "from_stop": "Gardenvale Station", "to_stop": "Gardenvale Railway Station", "minutes": 30.4, "tier": 45, "centre": "southern-cross", "MODE": "METRO TRAIN" }, "geometry": { "type": "LineString", "coordinates": [ [ 145.00420163739966, -37.896639084363414 ], [ 145.00420036, -37.89664569 ], [ 145.004190154990283, -37.896699221552531 ] ] } },
{ "type": "Feature", "properties": { "from_stop": "Elsternwick Station", "to_stop": "Gardenvale Station", "minutes": 30.4, "tier": 45, "centre": "southern-cross", "MODE": "METRO TRAIN" }, "geometry": { "type": "LineString", "coordinates": [ [ 145.004159761460528, -37.896630720175608 ], [ 145.004160359999986, -37.89662753 ], [ 145.00426004, -37.89604013 ], [ 145.00464571, -37.89399614 ], [ 145.00468164, -37.89375632 ], [ 145.00470696, -37.89351767 ], [ 145.004720350000014, -37.89330396 ], [ 145.00473015, -37.89302972 ], [ 145.00473129, -37.89275578 ], [ 145.004723109999986, -37.89251133 ], [ 145.00471001, -37.89225933 ], [ 145.004678500000011, -37.89192274 ], [ 145.004634149999987, -37.891611 ], [ 145.00457013, -37.89126152 ], [ 145.004502660000014, -37.89095965 ], [ 145.00444764, -37.89074839 ], [ 145.004359490000013, -37.89044626 ], [ 145.00428682, -37.89021073 ], [ 145.00412441, -37.88971503 ], [ 145.00402255, -37.88942763 ], [ 145.00393699, -37.88920638 ], [ 145.00382442, -37.88896197 ], [ 145.00373355, -37.88878578 ], [ 145.00359373, -37.88854856 ], [ 145.003485149999989, -37.88837955 ], [ 145.003317610000011, -37.88813294 ], [ 145.00302351, -37.88770981 ], [ 145.002556520000013, -37.88706133 ], [ 145.002079619999989, -37.88641403 ], [ 145.0018968, -37.88618609 ], [ 145.00151265, -37.8857379 ], [ 145.0013255, -37.88550204 ], [ 145.001150996648789, -37.885266151142382 ] ] } },
{ "type": "Feature", "properties": { "from_stop": "Gardiner Station", "to_stop": "Gardiner Railway Station", "minutes": 32.4, "tier": 45, "centre": "southern-cross", "MODE": "METRO TRAIN" }, "geometry": { "type": "LineString", "coordinates": [ [ 145.051697846445421, -37.853135118145133 ], [ 145.05157588, -37.85309853 ], [ 145.05086583, -37.85285409 ], [ 145.050858885035098, -37.852851698484102 ] ] } },
{ "type": "Feature", "properties": { "from_stop": "Tooronga Railway Station", "to_stop": "Gardiner Station", "minutes": 28.4, "tier": 30, "centre": "southern-cross", "MODE": "METRO TRAIN" }, "geometry": { "type": "LineString", "coordinates": [ [ 145.041751275275175, -37.849343132291494 ], [ 145.04195859, -37.84950544 ], [ 145.042239349999988, -37.84971009 ], [ 145.04257564, -37.8499252 ], [ 145.04279703, -37.85005838 ], [ 145.04315005, -37.85025548 ], [ 145.04352816, -37.85044498 ], [ 145.04395201, -37.85064091 ], [ 145.0443463, -37.85079453 ], [ 145.044685609999988, -37.85091309 ], [ 145.045274299999988, -37.85111211 ], [ 145.04696142, -37.85163523 ], [ 145.04766896000001, -37.85184459 ], [ 145.04806645, -37.85193788 ], [ 145.04894495, -37.85217233 ], [ 145.050871159837556, -37.85281360994194 ] ] } },
{ "type": "Feature", "properties": { "from_stop": "Albion Station", "to_stop": "Ginifer Railway Station", "minutes": 51.8, "tier": 60, "centre": "southern-cross", "MODE": "METRO TRAIN" }, "geometry": { "type": "LineString", "coordinates": [ [ 144.811370953858159, -37.760076104184044 ], [ 144.8116387, -37.76042599 ], [ 144.81193595, -37.7608274 ], [ 144.81223645, -37.76121534 ], [ 144.81241169, -37.76143163 ], [ 144.812681379999987, -37.76174781 ], [ 144.81343927, -37.762616 ], [ 144.81366366, -37.76289042 ], [ 144.81394443, -37.76324357 ], [ 144.81406057, -37.76340496 ], [ 144.81471821, -37.76426669 ], [ 144.81631148, -37.76638278 ], [ 144.81666693, -37.76685671 ], [ 144.81729055, -37.76769626 ], [ 144.820914390000013, -37.7724821 ], [ 144.82118237, -37.77285906 ], [ 144.82224143, -37.77425751 ], [ 144.822515149999987, -37.77462502 ], [ 144.823123970000012, -37.77543173 ], [ 144.823380859999986, -37.77577757 ], [ 144.82355429, -37.77599182 ], [ 144.82392715, -37.7764985 ], [ 144.824121569999988, -37.77674856 ], [ 144.824638245893823, -37.777438399939037 ] ] } },
{ "type": "Feature", "properties": { "from_stop": "Ginifer Railway Station", "to_stop": "Ginifer Station", "minutes": 49.0, "tier": 60, "centre": "southern-cross", "MODE": "METRO TRAIN" }, "geometry": { "type": "LineString", "coordinates": [ [ 144.810833772847872, -37.75936489202892 ], [ 144.8112318, -37.75988963 ], [ 144.811337900000012, -37.76003291 ], [ 144.811370953858159, -37.760076104184044 ] ] } },
{ "type": "Feature", "properties": { "from_stop": "Victoria St", "to_stop": "Gipps St", "minutes": 16.7, "tier": 30, "centre": "southern-cross", "MODE": "METRO TRAIN" }, "geometry": { "type": "LineString", "coordinates": [ [ 144.99372745295554, -37.804759350506345 ], [ 144.99364545, -37.80522896 ], [ 144.99346517, -37.80632101 ], [ 144.99328021, -37.80739702 ], [ 144.993237920000013, -37.80762078 ], [ 144.99320877, -37.80774483 ], [ 144.9931756, -37.80787097 ], [ 144.9931231, -37.80802706 ], [ 144.9929942, -37.80834938 ], [ 144.992900529999986, -37.80859534 ], [ 144.99281145, -37.80886508 ], [ 144.99277976, -37.80899908 ], [ 144.99273695, -37.80920409 ], [ 144.992636017873423, -37.80979493256811 ] ] } },
{ "type": "Feature", "properties": { "from_stop": "Caulfield Railway Station", "to_stop": "Glen Huntly Railway Station ", "minutes": 32.5, "tier": 45, "centre": "southern-cross", "MODE": "METRO TRAIN" }, "geometry": { "type": "LineString", "coordinates": [ [ 145.042040207573251, -37.889687955143245 ], [ 145.04204055, -37.88968597 ], [ 145.04216304, -37.88901131 ], [ 145.04230113, -37.88844722 ], [ 145.042563949999987, -37.88763864 ], [ 145.042731550000013, -37.88723951 ], [ 145.04282824, -37.88704493 ], [ 145.04299963, -37.88673444 ], [ 145.043170800000013, -37.88649676 ], [ 145.04337217, -37.8862521 ], [ 145.04369089, -37.88593001 ], [ 145.04387628, -37.88575619 ], [ 145.044171510000012, -37.88541054 ], [ 145.04515722, -37.88443904 ], [ 145.04541114, -37.88414993 ], [ 145.04560507, -37.88391091 ], [ 145.045767399999988, -37.88368444 ], [ 145.04589747, -37.88346103 ], [ 145.04604229, -37.88316154 ], [ 145.046144340000012, -37.88289261 ], [ 145.04619917, -37.88268941 ], [ 145.046248889999987, -37.88245124 ], [ 145.04628914, -37.88211568 ], [ 145.0462904, -37.88186157 ], [ 145.04626227, -37.88155362 ], [ 145.04620603, -37.88125088 ], [ 145.04607176, -37.8807904 ], [ 145.045837150000011, -37.88027599 ], [ 145.045674749999989, -37.87997627 ], [ 145.04556926, -37.87982519 ], [ 145.04542448, -37.87965453 ], [ 145.04522852, -37.87944203 ], [ 145.045112890000013, -37.8793344 ], [ 145.04491647, -37.87916928 ], [ 145.04416336, -37.8786659 ], [ 145.04382666, -37.87840157 ], [ 145.04252865, -37.87754081 ], [ 145.042488553039362, -37.877514342906579 ] ] } },
{ "type": "Feature", "properties": { "from_stop": "Glen Huntly Railway Station ", "to_stop": "Glen Huntly Station", "minutes": 30.1, "tier": 45, "centre": "southern-cross", "MODE": "METRO TRAIN" }, "geometry": { "type": "LineString", "coordinates": [ [ 145.041954564909759, -37.890184450338282 ], [ 145.04195457, -37.89018442 ], [ 145.042040207573251, -37.889687955143245 ] ] } },
{ "type": "Feature", "properties": { "from_stop": "Glen Iris Station", "to_stop": "Glen Iris Railway Station", "minutes": 30.4, "tier": 45, "centre": "southern-cross", "MODE": "METRO TRAIN" }, "geometry": { "type": "LineString", "coordinates": [ [ 145.058156326368447, -37.859359361732153 ], [ 145.05808542987711, -37.859263926620905 ] ] } },
{ "type": "Feature", "properties": { "from_stop": "Gardiner Railway Station", "to_stop": "Glen Iris Station", "minutes": 30.4, "tier": 45, "centre": "southern-cross", "MODE": "METRO TRAIN" }, "geometry": { "type": "LineString", "coordinates": [ [ 145.05808542987711, -37.859263926620905 ], [ 145.05808151, -37.85925865 ], [ 145.05763162, -37.85865257 ], [ 145.05736835, -37.85830271 ], [ 145.05671035, -37.85747601 ], [ 145.05634022000001, -37.85699741 ], [ 145.05553111, -37.85591849 ], [ 145.05530176, -37.85559766 ], [ 145.05495706, -37.8551731 ], [ 145.05468556, -37.85489078 ], [ 145.05446778000001, -37.85468342 ], [ 145.05430707, -37.85454522 ], [ 145.05416198, -37.85442648 ], [ 145.05401075, -37.854308 ], [ 145.05386467, -37.85420114 ], [ 145.05361284, -37.85402674 ], [ 145.05335675, -37.8538675 ], [ 145.053114169999986, -37.85372651 ], [ 145.05281839, -37.85357274 ], [ 145.052578110000013, -37.85346063 ], [ 145.052397680000013, -37.85338068 ], [ 145.05213781, -37.85327914 ], [ 145.05184866, -37.85318036 ], [ 145.051697846445421, -37.853135118145133 ] ] } },
{ "type": "Feature", "properties": { "from_stop": "Syndal Railway Station", "to_stop": "Glen Waverley Railway Station", "minutes": 46.4, "tier": 60, "centre": "southern-cross", "MODE": "METRO TRAIN" }, "geometry": { "type": "LineString", "coordinates": [ [ 145.162075193995008, -37.879438821553897 ], [ 145.16107039, -37.87916711 ], [ 145.16023615, -37.87894481 ], [ 145.15975884, -37.87882632 ], [ 145.15936324, -37.87874579 ], [ 145.158435090000012, -37.87849182 ], [ 145.15412484, -37.87732628 ], [ 145.15226521, -37.8768137 ], [ 145.15170676, -37.8766721 ], [ 145.151301749999988, -37.87657787 ], [ 145.15087132, -37.87649108 ], [ 145.15037709, -37.87641852 ], [ 145.149765715721117, -37.876344549713231 ] ] } },
{ "type": "Feature", "properties": { "from_stop": "Glen Waverley Railway Station", "to_stop": "Glen Waverley Station", "minutes": 46.4, "tier": 60, "centre": "southern-cross", "MODE": "METRO TRAIN" }, "geometry": { "type": "LineString", "coordinates": [ [ 145.162075193995008, -37.879438821553897 ], [ 145.162123922096669, -37.879451998241379 ] ] } },
{ "type": "Feature", "properties": { "from_stop": "Glenbervie Station", "to_stop": "Glenbervie Railway Station", "minutes": 45.2, "tier": 60, "centre": "southern-cross", "MODE": "METRO TRAIN" }, "geometry": { "type": "LineString", "coordinates": [ [ 144.920945825080537, -37.747220033838758 ], [ 144.920780869079636, -37.747335768576562 ] ] } },
{ "type": "Feature", "properties": { "from_stop": "Essendon Railway Station", "to_stop": "Glenbervie Station", "minutes": 25.1, "tier": 30, "centre": "southern-cross", "MODE": "METRO TRAIN" }, "geometry": { "type": "LineString", "coordinates": [ [ 144.920780869079636, -37.747335768576562 ], [ 144.920772129999989, -37.7473419 ], [ 144.92041993, -37.74759054 ], [ 144.91995649, -37.74797744 ], [ 144.919558239999986, -37.74835449 ], [ 144.9193457, -37.74856783 ], [ 144.91916415, -37.74875693 ], [ 144.919020780000011, -37.74891598 ], [ 144.91886165, -37.74909872 ], [ 144.918631119999986, -37.74937483 ], [ 144.91845629, -37.74959947 ], [ 144.918324399999989, -37.74977791 ], [ 144.918267070000013, -37.74985927 ], [ 144.91816885, -37.75000271 ], [ 144.918022189999988, -37.7502264 ], [ 144.917897180000011, -37.75043462 ], [ 144.91779408, -37.7506143 ], [ 144.91763946, -37.75090318 ], [ 144.9175209, -37.75115252 ], [ 144.91731475, -37.7516639 ], [ 144.91721476, -37.75192284 ], [ 144.9167381, -37.75324491 ], [ 144.91661774, -37.75358667 ], [ 144.91649816, -37.75393692 ], [ 144.91630935, -37.75458206 ], [ 144.91625782, -37.75478013 ], [ 144.91623289, -37.75488819 ], [ 144.916216139999989, -37.7549873 ], [ 144.91620042, -37.75513896 ], [ 144.91619986, -37.75527629 ], [ 144.916216364001627, -37.756011276411883 ] ] } },
{ "type": "Feature", "properties": { "from_stop": "Hawthorn Railway Station", "to_stop": "Glenferrie Railway Station", "minutes": 16.4, "tier": 30, "centre": "southern-cross", "MODE": "METRO TRAIN" }, "geometry": { "type": "LineString", "coordinates": [ [ 145.036418395474612, -37.821619601675216 ], [ 145.035969560000012, -37.82155957 ], [ 145.03569965, -37.82153317 ], [ 145.035021050000012, -37.8214484 ], [ 145.034753239999986, -37.82141987 ], [ 145.034468870000012, -37.82139457 ], [ 145.0342354, -37.82137797 ], [ 145.03378264, -37.8213577 ], [ 145.03308139, -37.82133896 ], [ 145.03276205, -37.8213256 ], [ 145.03246174, -37.82131049 ], [ 145.03201347000001, -37.82127119 ], [ 145.031518620000014, -37.82121479 ], [ 145.030079879999988, -37.82103636 ], [ 145.02955237, -37.82096499 ], [ 145.02879784000001, -37.82084377 ], [ 145.028463, -37.82079427 ], [ 145.02778045, -37.82070913 ], [ 145.027498259999987, -37.82067917 ], [ 145.02717227, -37.82065127 ], [ 145.027011359999989, -37.82064433 ], [ 145.02684957, -37.82064063 ], [ 145.026690620000011, -37.8206413 ], [ 145.02637493, -37.82065764 ], [ 145.02619805, -37.8206745 ], [ 145.02599439, -37.82069866 ], [ 145.02580115, -37.82072841 ], [ 145.025568639999989, -37.82076966 ], [ 145.02535168, -37.82081549 ], [ 145.02514559, -37.82086701 ], [ 145.02492439, -37.82093548 ], [ 145.0247278, -37.82100554 ], [ 145.02458152, -37.82106347 ], [ 145.024251959999987, -37.82121231 ], [ 145.023910480000012, -37.82139871 ], [ 145.02372714, -37.82150873 ], [ 145.023589500000014, -37.82160051 ], [ 145.02335105, -37.82176602 ], [ 145.023028831240481, -37.822003001269245 ] ] } },
{ "type": "Feature", "properties": { "from_stop": "Glenferrie Railway Station", "to_stop": "Glenferrie Station", "minutes": 16.4, "tier": 30, "centre": "southern-cross", "MODE": "METRO TRAIN" }, "geometry": { "type": "LineString", "coordinates": [ [ 145.036442760693689, -37.821434095032131 ], [ 145.036566570142298, -37.821448966154982 ] ] } },
{ "type": "Feature", "properties": { "from_stop": "Glenroy Station", "to_stop": "Glenroy Railway Station", "minutes": 38.9, "tier": 45, "centre": "southern-cross", "MODE": "METRO TRAIN" }, "geometry": { "type": "LineString", "coordinates": [ [ 144.917479570292585, -37.704936314097779 ], [ 144.917341387979008, -37.704498172477244 ] ] } },
{ "type": "Feature", "properties": { "from_stop": "Oak Park Railway Station", "to_stop": "Glenroy Station", "minutes": 41.2, "tier": 45, "centre": "southern-cross", "MODE": "METRO TRAIN" }, "geometry": { "type": "LineString", "coordinates": [ [ 144.921471686029122, -37.71796458621845 ], [ 144.92090481, -37.71616798 ], [ 144.92046936, -37.71480276 ], [ 144.91939736, -37.7114564 ], [ 144.91917765, -37.71074617 ], [ 144.91899647, -37.71017523 ], [ 144.9181692, -37.70760531 ], [ 144.917953430000011, -37.70650386 ], [ 144.91790641, -37.70633568 ], [ 144.91762394, -37.70539256 ], [ 144.917479609999987, -37.70493644 ], [ 144.917479570292585, -37.704936314097779 ] ] } },
{ "type": "Feature", "properties": { "from_stop": "Gowrie Station", "to_stop": "Gowrie Railway Station", "minutes": 40.8, "tier": 45, "centre": "southern-cross", "MODE": "METRO TRAIN" }, "geometry": { "type": "LineString", "coordinates": [ [ 144.958820904334488, -37.701089377456995 ], [ 144.95881756, -37.70106876 ], [ 144.958757219826794, -37.700697006817052 ] ] } },
{ "type": "Feature", "properties": { "from_stop": "Fawkner Railway Station", "to_stop": "Gowrie Station", "minutes": 40.2, "tier": 45, "centre": "southern-cross", "MODE": "METRO TRAIN" }, "geometry": { "type": "LineString", "coordinates": [ [ 144.960515299405472, -37.714624824548963 ], [ 144.96048278, -37.71435129 ], [ 144.96037954, -37.713516 ], [ 144.96037615, -37.71346151 ], [ 144.960115300000012, -37.71126719 ], [ 144.96003818, -37.7106417 ], [ 144.960006670000013, -37.7103388 ], [ 144.95982285, -37.70883117 ], [ 144.95936726, -37.70502018 ], [ 144.959330349999988, -37.7047654 ], [ 144.959288820000012, -37.70451379 ], [ 144.95918063, -37.70380187 ], [ 144.95908404, -37.70296047 ], [ 144.958949890000014, -37.70188456 ], [ 144.958820904334488, -37.701089377456995 ] ] } },
{ "type": "Feature", "properties": { "from_stop": "Brighton Beach Railway Station", "to_stop": "Hampton Railway Station", "minutes": 41.0, "tier": 45, "centre": "southern-cross", "MODE": "METRO TRAIN" }, "geometry": { "type": "LineString", "coordinates": [ [ 144.989280220353294, -37.926503442939811 ], [ 144.98927869, -37.92651358 ], [ 144.98926785, -37.92661947 ], [ 144.989260660000014, -37.9267538 ], [ 144.98925968, -37.9269068 ], [ 144.98926434, -37.92704881 ], [ 144.98927178, -37.92714329 ], [ 144.98928945, -37.92725894 ], [ 144.98930743, -37.92734639 ], [ 144.98932555, -37.92742042 ], [ 144.989393799999988, -37.92761299 ], [ 144.98943343, -37.92771189 ], [ 144.98961845, -37.9280657 ], [ 144.98978868, -37.92829002 ], [ 144.99002882, -37.92855871 ], [ 144.99029029, -37.92881253 ], [ 144.99082543, -37.92928649 ], [ 144.991484039999989, -37.92986376 ], [ 144.9917403, -37.9301046 ], [ 144.9920142, -37.93038314 ], [ 144.99319831, -37.93167372 ], [ 144.99331399, -37.93179609 ], [ 144.99344366, -37.93194366 ], [ 144.99366183, -37.93217168 ], [ 144.99375914, -37.93226697 ], [ 144.9939293, -37.93242361 ], [ 144.994041220000014, -37.93251708 ], [ 144.994147520000013, -37.93259936 ], [ 144.99438238, -37.93277459 ], [ 144.99458751, -37.93289632 ], [ 144.99483426, -37.9330275 ], [ 144.996399419999989, -37.93377636 ], [ 144.99679225, -37.93398365 ], [ 144.997071330000011, -37.93416026 ], [ 144.99728449, -37.9343179 ], [ 144.99749505, -37.93449144 ], [ 144.99846964, -37.93535341 ], [ 144.99950576, -37.93629257 ], [ 145.00012229, -37.93684447 ], [ 145.00144952907803, -37.938047015735201 ] ] } },
{ "type": "Feature", "properties": { "from_stop": "Hampton Railway Station", "to_stop": "Hampton Station", "minutes": 41.0, "tier": 45, "centre": "southern-cross", "MODE": "METRO TRAIN" }, "geometry": { "type": "LineString", "coordinates": [ [ 145.001519245061473, -37.938158203646779 ], [ 145.001425637864202, -37.93807362095847 ] ] } },
{ "type": "Feature", "properties": { "from_stop": "Herbert St", "to_stop": "Hartington St", "minutes": 25.9, "tier": 30, "centre": "southern-cross", "MODE": "METRO TRAIN" }, "geometry": { "type": "LineString", "coordinates": [ [ 144.99570436, -37.76960228 ], [ 144.99509784, -37.76978121 ] ] } },
{ "type": "Feature", "properties": { "from_stop": "Hartwell Station", "to_stop": "Hartwell Railway Station", "minutes": 28.4, "tier": 30, "centre": "southern-cross", "MODE": "METRO TRAIN" }, "geometry": { "type": "LineString", "coordinates": [ [ 145.075525483445091, -37.843821036372766 ], [ 145.075531109999986, -37.84382973 ], [ 145.075610120854265, -37.843951886678916 ] ] } },
{ "type": "Feature", "properties": { "from_stop": "Willison Railway Station", "to_stop": "Hartwell Station", "minutes": 28.4, "tier": 30, "centre": "southern-cross", "MODE": "METRO TRAIN" }, "geometry": { "type": "LineString", "coordinates": [ [ 145.070324083440369, -37.835698786443054 ], [ 145.070606520000013, -37.83614301 ], [ 145.07097085, -37.8367042 ], [ 145.07138871, -37.83736162 ], [ 145.072713850000014, -37.83947596 ], [ 145.07393808, -37.84136191 ], [ 145.07446242, -37.84217849 ], [ 145.075525483445091, -37.843821036372766 ] ] } },
{ "type": "Feature", "properties": { "from_stop": "Hawksburn Station", "to_stop": "Hawksburn Railway Station", "minutes": 18.5, "tier": 30, "centre": "southern-cross", "MODE": "METRO TRAIN" }, "geometry": { "type": "LineString", "coordinates": [ [ 145.002059155853345, -37.844786768311721 ], [ 145.00183657, -37.84469257 ], [ 145.001826089049644, -37.844688166299399 ] ] } },
{ "type": "Feature", "properties": { "from_stop": "South Yarra Railway Station", "to_stop": "Hawksburn Station", "minutes": 17.1, "tier": 30, "centre": "southern-cross", "MODE": "METRO TRAIN" }, "geometry": { "type": "LineString", "coordinates": [ [ 144.992471604962702, -37.838476684625682 ], [ 144.99241591, -37.83874033 ], [ 144.99239247, -37.83888421 ], [ 144.99237449, -37.83903602 ], [ 144.99236765, -37.83918749 ], [ 144.99237785, -37.83940223 ], [ 144.99240576, -37.83959267 ], [ 144.992454259999988, -37.83978194 ], [ 144.99248386, -37.83987616 ], [ 144.992517740000011, -37.83996794 ], [ 144.992566649999986, -37.84007908 ], [ 144.9926206, -37.84018066 ], [ 144.99267287, -37.84026491 ], [ 144.99272786, -37.84034479 ], [ 144.99279028, -37.84042318 ], [ 144.992925609999986, -37.84057427 ], [ 144.99304709, -37.84067898 ], [ 144.9931564, -37.84076303 ], [ 144.99326244, -37.84083784 ], [ 144.99338631, -37.84091727 ], [ 144.993523149999987, -37.84100891 ], [ 144.99382792, -37.84119353 ], [ 144.993947029999987, -37.8412599 ], [ 144.994077190000013, -37.8413252 ], [ 144.994330459999986, -37.84143522 ], [ 144.99454375, -37.84152348 ], [ 144.99470568000001, -37.84158662 ], [ 144.99603955, -37.84205271 ], [ 144.99664173, -37.84227933 ], [ 144.99700539, -37.84243394 ], [ 144.998852950000014, -37.84326128 ], [ 145.00002737, -37.8437932 ], [ 145.000258620000011, -37.84389013 ], [ 145.00051765, -37.84399799 ], [ 145.00077142, -37.84409449 ], [ 145.00108698, -37.84420042 ], [ 145.00134915000001, -37.8442803 ], [ 145.00162002, -37.84437087 ], [ 145.00183195, -37.8444471 ], [ 145.001907309440043, -37.844476460083278 ] ] } },
{ "type": "Feature", "properties": { "from_stop": "Hawkstowe Railway Station", "to_stop": "Hawkstowe Pde", "minutes": 57.5, "tier": 60, "centre": "southern-cross", "MODE": "METRO TRAIN" }, "geometry": { "type": "LineString", "coordinates": [ [ 145.09729471, -37.62297489 ], [ 145.097421520000012, -37.62244521 ] ] } },
{ "type": "Feature", "properties": { "from_stop": "Middle Gorge Station", "to_stop": "Hawkstowe Railway Station", "minutes": 56.4, "tier": 60, "centre": "southern-cross", "MODE": "METRO TRAIN" }, "geometry": { "type": "LineString", "coordinates": [ [ 145.092427876885893, -37.643762419368677 ], [ 145.09246289, -37.64372968 ], [ 145.09294118, -37.64328167 ], [ 145.09315238, -37.64307996 ], [ 145.09336316, -37.64285942 ], [ 145.0936044, -37.64258214 ], [ 145.09380586, -37.64230917 ], [ 145.09388209, -37.64218649 ], [ 145.09401172, -37.6419658 ], [ 145.09409448, -37.64180068 ], [ 145.094188699999989, -37.64159511 ], [ 145.09428254, -37.64133788 ], [ 145.09437623, -37.64101568 ], [ 145.09466125, -37.63985393 ], [ 145.09499306, -37.63865653 ], [ 145.09527277, -37.63787076 ], [ 145.0952906, -37.63782473 ], [ 145.09543215, -37.63750519 ], [ 145.095518879999986, -37.63729976 ], [ 145.09570082, -37.63678261 ], [ 145.095754379999988, -37.63662008 ], [ 145.09591375, -37.63600622 ], [ 145.095988760000012, -37.63563352 ], [ 145.09606455, -37.63519936 ], [ 145.09628654, -37.63383661 ], [ 145.0965921, -37.6319296 ], [ 145.09681301, -37.63041723 ], [ 145.096845550000012, -37.630119 ], [ 145.09699175, -37.62806144 ], [ 145.09711385, -37.62626368 ], [ 145.09716849, -37.62519652 ], [ 145.09719915, -37.62453183 ], [ 145.09730591480411, -37.622975658732045 ] ] } },
{ "type": "Feature", "properties": { "from_stop": "Hawkstowe Railway Station", "to_stop": "Hawkstowe Station", "minutes": 56.4, "tier": 60, "centre": "southern-cross", "MODE": "METRO TRAIN" }, "geometry": { "type": "LineString", "coordinates": [ [ 145.09747357821152, -37.622898683637942 ], [ 145.09747348, -37.62290018 ], [ 145.097467786846778, -37.622986327919868 ] ] } },
{ "type": "Feature", "properties": { "from_stop": "Hawthorn Station", "to_stop": "Hawthorn Railway Station", "minutes": 20.5, "tier": 30, "centre": "southern-cross", "MODE": "METRO TRAIN" }, "geometry": { "type": "LineString", "coordinates": [ [ 145.023028831240481, -37.822003001269245 ], [ 145.022981321916433, -37.822037942809999 ] ] } },
{ "type": "Feature", "properties": { "from_stop": "Burnley Station", "to_stop": "Hawthorn Station", "minutes": 15.4, "tier": 30, "centre": "southern-cross", "MODE": "METRO TRAIN" }, "geometry": { "type": "LineString", "coordinates": [ [ 145.007672807499517, -37.82745229789537 ], [ 145.00768947, -37.82745363 ], [ 145.008139879999987, -37.82749432 ], [ 145.00981355, -37.8276596 ], [ 145.01020655, -37.82768499 ], [ 145.01062897, -37.82770204 ], [ 145.01111523, -37.82770269 ], [ 145.01147533, -37.8276921 ], [ 145.01187565, -37.82766506 ], [ 145.01256849, -37.82760521 ], [ 145.012989049999987, -37.82756463 ], [ 145.01339986, -37.82749812 ], [ 145.01367446, -37.8274348 ], [ 145.01407699, -37.82732913 ], [ 145.01440535, -37.82721877 ], [ 145.014817310000012, -37.82704927 ], [ 145.01516066, -37.82687978 ], [ 145.01678284, -37.82595096 ], [ 145.017932980000012, -37.82530021 ], [ 145.01830198, -37.82509681 ], [ 145.01898006, -37.8247171 ], [ 145.019349190000014, -37.82450018 ], [ 145.01984703, -37.82418152 ], [ 145.0204012, -37.8237999 ], [ 145.020834509999986, -37.82350646 ], [ 145.021189740000011, -37.82326064 ], [ 145.021683849999988, -37.82290694 ], [ 145.021995589999989, -37.82264732 ], [ 145.02220003, -37.82246664 ], [ 145.02255843, -37.82213571 ], [ 145.02270908, -37.82200378 ], [ 145.02285531717726, -37.82188536965473 ] ] } },
{ "type": "Feature", "properties": { "from_stop": "Mitcham Station", "to_stop": "Heatherdale Railway Station", "minutes": 40.0, "tier": 45, "centre": "southern-cross", "MODE": "METRO TRAIN" }, "geometry": { "type": "LineString", "coordinates": [ [ 145.213971200233942, -37.8188348146262 ], [ 145.21360537000001, -37.81885876 ], [ 145.212848369999989, -37.81890279 ], [ 145.212534049999988, -37.81891568 ], [ 145.21219985, -37.81892422 ], [ 145.21183019, -37.81892329 ], [ 145.21143853, -37.81891662 ], [ 145.21104832, -37.81890132 ], [ 145.21077084, -37.81888467 ], [ 145.21024843, -37.81884438 ], [ 145.20214836, -37.81818792 ], [ 145.198429979999986, -37.81789777 ], [ 145.196689170000013, -37.81775054 ], [ 145.19610555, -37.81771448 ], [ 145.19563485, -37.81771592 ], [ 145.19520775, -37.81774199 ], [ 145.19465868, -37.81781739 ], [ 145.19418955, -37.81788509 ], [ 145.1927382, -37.81811597 ], [ 145.192720508180201, -37.818118770033102 ] ] } },
{ "type": "Feature", "properties": { "from_stop": "Heatherdale Railway Station", "to_stop": "Heatherdale Station", "minutes": 37.4, "tier": 45, "centre": "southern-cross", "MODE": "METRO TRAIN" }, "geometry": { "type": "LineString", "coordinates": [ [ 145.214589745940373, -37.818794349012535 ], [ 145.21458574, -37.81879459 ], [ 145.213971200233942, -37.8188348146262 ] ] } },
{ "type": "Feature", "properties": { "from_stop": "Ringwood Station", "to_stop": "Heathmont Railway Station", "minutes": 42.4, "tier": 45, "centre": "southern-cross", "MODE": "METRO TRAIN" }, "geometry": { "type": "LineString", "coordinates": [ [ 145.244533713500601, -37.828334115461587 ], [ 145.24313484000001, -37.82577544 ], [ 145.24254391, -37.82466958 ], [ 145.2409888, -37.82181007 ], [ 145.2403866, -37.82072214 ], [ 145.23982335, -37.81968806 ], [ 145.23950937, -37.81911749 ], [ 145.239114519999987, -37.81838909 ], [ 145.23878262, -37.81781312 ], [ 145.23845111, -37.81727824 ], [ 145.23807631, -37.81669631 ], [ 145.237658329999988, -37.81606687 ], [ 145.23746037, -37.81582617 ], [ 145.23728112, -37.81564901 ], [ 145.23708973, -37.81547582 ], [ 145.23694762, -37.81536086 ], [ 145.23675708, -37.81522399 ], [ 145.236563929999988, -37.81509619 ], [ 145.236340649999988, -37.81497416 ], [ 145.23610903, -37.81485948 ], [ 145.23589725, -37.8147697 ], [ 145.23568261, -37.81469079 ], [ 145.23546219, -37.81462079 ], [ 145.23523544, -37.81455404 ], [ 145.2347542, -37.81444589 ], [ 145.23455997, -37.81441621 ], [ 145.234368640000014, -37.81439334 ], [ 145.234129020000012, -37.81437118 ], [ 145.23388841, -37.81436208 ], [ 145.23365739, -37.8143605 ], [ 145.233384730000012, -37.81436597 ], [ 145.233164609999989, -37.81438366 ], [ 145.23290767, -37.81441117 ], [ 145.232704250000012, -37.81444777 ], [ 145.23243603, -37.81450088 ], [ 145.23202848, -37.81461778 ], [ 145.23160031, -37.81478024 ], [ 145.2313691, -37.81487707 ], [ 145.23063523, -37.81520093 ], [ 145.230258, -37.81540858 ], [ 145.23000395, -37.8155577 ], [ 145.22963642, -37.81576369 ], [ 145.229375992582135, -37.815886833851373 ] ] } },
{ "type": "Feature", "properties": { "from_stop": "Heathmont Railway Station", "to_stop": "Heathmont Station", "minutes": 42.4, "tier": 45, "centre": "southern-cross", "MODE": "METRO TRAIN" }, "geometry": { "type": "LineString", "coordinates": [ [ 145.244576326766548, -37.828311216382865 ], [ 145.244616549999989, -37.82838744 ], [ 145.244649029461385, -37.828444190136707 ] ] } },
{ "type": "Feature", "properties": { "from_stop": "Eaglemont Railway Station", "to_stop": "Heidelberg Railway Station", "minutes": 35.4, "tier": 45, "centre": "southern-cross", "MODE": "METRO TRAIN" }, "geometry": { "type": "LineString", "coordinates": [ [ 145.060797414837594, -37.757221133780789 ], [ 145.0607195, -37.75727996 ], [ 145.059592189999989, -37.75815079 ], [ 145.0595159, -37.75821198 ], [ 145.05913218, -37.75850504 ], [ 145.0585281, -37.75897326 ], [ 145.05804529, -37.75936561 ], [ 145.057647050000014, -37.75973142 ], [ 145.057346630000012, -37.76004198 ], [ 145.056885240000014, -37.76059554 ], [ 145.05634613, -37.7612475 ], [ 145.05553881, -37.76224424 ], [ 145.05535645, -37.76244562 ], [ 145.055121750000012, -37.762682 ], [ 145.05486563, -37.76292587 ], [ 145.05451962, -37.76321638 ], [ 145.0541347, -37.76351003 ], [ 145.053972180100544, -37.763626632968702 ] ] } },
{ "type": "Feature", "properties": { "from_stop": "Heidelberg Railway Station", "to_stop": "Heidelberg Station", "minutes": 35.4, "tier": 45, "centre": "southern-cross", "MODE": "METRO TRAIN" }, "geometry": { "type": "LineString", "coordinates": [ [ 145.060694868286049, -37.7570847489107 ], [ 145.06073253, -37.75705496 ], [ 145.060766633189331, -37.757029067896127 ] ] } },
{ "type": "Feature", "properties": { "from_stop": "Northcote Station", "to_stop": "Herbert St", "minutes": 25.4, "tier": 30, "centre": "southern-cross", "MODE": "METRO TRAIN" }, "geometry": { "type": "LineString", "coordinates": [ [ 144.99529893, -37.76990179 ], [ 144.99570436, -37.76960228 ] ] } },
{ "type": "Feature", "properties": { "from_stop": "Heyington Station", "to_stop": "Heyington Railway Station", "minutes": 22.4, "tier": 30, "centre": "southern-cross", "MODE": "METRO TRAIN" }, "geometry": { "type": "LineString", "coordinates": [ [ 145.022656822719256, -37.834565063083694 ], [ 145.022697006004023, -37.834610195061579 ] ] } },
{ "type": "Feature", "properties": { "from_stop": "Burnley Station", "to_stop": "Heyington Station", "minutes": 22.4, "tier": 30, "centre": "southern-cross", "MODE": "METRO TRAIN" }, "geometry": { "type": "LineString", "coordinates": [ [ 145.022588314412047, -37.834625224308816 ], [ 145.02258791, -37.83462479 ], [ 145.02248065, -37.83450962 ], [ 145.02235116, -37.83435496 ], [ 145.02225335, -37.83422202 ], [ 145.02212161, -37.8340238 ], [ 145.02185135, -37.83358371 ], [ 145.02175367000001, -37.83342067 ], [ 145.0216404, -37.83322429 ], [ 145.021551319999986, -37.83305004 ], [ 145.02146807, -37.83285732 ], [ 145.02138828, -37.83265817 ], [ 145.02047595, -37.83031752 ], [ 145.02033415, -37.82997349 ], [ 145.02021346, -37.82973202 ], [ 145.02007531000001, -37.82950224 ], [ 145.01982461, -37.82917702 ], [ 145.019584540000011, -37.82892588 ], [ 145.019286810000011, -37.82866854 ], [ 145.01902934, -37.82848631 ], [ 145.01873421, -37.82830616 ], [ 145.01848206, -37.8281844 ], [ 145.01817903, -37.82805314 ], [ 145.01785184, -37.82794183 ], [ 145.01750709, -37.82784969 ], [ 145.01718527, -37.82778398 ], [ 145.016877419999986, -37.82773978 ], [ 145.01674674, -37.82772793 ], [ 145.01638331, -37.82771406 ], [ 145.01599164000001, -37.82771089 ], [ 145.01541365, -37.82771619 ], [ 145.01498995, -37.82771302 ], [ 145.01432072, -37.82771408 ], [ 145.01374127, -37.8277226 ], [ 145.01343553000001, -37.82773952 ], [ 145.01314448, -37.82776813 ], [ 145.01261335, -37.82784757 ], [ 145.011966949999987, -37.82792488 ], [ 145.011530060000013, -37.82796446 ], [ 145.011160890000014, -37.82797814 ], [ 145.01075846, -37.82796539 ], [ 145.01025112, -37.82793744 ], [ 145.009809639999986, -37.8278979 ], [ 145.008685070000013, -37.82781742 ], [ 145.00830604, -37.82778821 ], [ 145.007650605677554, -37.827720538287913 ] ] } },
{ "type": "Feature", "properties": { "from_stop": "Keon Park Railway Station", "to_stop": "High St", "minutes": 40.4, "tier": 45, "centre": "southern-cross", "MODE": "METRO TRAIN" }, "geometry": { "type": "LineString", "coordinates": [ [ 145.01188382, -37.69487012 ], [ 145.011687060000014, -37.69586713 ] ] } },
{ "type": "Feature", "properties": { "from_stop": "Highett Station", "to_stop": "Highett Railway Station", "minutes": 42.4, "tier": 45, "centre": "southern-cross", "MODE": "METRO TRAIN" }, "geometry": { "type": "LineString", "coordinates": [ [ 145.041864056255235, -37.948430298897541 ], [ 145.04181134000001, -37.94835326 ], [ 145.04156565, -37.94800131 ], [ 145.041560130864127, -37.947993405717938 ] ] } },
{ "type": "Feature", "properties": { "from_stop": "Moorabbin Station", "to_stop": "Highett Station", "minutes": 42.0, "tier": 45, "centre": "southern-cross", "MODE": "METRO TRAIN" }, "geometry": { "type": "LineString", "coordinates": [ [ 145.036756264563138, -37.934707728379713 ], [ 145.036645130000011, -37.93533563 ], [ 145.03657223, -37.93567217 ], [ 145.03653706, -37.93602304 ], [ 145.03647777, -37.93726359 ], [ 145.03645834, -37.93773683 ], [ 145.03645834, -37.93792932 ], [ 145.03646942, -37.93814164 ], [ 145.03650692, -37.93851111 ], [ 145.036526650000013, -37.93866771 ], [ 145.036576489999987, -37.93898386 ], [ 145.036626649999988, -37.93925423 ], [ 145.036674369999986, -37.93947897 ], [ 145.03675773, -37.93979289 ], [ 145.036850789999988, -37.94009751 ], [ 145.037029780000012, -37.94064047 ], [ 145.03709583, -37.94082262 ], [ 145.0372748, -37.941298 ], [ 145.03736045, -37.94151319 ], [ 145.037425359999986, -37.94166981 ], [ 145.0376188, -37.94208469 ], [ 145.03783223, -37.94247603 ], [ 145.03792912, -37.94264517 ], [ 145.0382137, -37.94310338 ], [ 145.03836615, -37.94333176 ], [ 145.03879522, -37.94395829 ], [ 145.0391448, -37.94445489 ], [ 145.039748550000013, -37.94532611 ], [ 145.04069603, -37.94668419 ], [ 145.04114675, -37.94733703 ], [ 145.0415917708942, -37.947971044074123 ] ] } },
{ "type": "Feature", "properties": { "from_stop": "Clifton Hill Railway Station", "to_stop": "Hoddle St", "minutes": 19.2, "tier": 30, "centre": "southern-cross", "MODE": "METRO TRAIN" }, "geometry": { "type": "LineString", "coordinates": [ [ 144.995375229694361, -37.788650190146306 ], [ 144.995377735700316, -37.788635875142468 ] ] } },
{ "type": "Feature", "properties": { "from_stop": "Holmesglen Station", "to_stop": "Holmesglen Railway Station", "minutes": 44.7, "tier": 45, "centre": "southern-cross", "MODE": "METRO TRAIN" }, "geometry": { "type": "LineString", "coordinates": [ [ 145.090676264970512, -37.874461629943902 ], [ 145.090282660000014, -37.87455594 ], [ 145.08996844, -37.87463411 ], [ 145.089967492292914, -37.874634344253245 ] ] } },
{ "type": "Feature", "properties": { "from_stop": "East Malvern Railway Station", "to_stop": "Holmesglen Station", "minutes": 35.4, "tier": 45, "centre": "southern-cross", "MODE": "METRO TRAIN" }, "geometry": { "type": "LineString", "coordinates": [ [ 145.069395128869161, -37.876916143560727 ], [ 145.0699055, -37.87711424 ], [ 145.07010269, -37.87718624 ], [ 145.07029778, -37.87724774 ], [ 145.07049294, -37.87730186 ], [ 145.07062882, -37.87733617 ], [ 145.070830840000013, -37.87738021 ], [ 145.07103023, -37.87741637 ], [ 145.07117994, -37.87743901 ], [ 145.07138772, -37.87746261 ], [ 145.07157041, -37.87747632 ], [ 145.07181318, -37.877484 ], [ 145.07197281, -37.87748364 ], [ 145.07218359, -37.87747529 ], [ 145.072467749999987, -37.87745624 ], [ 145.07269725, -37.87743648 ], [ 145.07417023, -37.87729802 ], [ 145.07456467, -37.8772659 ], [ 145.075024750000011, -37.87724143 ], [ 145.07592785, -37.87720934 ], [ 145.07624669, -37.87719482 ], [ 145.07669644, -37.87716486 ], [ 145.07851002000001, -37.87702254 ], [ 145.07976389, -37.87692837 ], [ 145.08044571, -37.87684929 ], [ 145.08062313, -37.87682541 ], [ 145.08080908, -37.87679664 ], [ 145.08112119, -37.87674306 ], [ 145.08137267, -37.87669507 ], [ 145.08165535, -37.87663659 ], [ 145.08188349, -37.87658588 ], [ 145.08312454, -37.87628366 ], [ 145.08824494000001, -37.87501977 ], [ 145.08856255, -37.87493787 ], [ 145.08894385, -37.87482844 ], [ 145.08931683, -37.87471572 ], [ 145.08980415, -37.87456439 ], [ 145.089938338292654, -37.874527195893421 ] ] } },
{ "type": "Feature", "properties": { "from_stop": "Hoppers Crossing Station", "to_stop": "Hoppers Crossing Railway Station", "minutes": 38.0, "tier": 45, "centre": "southern-cross", "MODE": "METRO TRAIN" }, "geometry": { "type": "LineString", "coordinates": [ [ 144.701694892734935, -37.883076248582363 ], [ 144.70137975, -37.88320518 ], [ 144.700773362835008, -37.883446416676982 ] ] } },
{ "type": "Feature", "properties": { "from_stop": "Williams Landing Station", "to_stop": "Hoppers Crossing Station", "minutes": 33.0, "tier": 45, "centre": "southern-cross", "MODE": "METRO TRAIN" }, "geometry": { "type": "LineString", "coordinates": [ [ 144.745888155702431, -37.870501291946624 ], [ 144.74577731, -37.87052926 ], [ 144.744614899999988, -37.87082202 ], [ 144.7429388, -37.87116593 ], [ 144.73865586, -37.87224419 ], [ 144.73551906, -37.87304337 ], [ 144.73181625, -37.87397709 ], [ 144.72946004, -37.87457416 ], [ 144.72751539, -37.87506216 ], [ 144.72567801, -37.8755322 ], [ 144.72244462, -37.87634313 ], [ 144.72002264, -37.87695603 ], [ 144.714187540000012, -37.87841999 ], [ 144.71301126, -37.87871964 ], [ 144.71222678, -37.87892598 ], [ 144.71152401, -37.87914093 ], [ 144.71070604, -37.87942987 ], [ 144.71004876, -37.87968823 ], [ 144.7075101, -37.88072016 ], [ 144.70595311, -37.88134583 ], [ 144.7037389, -37.88224018 ], [ 144.70170012, -37.88307411 ], [ 144.701694892734935, -37.883076248582363 ] ] } },
{ "type": "Feature", "properties": { "from_stop": "Hughesdale Station", "to_stop": "Hughesdale Railway Station", "minutes": 58.9, "tier": 60, "centre": "southern-cross", "MODE": "METRO TRAIN" }, "geometry": { "type": "LineString", "coordinates": [ [ 145.076165351467495, -37.894236593447772 ], [ 145.075756161855082, -37.894051704225703 ] ] } },
{ "type": "Feature", "properties": { "from_stop": "Murrumbeena Station", "to_stop": "Hughesdale Station", "minutes": 58.8, "tier": 60, "centre": "southern-cross", "MODE": "METRO TRAIN" }, "geometry": { "type": "LineString", "coordinates": [ [ 145.075756161855082, -37.894051704225703 ], [ 145.07575405, -37.89405075 ], [ 145.07373530000001, -37.89314358 ], [ 145.072544920000013, -37.89261537 ], [ 145.0699765, -37.89145743 ], [ 145.06920931, -37.89110321 ], [ 145.067473738058396, -37.890317752096827 ] ] } },
{ "type": "Feature", "properties": { "from_stop": "Ivanhoe Station", "to_stop": "Ivanhoe Railway Station", "minutes": 29.4, "tier": 30, "centre": "southern-cross", "MODE": "METRO TRAIN" }, "geometry": { "type": "LineString", "coordinates": [ [ 145.045407671812683, -37.768874680017987 ], [ 145.04541615941659, -37.768871627796223 ] ] } },
{ "type": "Feature", "properties": { "from_stop": "Darebin Station", "to_stop": "Ivanhoe Station", "minutes": 29.4, "tier": 30, "centre": "southern-cross", "MODE": "METRO TRAIN" }, "geometry": { "type": "LineString", "coordinates": [ [ 145.0454186764984, -37.768905543944705 ], [ 145.04541172, -37.76890806 ], [ 145.044207910000011, -37.76934228 ], [ 145.04371176, -37.76952897 ], [ 145.04334698, -37.76969332 ], [ 145.04311912, -37.76981841 ], [ 145.04288104, -37.76997396 ], [ 145.04270727, -37.77011419 ], [ 145.04252766, -37.77028702 ], [ 145.042310429999986, -37.770517 ], [ 145.04215807, -37.77070634 ], [ 145.03955704, -37.77375218 ], [ 145.03930291, -37.77405904 ], [ 145.03869805, -37.7747529 ], [ 145.038588782997635, -37.774880971977311 ] ] } },
{ "type": "Feature", "properties": { "from_stop": "Jacana Station", "to_stop": "Jacana Railway Station", "minutes": 40.7, "tier": 45, "centre": "southern-cross", "MODE": "METRO TRAIN" }, "geometry": { "type": "LineString", "coordinates": [ [ 144.915892357297537, -37.695134248702708 ], [ 144.915875247641054, -37.695341211211215 ] ] } },
{ "type": "Feature", "properties": { "from_stop": "Glenroy Railway Station", "to_stop": "Jacana Station", "minutes": 37.0, "tier": 45, "centre": "southern-cross", "MODE": "METRO TRAIN" }, "geometry": { "type": "LineString", "coordinates": [ [ 144.915875247641054, -37.695341211211215 ], [ 144.91587507, -37.69534336 ], [ 144.915731169999987, -37.69707586 ], [ 144.91570786, -37.69741006 ], [ 144.9157004, -37.69798849 ], [ 144.91572055, -37.69865798 ], [ 144.91577806, -37.69928523 ], [ 144.9158371, -37.69972452 ], [ 144.91598865, -37.70050537 ], [ 144.916284030000014, -37.70151667 ], [ 144.91644994, -37.70200742 ], [ 144.91683573, -37.70293786 ], [ 144.91699549, -37.70331648 ], [ 144.917200830000013, -37.7038902 ], [ 144.917389116289826, -37.704482716349936 ] ] } },
{ "type": "Feature", "properties": { "from_stop": "Royal Park Station", "to_stop": "Jewell Railway Station", "minutes": 25.2, "tier": 30, "centre": "southern-cross", "MODE": "METRO TRAIN" }, "geometry": { "type": "LineString", "coordinates": [ [ 144.952333627243291, -37.781164385409433 ], [ 144.95326767, -37.78115881 ], [ 144.95349106, -37.78114908 ], [ 144.95382404, -37.78112576 ], [ 144.95409709, -37.78110176 ], [ 144.954260979999987, -37.78108361 ], [ 144.95443903, -37.78105867 ], [ 144.95456675, -37.78103863 ], [ 144.954777150000012, -37.78099732 ], [ 144.954937949999987, -37.78095947 ], [ 144.9551314, -37.78090263 ], [ 144.95547191, -37.78078751 ], [ 144.95563815, -37.78072136 ], [ 144.95582156, -37.78064164 ], [ 144.95601364, -37.78055206 ], [ 144.95622645, -37.78044374 ], [ 144.95637093, -37.7803636 ], [ 144.956599829999988, -37.78022771 ], [ 144.95666202000001, -37.78018743 ], [ 144.95679303, -37.78009318 ], [ 144.95694254, -37.77997466 ], [ 144.95707554, -37.77985368 ], [ 144.95713816, -37.77979358 ], [ 144.957364649999988, -37.77952652 ], [ 144.957491549999986, -37.77935471 ], [ 144.95759503, -37.7791924 ], [ 144.95769382, -37.77901432 ], [ 144.95779288, -37.77880634 ], [ 144.95790387, -37.77852367 ], [ 144.95796193000001, -37.77832407 ], [ 144.95803257, -37.77803043 ], [ 144.95812086, -37.77763607 ], [ 144.95814347000001, -37.77751994 ], [ 144.958301010000014, -37.77683661 ], [ 144.958448370000013, -37.77617256 ], [ 144.958498889999987, -37.7759293 ], [ 144.958709334201444, -37.774985331085404 ] ] } },
{ "type": "Feature", "properties": { "from_stop": "Jewell Railway Station", "to_stop": "Jewell Station", "minutes": 25.2, "tier": 30, "centre": "southern-cross", "MODE": "METRO TRAIN" }, "geometry": { "type": "LineString", "coordinates": [ [ 144.958755864232216, -37.774961271312371 ], [ 144.95875562, -37.77496237 ], [ 144.958748565120715, -37.774994065820337 ] ] } },
{ "type": "Feature", "properties": { "from_stop": "West Richmond Station", "to_stop": "Jika Pl", "minutes": 12.2, "tier": 15, "centre": "southern-cross", "MODE": "METRO TRAIN" }, "geometry": { "type": "LineString", "coordinates": [ [ 144.991467230000012, -37.81498577 ], [ 144.991312169999986, -37.81483894 ] ] } },
{ "type": "Feature", "properties": { "from_stop": "Clifton Hill Railway Station", "to_stop": "John St", "minutes": 19.5, "tier": 30, "centre": "southern-cross", "MODE": "METRO TRAIN" }, "geometry": { "type": "LineString", "coordinates": [ [ 144.9954167, -37.78865745 ], [ 144.99564809, -37.78849918 ] ] } },
{ "type": "Feature", "properties": { "from_stop": "Stanton St", "to_stop": "Johnston St", "minutes": 17.6, "tier": 30, "centre": "southern-cross", "MODE": "METRO TRAIN" }, "geometry": { "type": "LineString", "coordinates": [ [ 144.993776905343026, -37.804240589316983 ], [ 144.99403387000001, -37.8027157 ], [ 144.99406876, -37.80252182 ], [ 144.994139170000011, -37.80203539 ], [ 144.99415162, -37.80193602 ], [ 144.99417462, -37.80156873 ], [ 144.9941706, -37.80141933 ], [ 144.99416126, -37.80126084 ], [ 144.9941532, -37.8007108 ], [ 144.99416256, -37.80060381 ], [ 144.99430614, -37.79977617 ], [ 144.994313292476363, -37.799733558894921 ] ] } },
{ "type": "Feature", "properties": { "from_stop": "Jolimont-MCG Station", "to_stop": "Jolimont-MCG Railway Station", "minutes": 9.4, "tier": 15, "centre": "southern-cross", "MODE": "METRO TRAIN" }, "geometry": { "type": "Point", "coordinates": [ 144.984102580000012, -37.81650051 ] } },
{ "type": "Feature", "properties": { "from_stop": "Flinders Street Railway Station", "to_stop": "Jolimont-MCG Station", "minutes": 9.4, "tier": 15, "centre": "southern-cross", "MODE": "METRO TRAIN" }, "geometry": { "type": "LineString", "coordinates": [ [ 144.984076289495505, -37.816541239520241 ], [ 144.982995499999987, -37.81641946 ], [ 144.98228699, -37.81633162 ], [ 144.98154906, -37.81625229 ], [ 144.981058780000012, -37.81621027 ], [ 144.98075431, -37.81619027 ], [ 144.98037205, -37.81616118 ], [ 144.97985566, -37.81611024 ], [ 144.97609503000001, -37.81568906 ], [ 144.975791969999989, -37.81566358 ], [ 144.97553919, -37.81565229 ], [ 144.975374210000012, -37.81565342 ], [ 144.9752646, -37.8156573 ], [ 144.97516539, -37.81566272 ], [ 144.97503604, -37.81567383 ], [ 144.97491175, -37.81568701 ], [ 144.97478414, -37.81570491 ], [ 144.974619350000012, -37.81573254 ], [ 144.97455341, -37.81574708 ], [ 144.9740338, -37.81588062 ], [ 144.97387326, -37.81592742 ], [ 144.97363385, -37.81599197 ], [ 144.97289613, -37.81617537 ], [ 144.972318840000014, -37.8163326 ], [ 144.97099466, -37.81672127 ], [ 144.97021405000001, -37.81696852 ], [ 144.96961529, -37.8171834 ], [ 144.96931902, -37.81728301 ], [ 144.96789512, -37.81767821 ], [ 144.96728920000001, -37.81782222 ], [ 144.966860421608999, -37.817946464638915 ] ] } },
{ "type": "Feature", "properties": { "from_stop": "Holmesglen Railway Station", "to_stop": "Jordanville Railway Station", "minutes": 40.9, "tier": 45, "centre": "southern-cross", "MODE": "METRO TRAIN" }, "geometry": { "type": "LineString", "coordinates": [ [ 145.112071451187376, -37.87366046887611 ], [ 145.111663060000012, -37.87352661 ], [ 145.11114317, -37.87336137 ], [ 145.11086473, -37.87328228 ], [ 145.11061661, -37.87322189 ], [ 145.11022666, -37.87314632 ], [ 145.10985501, -37.87308863 ], [ 145.10962754, -37.87306136 ], [ 145.1093627, -37.87303701 ], [ 145.109062349999988, -37.87301876 ], [ 145.10879121, -37.87301404 ], [ 145.10856155, -37.8730145 ], [ 145.10840285, -37.87301871 ], [ 145.10819608, -37.87302656 ], [ 145.10800034, -37.87303846 ], [ 145.106674450000014, -37.87313438 ], [ 145.09862897, -37.87373293 ], [ 145.09208174, -37.87422311 ], [ 145.09192402, -37.87423749 ], [ 145.091590090000011, -37.87427804 ], [ 145.09134782000001, -37.87431782 ], [ 145.09115935, -37.87435216 ], [ 145.090930140000012, -37.8744008 ], [ 145.090676264970512, -37.874461629943902 ] ] } },
{ "type": "Feature", "properties": { "from_stop": "Jordanville Railway Station", "to_stop": "Jordanville Station", "minutes": 37.4, "tier": 45, "centre": "southern-cross", "MODE": "METRO TRAIN" }, "geometry": { "type": "LineString", "coordinates": [ [ 145.112464016392522, -37.87378913264854 ], [ 145.11245892, -37.87378747 ], [ 145.112071451187376, -37.87366046887611 ] ] } },
{ "type": "Feature", "properties": { "from_stop": "Keilor Plains Station", "to_stop": "Keilor Plains Railway Station", "minutes": 56.1, "tier": 60, "centre": "southern-cross", "MODE": "METRO TRAIN" }, "geometry": { "type": "LineString", "coordinates": [ [ 144.793742718105335, -37.729277872595169 ], [ 144.793852734052166, -37.729626355645792 ] ] } },
{ "type": "Feature", "properties": { "from_stop": "St Albans Station", "to_stop": "Keilor Plains Station", "minutes": 54.0, "tier": 60, "centre": "southern-cross", "MODE": "METRO TRAIN" }, "geometry": { "type": "LineString", "coordinates": [ [ 144.793852734052166, -37.729626355645792 ], [ 144.79385331, -37.72962818 ], [ 144.79408378, -37.73034594 ], [ 144.79408755, -37.73036431 ], [ 144.79630065, -37.7374319 ], [ 144.79670164, -37.73873013 ], [ 144.7971053, -37.7399656 ], [ 144.797664270000013, -37.74147856 ], [ 144.7978813, -37.74199357 ], [ 144.798095, -37.74238732 ], [ 144.79841794, -37.74292072 ], [ 144.79876016, -37.74342383 ], [ 144.79917248000001, -37.74396664 ], [ 144.799875619691562, -37.744869094644244 ] ] } },
{ "type": "Feature", "properties": { "from_stop": "North Melbourne Railway Station", "to_stop": "Kensington Railway Station", "minutes": 21.2, "tier": 30, "centre": "southern-cross", "MODE": "METRO TRAIN" }, "geometry": { "type": "LineString", "coordinates": [ [ 144.930545473504679, -37.793774162984178 ], [ 144.9306832, -37.79425243 ], [ 144.93072183000001, -37.79437378 ], [ 144.930931359999988, -37.79498007 ], [ 144.930999320000012, -37.79520223 ], [ 144.93210173, -37.79849556 ], [ 144.93225322, -37.79891529 ], [ 144.93238066, -37.79916318 ], [ 144.93267569, -37.79963274 ], [ 144.93280686, -37.79983258 ], [ 144.93305045, -37.80019182 ], [ 144.93314043, -37.80030893 ], [ 144.93324689, -37.80043769 ], [ 144.93329977, -37.80049647 ], [ 144.93342316, -37.80062489 ], [ 144.933582519999987, -37.80077521 ], [ 144.93367468, -37.80085469 ], [ 144.93387023, -37.80101033 ], [ 144.93412519, -37.80118224 ], [ 144.93437756, -37.80134491 ], [ 144.93460693, -37.8014733 ], [ 144.93512461, -37.80173398 ], [ 144.93580689, -37.80206712 ], [ 144.93726633, -37.80279787 ], [ 144.937918130000014, -37.80312109 ], [ 144.938258749999989, -37.80331711 ], [ 144.93854227, -37.80349996 ], [ 144.93872054, -37.80364033 ], [ 144.938919059999989, -37.80380449 ], [ 144.9393923, -37.80422668 ], [ 144.93974502, -37.80460062 ], [ 144.940052220000013, -37.80491663 ], [ 144.940191840000011, -37.80503794 ], [ 144.940543170000012, -37.80537652 ], [ 144.94079008, -37.8056347 ], [ 144.94107815000001, -37.80595668 ], [ 144.941410191424836, -37.806386987264879 ] ] } },
{ "type": "Feature", "properties": { "from_stop": "Kensington Railway Station", "to_stop": "Kensington Station", "minutes": 21.2, "tier": 30, "centre": "southern-cross", "MODE": "METRO TRAIN" }, "geometry": { "type": "LineString", "coordinates": [ [ 144.930538204666618, -37.793748921323363 ], [ 144.930545473504679, -37.793774162984178 ] ] } },
{ "type": "Feature", "properties": { "from_stop": "Kiss & Ride", "to_stop": "Keon Park Railway Station", "minutes": 42.9, "tier": 45, "centre": "southern-cross", "MODE": "METRO TRAIN" }, "geometry": { "type": "LineString", "coordinates": [ [ 145.011420820000012, -37.69649348 ], [ 145.01188382, -37.69487012 ] ] } },
{ "type": "Feature", "properties": { "from_stop": "Kiss & Ride", "to_stop": "Keon Park Station", "minutes": 40.4, "tier": 45, "centre": "southern-cross", "MODE": "METRO TRAIN" }, "geometry": { "type": "LineString", "coordinates": [ [ 145.011420820000012, -37.69649348 ], [ 145.011758210000011, -37.69575118 ] ] } },
{ "type": "Feature", "properties": { "from_stop": "Kiss & Ride", "to_stop": "Keon Pde", "minutes": 40.4, "tier": 45, "centre": "southern-cross", "MODE": "METRO TRAIN" }, "geometry": { "type": "LineString", "coordinates": [ [ 145.011420820000012, -37.69649348 ], [ 145.01174107, -37.69554361 ] ] } },
{ "type": "Feature", "properties": { "from_stop": "Macartney St", "to_stop": "Kiss & Ride", "minutes": 42.0, "tier": 45, "centre": "southern-cross", "MODE": "METRO TRAIN" }, "geometry": { "type": "LineString", "coordinates": [ [ 145.009479385744669, -37.707426876413642 ], [ 145.01042049, -37.70215712 ], [ 145.01064548, -37.70080516 ], [ 145.0106691, -37.70063856 ], [ 145.01077129, -37.70003216 ], [ 145.01082033, -37.69975893 ], [ 145.01085969, -37.69949167 ], [ 145.01091513, -37.69917421 ], [ 145.0109641, -37.69897984 ], [ 145.01106214, -37.69862174 ], [ 145.0112762, -37.69780958 ], [ 145.01135215, -37.69747165 ], [ 145.011507803634771, -37.696507523087845 ] ] } },
{ "type": "Feature", "properties": { "from_stop": "Bell Railway Station", "to_stop": "Kiss & Ride 1", "minutes": 31.9, "tier": 45, "centre": "southern-cross", "MODE": "METRO TRAIN" }, "geometry": { "type": "LineString", "coordinates": [ [ 145.000260560443422, -37.745581190444476 ], [ 145.00032545, -37.74522211 ], [ 145.00038225, -37.74476915 ], [ 145.00034534, -37.74415427 ], [ 145.000233439999988, -37.74363157 ], [ 144.99992074, -37.74252023 ], [ 144.999849540000014, -37.74199498 ], [ 144.99990514000001, -37.74136689 ], [ 144.999989160000013, -37.74088492 ], [ 145.000351426040794, -37.739217163845225 ] ] } },
{ "type": "Feature", "properties": { "from_stop": "Kooyong Station", "to_stop": "Kooyong Railway Station", "minutes": 24.4, "tier": 30, "centre": "southern-cross", "MODE": "METRO TRAIN" }, "geometry": { "type": "LineString", "coordinates": [ [ 145.03356428934012, -37.839872335357178 ], [ 145.033565610060634, -37.839872663918918 ] ] } },
{ "type": "Feature", "properties": { "from_stop": "Heyington Railway Station", "to_stop": "Kooyong Station", "minutes": 24.4, "tier": 30, "centre": "southern-cross", "MODE": "METRO TRAIN" }, "geometry": { "type": "LineString", "coordinates": [ [ 145.022697006004023, -37.834610195061579 ], [ 145.022719099999989, -37.83463501 ], [ 145.02274436, -37.83466346 ], [ 145.02294197, -37.83485909 ], [ 145.023117070000012, -37.83502064 ], [ 145.02341707, -37.83527098 ], [ 145.02373096, -37.83552047 ], [ 145.023958990000011, -37.83570841 ], [ 145.02415278, -37.83587252 ], [ 145.02431185, -37.83602623 ], [ 145.0244229, -37.83614434 ], [ 145.02452501, -37.83626078 ], [ 145.02462764, -37.83639209 ], [ 145.02475304, -37.83656416 ], [ 145.02492264, -37.83686448 ], [ 145.02503458000001, -37.83707264 ], [ 145.02513994, -37.83725482 ], [ 145.02525319, -37.83742687 ], [ 145.02536785, -37.83759263 ], [ 145.02550799, -37.83775791 ], [ 145.02564084, -37.83790622 ], [ 145.02575011, -37.83801052 ], [ 145.02589285, -37.83813763 ], [ 145.02607264, -37.83828159 ], [ 145.0263919, -37.83850936 ], [ 145.02670429, -37.83869204 ], [ 145.02700004, -37.83883451 ], [ 145.02719455, -37.83891663 ], [ 145.02738094, -37.83898806 ], [ 145.02762245, -37.83906744 ], [ 145.0277616, -37.83910772 ], [ 145.02791801, -37.83914846 ], [ 145.02829886, -37.83922738 ], [ 145.02861328, -37.83927031 ], [ 145.029011669999988, -37.83931321 ], [ 145.02938379, -37.83934873 ], [ 145.03011537, -37.8394255 ], [ 145.032166749999988, -37.83963319 ], [ 145.032516070000014, -37.83967148 ], [ 145.03267233, -37.83969238 ], [ 145.03302907, -37.83975521 ], [ 145.03333068, -37.83981423 ], [ 145.0333913, -37.8398293 ], [ 145.03356428934012, -37.839872335357178 ] ] } },
{ "type": "Feature", "properties": { "from_stop": "Box Hill Station", "to_stop": "Laburnum Railway Station", "minutes": 26.4, "tier": 30, "centre": "southern-cross", "MODE": "METRO TRAIN" }, "geometry": { "type": "LineString", "coordinates": [ [ 145.121847162907557, -37.819262353178502 ], [ 145.12185491, -37.81926351 ], [ 145.12371091, -37.81954074 ], [ 145.12484, -37.81973068 ], [ 145.12606982, -37.8199131 ], [ 145.12835956, -37.82021871 ], [ 145.12955741, -37.8203859 ], [ 145.130771079999988, -37.82057496 ], [ 145.13146017, -37.82067169 ], [ 145.13205833, -37.82074751 ], [ 145.137020799999988, -37.82147129 ], [ 145.1374736, -37.8215273 ], [ 145.1378187, -37.82154709 ], [ 145.13818035, -37.82154118 ], [ 145.13854928, -37.8215079 ], [ 145.13881923, -37.82146684 ], [ 145.13916095, -37.82138573 ], [ 145.13946632, -37.82129133 ], [ 145.139772310000012, -37.82117189 ], [ 145.14027977, -37.82092874 ], [ 145.140677826311929, -37.820730312079746 ] ] } },
{ "type": "Feature", "properties": { "from_stop": "Laburnum Railway Station", "to_stop": "Laburnum Station", "minutes": 26.4, "tier": 30, "centre": "southern-cross", "MODE": "METRO TRAIN" }, "geometry": { "type": "LineString", "coordinates": [ [ 145.140868258728574, -37.82072565265721 ], [ 145.140713793354308, -37.820802506094921 ] ] } },
{ "type": "Feature", "properties": { "from_stop": "Lalor Station", "to_stop": "Lalor Railway Station", "minutes": 44.4, "tier": 45, "centre": "southern-cross", "MODE": "METRO TRAIN" }, "geometry": { "type": "LineString", "coordinates": [ [ 145.017191478545101, -37.665850247583208 ], [ 145.017197790047533, -37.665828999046369 ] ] } },
{ "type": "Feature", "properties": { "from_stop": "Station St", "to_stop": "Lalor Station", "minutes": 44.4, "tier": 60, "centre": "southern-cross", "MODE": "METRO TRAIN" }, "geometry": { "type": "LineString", "coordinates": [ [ 145.01715948, -37.66626473 ], [ 145.01734, -37.66587124 ] ] } },
{ "type": "Feature", "properties": { "from_stop": "Laverton Station", "to_stop": "Laverton Railway Station", "minutes": 25.1, "tier": 30, "centre": "southern-cross", "MODE": "METRO TRAIN" }, "geometry": { "type": "LineString", "coordinates": [ [ 144.772898458656442, -37.863720873134859 ], [ 144.772809239999987, -37.86374626 ] ] } },
{ "type": "Feature", "properties": { "from_stop": "Newport Station", "to_stop": "Laverton Station", "minutes": 25.1, "tier": 30, "centre": "southern-cross", "MODE": "METRO TRAIN" }, "geometry": { "type": "LineString", "coordinates": [ [ 144.772854712216684, -37.863569093339756 ], [ 144.77286066, -37.86356754 ], [ 144.77309735, -37.8635057 ], [ 144.774950890000014, -37.86303801 ], [ 144.77610503, -37.86274046 ], [ 144.777424599999989, -37.86241439 ], [ 144.77767401, -37.86236783 ], [ 144.778065669999989, -37.86228952 ], [ 144.779324870000011, -37.86196707 ], [ 144.77998412, -37.86180451 ], [ 144.781537070000013, -37.861408 ], [ 144.79030884, -37.85919013 ], [ 144.79299416, -37.85850896 ], [ 144.79502065, -37.85800392 ], [ 144.79909078, -37.85696826 ], [ 144.80086236, -37.85652467 ], [ 144.80342535, -37.85587667 ], [ 144.804284880000012, -37.85566382 ], [ 144.8052184, -37.85542773 ], [ 144.80595725, -37.85524452 ], [ 144.80653263, -37.85511214 ], [ 144.80714817, -37.85497447 ], [ 144.807783879999988, -37.85482726 ], [ 144.808315, -37.85468116 ], [ 144.80874695, -37.85456746 ], [ 144.808984149999986, -37.85449834 ], [ 144.80944125, -37.85437231 ], [ 144.81032061, -37.85414104 ], [ 144.81912408, -37.85191978 ], [ 144.82047334, -37.85157223 ], [ 144.82170391, -37.85126826 ], [ 144.82501166, -37.8504253 ], [ 144.82816202, -37.84963008 ], [ 144.83231809, -37.84858593 ], [ 144.83354781, -37.84827253 ], [ 144.83418893000001, -37.84811149 ], [ 144.83525476, -37.84784886 ], [ 144.837782940000011, -37.84720892 ], [ 144.83842927, -37.84705209 ], [ 144.83899535, -37.84691866 ], [ 144.8395827, -37.84680427 ], [ 144.84019959, -37.8467016 ], [ 144.841143710000011, -37.84657771 ], [ 144.84187731, -37.84652582 ], [ 144.842736910000013, -37.84648238 ], [ 144.843498759999989, -37.84646326 ], [ 144.84406594, -37.84646329 ], [ 144.844634649999989, -37.84649299 ], [ 144.845185750000013, -37.84654589 ], [ 144.84580813, -37.8466254 ], [ 144.84647998, -37.84671538 ], [ 144.84723234, -37.84679592 ], [ 144.84913534, -37.84698543 ], [ 144.850573020000013, -37.84713497 ], [ 144.851506449999988, -37.84722609 ], [ 144.852363380000014, -37.84730228 ], [ 144.85381306, -37.84745372 ], [ 144.85496382, -37.84758716 ], [ 144.85723148, -37.84784194 ], [ 144.85766209, -37.84785708 ], [ 144.86120266, -37.84827112 ], [ 144.86295952, -37.84849867 ], [ 144.864442669999988, -37.84868509 ], [ 144.868304529999989, -37.84913259 ], [ 144.87123143, -37.84945924 ], [ 144.87162156, -37.8494836 ], [ 144.87208027, -37.84949838 ], [ 144.87251346, -37.84948359 ], [ 144.87276312, -37.84947251 ], [ 144.87300954, -37.84944777 ], [ 144.87322054, -37.84942157 ], [ 144.87344117, -37.84938852 ], [ 144.873802500000011, -37.84931962 ], [ 144.874190230000011, -37.84922984 ], [ 144.87454427, -37.84913386 ], [ 144.87492884, -37.84901131 ], [ 144.87520937, -37.84890661 ], [ 144.875598, -37.84875376 ], [ 144.876116169999989, -37.84857342 ], [ 144.876658639999988, -37.84839784 ], [ 144.87786693000001, -37.8479932 ], [ 144.88034338, -37.84715549 ], [ 144.88100051, -37.8469278 ], [ 144.881362599999989, -37.84677634 ], [ 144.88168449, -37.84661956 ], [ 144.88202653, -37.84640989 ], [ 144.882306770000014, -37.84620343 ], [ 144.88265551, -37.84589844 ], [ 144.8828727, -37.84566751 ], [ 144.88309267, -37.84538273 ], [ 144.88325525, -37.84510999 ], [ 144.88333323, -37.84496216 ], [ 144.88338908, -37.84483727 ], [ 144.88346954, -37.84459054 ], [ 144.88350974, -37.84433741 ], [ 144.883543339999989, -37.84404829 ], [ 144.883554049999987, -37.84386077 ], [ 144.88358908, -37.84347795 ], [ 144.88359067, -37.8433666 ], [ 144.88358238, -37.84317577 ], [ 144.88356264, -37.8428409 ], [ 144.883562599652066, -37.842840261998283 ] ] } },
{ "type": "Feature", "properties": { "from_stop": "Johnston St", "to_stop": "Lulie St", "minutes": 16.6, "tier": 30, "centre": "southern-cross", "MODE": "METRO TRAIN" }, "geometry": { "type": "LineString", "coordinates": [ [ 144.99442399, -37.79975214 ], [ 144.994595690000011, -37.79886289 ] ] } },
{ "type": "Feature", "properties": { "from_stop": "Ruthven Station", "to_stop": "Macartney St", "minutes": 39.1, "tier": 45, "centre": "southern-cross", "MODE": "METRO TRAIN" }, "geometry": { "type": "LineString", "coordinates": [ [ 145.00948212, -37.70791498 ], [ 145.00982249, -37.70748815 ] ] } },
{ "type": "Feature", "properties": { "from_stop": "Macaulay Station", "to_stop": "Macaulay Railway Station", "minutes": 20.2, "tier": 30, "centre": "southern-cross", "MODE": "METRO TRAIN" }, "geometry": { "type": "LineString", "coordinates": [ [ 144.936184727649135, -37.794270123029769 ], [ 144.936176728102737, -37.79431349808322 ] ] } },
{ "type": "Feature", "properties": { "from_stop": "North Melbourne Railway Station", "to_stop": "Macaulay Station", "minutes": 20.2, "tier": 30, "centre": "southern-cross", "MODE": "METRO TRAIN" }, "geometry": { "type": "LineString", "coordinates": [ [ 144.936176728102737, -37.79431349808322 ], [ 144.93617618, -37.79431647 ], [ 144.93610791, -37.79469259 ], [ 144.93604702, -37.79510967 ], [ 144.93602367, -37.7954792 ], [ 144.93601845, -37.79565474 ], [ 144.93602687, -37.79601311 ], [ 144.93603844, -37.79619318 ], [ 144.93607587, -37.79649663 ], [ 144.93611033, -37.79673172 ], [ 144.9361594, -37.79696788 ], [ 144.93648771, -37.79818058 ], [ 144.93668241, -37.79891358 ], [ 144.93678588, -37.79928082 ], [ 144.93686956, -37.79953849 ], [ 144.936922360000011, -37.79976777 ], [ 144.937073340000012, -37.80027237 ], [ 144.93721817, -37.8007856 ], [ 144.93744209, -37.80160788 ], [ 144.93754271, -37.80195542 ], [ 144.93762847, -37.80219168 ], [ 144.93774925, -37.80243504 ], [ 144.937883559999989, -37.80266142 ], [ 144.93801027, -37.80283414 ], [ 144.9381297, -37.80297511 ], [ 144.938237289999989, -37.80309234 ], [ 144.93833084, -37.80318338 ], [ 144.93877432, -37.80357702 ], [ 144.9388528, -37.80365058 ], [ 144.93892172, -37.80372109 ], [ 144.93908133, -37.80389943 ], [ 144.93945865, -37.8042464 ], [ 144.93959898, -37.80437917 ], [ 144.9398132, -37.80460767 ], [ 144.94010857, -37.80487517 ], [ 144.94052847, -37.80523496 ], [ 144.94088517, -37.80555607 ], [ 144.94114801, -37.80582534 ], [ 144.94147209, -37.80622933 ], [ 144.941525841746767, -37.806297479107968 ] ] } },
{ "type": "Feature", "properties": { "from_stop": "Armadale Railway Station", "to_stop": "Malvern Railway Station", "minutes": 23.1, "tier": 30, "centre": "southern-cross", "MODE": "METRO TRAIN" }, "geometry": { "type": "LineString", "coordinates": [ [ 145.019473309794222, -37.856312159224935 ], [ 145.01951177, -37.85635269 ], [ 145.01967036, -37.85653406 ], [ 145.01993026, -37.85686277 ], [ 145.02006968, -37.85703409 ], [ 145.02016588, -37.85714736 ], [ 145.02048955, -37.85749714 ], [ 145.024255149999988, -37.86142674 ], [ 145.024602609999988, -37.86178096 ], [ 145.024847099999988, -37.86202424 ], [ 145.02510819, -37.86226734 ], [ 145.02579093, -37.86289169 ], [ 145.027817739999989, -37.86473974 ], [ 145.02846163000001, -37.86533521 ], [ 145.02880973, -37.86564978 ], [ 145.02930575, -37.86610444 ], [ 145.029372667730911, -37.866162391414257 ] ] } },
{ "type": "Feature", "properties": { "from_stop": "Malvern Railway Station", "to_stop": "Malvern Station", "minutes": 23.1, "tier": 30, "centre": "southern-cross", "MODE": "METRO TRAIN" }, "geometry": { "type": "LineString", "coordinates": [ [ 145.029237546575871, -37.86632274187869 ], [ 145.029315874244844, -37.866386351411464 ] ] } },
{ "type": "Feature", "properties": { "from_stop": "Ormond Station", "to_stop": "McKinnon Railway Station", "minutes": 37.6, "tier": 45, "centre": "southern-cross", "MODE": "METRO TRAIN" }, "geometry": { "type": "LineString", "coordinates": [ [ 145.038323672629389, -37.910313077444997 ], [ 145.03834036, -37.91021123 ], [ 145.03842323, -37.90962612 ], [ 145.038510699999989, -37.90908661 ], [ 145.03871136, -37.90800656 ], [ 145.03880615, -37.90746942 ], [ 145.03893685, -37.90676193 ], [ 145.039032279999986, -37.90626913 ], [ 145.03910715, -37.90591694 ], [ 145.03918768, -37.90556106 ], [ 145.03925996000001, -37.90522027 ], [ 145.039467687927896, -37.904209721121241 ] ] } },
{ "type": "Feature", "properties": { "from_stop": "McKinnon Railway Station", "to_stop": "McKinnon Station", "minutes": 34.0, "tier": 45, "centre": "southern-cross", "MODE": "METRO TRAIN" }, "geometry": { "type": "LineString", "coordinates": [ [ 145.038365443076401, -37.910321797582426 ], [ 145.038308769999986, -37.91061686 ], [ 145.038279499999987, -37.91079363 ], [ 145.038248900000013, -37.91095668 ], [ 145.03814997, -37.91144374 ], [ 145.038138620972745, -37.911501614185909 ] ] } },
{ "type": "Feature", "properties": { "from_stop": "Melbourne Central Station", "to_stop": "Melbourne Central Railway Station", "minutes": 5.4, "tier": 15, "centre": "southern-cross", "MODE": "METRO TRAIN" }, "geometry": { "type": "LineString", "coordinates": [ [ 144.962582050323419, -37.80986107843291 ], [ 144.96252261, -37.80987851 ], [ 144.96252027125982, -37.809879172348907 ] ] } },
{ "type": "Feature", "properties": { "from_stop": "Flagstaff Station", "to_stop": "Melbourne Central Station", "minutes": 5.4, "tier": 15, "centre": "southern-cross", "MODE": "METRO TRAIN" }, "geometry": { "type": "LineString", "coordinates": [ [ 144.962524038678822, -37.809895045048329 ], [ 144.962495569999987, -37.80990337 ], [ 144.961539069999986, -37.81017086 ], [ 144.96016696, -37.8105657 ], [ 144.956005661625397, -37.811749473586353 ] ] } },
{ "type": "Feature", "properties": { "from_stop": "Cheltenham Railway Station", "to_stop": "Mentone Railway Station", "minutes": 41.4, "tier": 45, "centre": "southern-cross", "MODE": "METRO TRAIN" }, "geometry": { "type": "LineString", "coordinates": [ [ 145.054572881539627, -37.966639177197173 ], [ 145.05460638, -37.96668593 ], [ 145.05496535, -37.9672059 ], [ 145.055390460000012, -37.96781166 ], [ 145.05609224, -37.96879571 ], [ 145.056502279999989, -37.96939546 ], [ 145.05669493, -37.96965728 ], [ 145.05692337, -37.96999917 ], [ 145.057057640000011, -37.97017829 ], [ 145.05751475, -37.97085451 ], [ 145.057930129999988, -37.97143812 ], [ 145.05934156, -37.97345859 ], [ 145.05974656, -37.97407013 ], [ 145.05981444, -37.97416831 ], [ 145.05994224, -37.9743475 ], [ 145.06163344, -37.97676844 ], [ 145.06221145, -37.97757297 ], [ 145.062329049999988, -37.9777464 ], [ 145.062597829999987, -37.97812806 ], [ 145.06315815, -37.97895663 ], [ 145.06426456, -37.98055072 ], [ 145.06554266, -37.98237211 ], [ 145.065816627741384, -37.982767116467315 ] ] } },
{ "type": "Feature", "properties": { "from_stop": "Mentone Railway Station", "to_stop": "Mentone Station", "minutes": 39.0, "tier": 45, "centre": "southern-cross", "MODE": "METRO TRAIN" }, "geometry": { "type": "LineString", "coordinates": [ [ 145.065816627741384, -37.982767116467315 ], [ 145.06607779, -37.98314366 ], [ 145.066386211655043, -37.98357250319404 ] ] } },
{ "type": "Feature", "properties": { "from_stop": "Merlynston Station", "to_stop": "Merlynston Railway Station", "minutes": 46.7, "tier": 60, "centre": "southern-cross", "MODE": "METRO TRAIN" }, "geometry": { "type": "LineString", "coordinates": [ [ 144.961326963096212, -37.721493897695261 ], [ 144.961326719999988, -37.72149186 ], [ 144.961260702919674, -37.720940214367936 ] ] } },
{ "type": "Feature", "properties": { "from_stop": "Batman Station", "to_stop": "Merlynston Station", "minutes": 36.2, "tier": 45, "centre": "southern-cross", "MODE": "METRO TRAIN" }, "geometry": { "type": "LineString", "coordinates": [ [ 144.961453909011141, -37.721481784098778 ], [ 144.9614847, -37.72197439 ], [ 144.96149806, -37.72223164 ], [ 144.96155439, -37.7228629 ], [ 144.96165901, -37.72376446 ], [ 144.96169665, -37.72405088 ], [ 144.96184947, -37.72531753 ], [ 144.962192750000014, -37.72826629 ], [ 144.96254667, -37.73119613 ], [ 144.962560239999988, -37.73128081 ], [ 144.96264338, -37.73191506 ], [ 144.96272043, -37.73239519 ], [ 144.96275873, -37.73259601 ], [ 144.962804859206187, -37.732884716883696 ] ] } },
{ "type": "Feature", "properties": { "from_stop": "Bike and Ride 1", "to_stop": "Mernda Railway Station", "minutes": 59.4, "tier": 60, "centre": "southern-cross", "MODE": "METRO TRAIN" }, "geometry": { "type": "LineString", "coordinates": [ [ 145.100973652006275, -37.602553677811819 ], [ 145.10046305, -37.60484993 ], [ 145.10040853000001, -37.60510527 ], [ 145.098788399999989, -37.61236258 ], [ 145.098626950000011, -37.61311908 ], [ 145.09814135, -37.61525976 ], [ 145.09795521, -37.61612211 ], [ 145.097862889999988, -37.61665514 ], [ 145.097806100000014, -37.61709618 ], [ 145.0977701, -37.61745528 ], [ 145.09771268, -37.6182723 ], [ 145.09764472, -37.61931167 ], [ 145.09761850000001, -37.6199494 ], [ 145.097618180000012, -37.62015748 ], [ 145.09760706, -37.62086494 ], [ 145.097504315896089, -37.622430360796862 ] ] } },
{ "type": "Feature", "properties": { "from_stop": "Mernda Railway Station", "to_stop": "Mernda Station", "minutes": 59.4, "tier": 60, "centre": "southern-cross", "MODE": "METRO TRAIN" }, "geometry": { "type": "LineString", "coordinates": [ [ 145.100812924592162, -37.602517893154655 ], [ 145.100861900000012, -37.60229796 ] ] } },
{ "type": "Feature", "properties": { "from_stop": "Merri Station", "to_stop": "Merri Railway Station", "minutes": 21.4, "tier": 30, "centre": "southern-cross", "MODE": "METRO TRAIN" }, "geometry": { "type": "LineString", "coordinates": [ [ 144.993026789999988, -37.77793772 ], [ 144.99297248, -37.77784668 ] ] } },
{ "type": "Feature", "properties": { "from_stop": "Falconer St", "to_stop": "Merri Station", "minutes": 21.4, "tier": 30, "centre": "southern-cross", "MODE": "METRO TRAIN" }, "geometry": { "type": "LineString", "coordinates": [ [ 144.992990057303018, -37.777930566415719 ], [ 144.992989560000012, -37.77793312 ], [ 144.992829879999988, -37.77874047 ], [ 144.99276267, -37.7789794 ], [ 144.99264954, -37.77923702 ], [ 144.99247915, -37.77950861 ], [ 144.992290059999988, -37.77973664 ], [ 144.99215333, -37.77986786 ], [ 144.99160114, -37.78028849 ], [ 144.99115083, -37.78064489 ], [ 144.99093305, -37.78086296 ], [ 144.99079626, -37.78108421 ], [ 144.99073665, -37.78133994 ], [ 144.99073657, -37.78151468 ], [ 144.990758449999987, -37.7816377 ], [ 144.99080181, -37.78177236 ], [ 144.990913150000011, -37.78196278 ], [ 144.99104266, -37.78211946 ], [ 144.99141705, -37.78246243 ], [ 144.99161466000001, -37.78263306 ], [ 144.991793209071488, -37.782757001241301 ] ] } },
{ "type": "Feature", "properties": { "from_stop": "Middle Brighton Station", "to_stop": "Middle Brighton Railway Station", "minutes": 37.2, "tier": 45, "centre": "southern-cross", "MODE": "METRO TRAIN" }, "geometry": { "type": "Point", "coordinates": [ 144.996688, -37.91478245 ] } },
{ "type": "Feature", "properties": { "from_stop": "North Brighton Railway Station", "to_stop": "Middle Brighton Station", "minutes": 35.0, "tier": 45, "centre": "southern-cross", "MODE": "METRO TRAIN" }, "geometry": { "type": "LineString", "coordinates": [ [ 144.996688, -37.91478245 ], [ 144.996883340000011, -37.91461753 ], [ 144.99725274, -37.91428841 ], [ 144.99774095, -37.91387308 ], [ 144.999515229999986, -37.91233947 ], [ 144.99989202, -37.91200136 ], [ 145.00007575, -37.91182371 ], [ 145.00024466, -37.91164733 ], [ 145.000471119999986, -37.91139138 ], [ 145.00066302, -37.91115556 ], [ 145.00084519, -37.91090948 ], [ 145.000992, -37.91069227 ], [ 145.00111628, -37.91048811 ], [ 145.00127235, -37.91021419 ], [ 145.00137516, -37.91001714 ], [ 145.00149323, -37.90976474 ], [ 145.00159450000001, -37.90951972 ], [ 145.00168747, -37.90926591 ], [ 145.001764619999989, -37.90902499 ], [ 145.00182247, -37.90880798 ], [ 145.001886829999989, -37.9085353 ], [ 145.0019936, -37.90799848 ], [ 145.00246533, -37.90551106 ], [ 145.002586444438123, -37.904883622424165 ] ] } },
{ "type": "Feature", "properties": { "from_stop": "Footscray Railway Station", "to_stop": "Middle Footscray Railway Station", "minutes": 28.4, "tier": 30, "centre": "southern-cross", "MODE": "METRO TRAIN" }, "geometry": { "type": "LineString", "coordinates": [ [ 144.891476370576186, -37.802470685063 ], [ 144.8917389, -37.8025038 ], [ 144.89254781, -37.80263074 ], [ 144.89323808, -37.80271203 ], [ 144.89407725, -37.80280148 ], [ 144.89433638, -37.80281116 ], [ 144.89481611, -37.80281199 ], [ 144.89505435, -37.8028012 ], [ 144.89529664, -37.80278417 ], [ 144.89764936, -37.80264434 ], [ 144.89834271, -37.80258931 ], [ 144.898850759999988, -37.80253223 ], [ 144.89930479, -37.80247373 ], [ 144.8995964, -37.80241937 ], [ 144.90002865, -37.80232371 ], [ 144.900350010000011, -37.80223752 ], [ 144.90069599, -37.80210816 ], [ 144.90104456, -37.80195144 ], [ 144.901717749999989, -37.80158909 ], [ 144.902023683659479, -37.801419985714404 ] ] } },
{ "type": "Feature", "properties": { "from_stop": "Middle Footscray Railway Station", "to_stop": "Middle Footscray Station", "minutes": 28.4, "tier": 30, "centre": "southern-cross", "MODE": "METRO TRAIN" }, "geometry": { "type": "LineString", "coordinates": [ [ 144.89103429039136, -37.802423051582799 ], [ 144.89104314, -37.80242384 ], [ 144.891253400000011, -37.80244256 ], [ 144.891476370576186, -37.802470685063 ] ] } },
{ "type": "Feature", "properties": { "from_stop": "Service Rd", "to_stop": "Middle Gorge Railway Station", "minutes": 56.9, "tier": 60, "centre": "southern-cross", "MODE": "METRO TRAIN" }, "geometry": { "type": "LineString", "coordinates": [ [ 145.068083073702667, -37.64894036482363 ], [ 145.068404390000012, -37.64890334 ], [ 145.068647270000014, -37.64887758 ], [ 145.068874849999986, -37.64885643 ], [ 145.070314669999988, -37.64874608 ], [ 145.070815579999987, -37.64869642 ], [ 145.07128708, -37.64863988 ], [ 145.08074943, -37.64744306 ], [ 145.0875749, -37.64661596 ], [ 145.08790524, -37.64656481 ], [ 145.08822367, -37.64650076 ], [ 145.08852604, -37.64642636 ], [ 145.08882079, -37.64634002 ], [ 145.08912546, -37.64623339 ], [ 145.08942959, -37.64611241 ], [ 145.08968976, -37.64599109 ], [ 145.0898424, -37.64591227 ], [ 145.09013421, -37.64574577 ], [ 145.09027104, -37.64566066 ], [ 145.09053605, -37.64547831 ], [ 145.09075834, -37.64530436 ], [ 145.09088325, -37.64520203 ], [ 145.09098891, -37.64510794 ], [ 145.092129250329435, -37.644041653169488 ] ] } },
{ "type": "Feature", "properties": { "from_stop": "Middle Gorge Railway Station", "to_stop": "Middle Gorge Station", "minutes": 53.4, "tier": 60, "centre": "southern-cross", "MODE": "METRO TRAIN" }, "geometry": { "type": "LineString", "coordinates": [ [ 145.092129250329435, -37.644041653169488 ], [ 145.092427876885893, -37.643762419368677 ] ] } },
{ "type": "Feature", "properties": { "from_stop": "Nunawading Railway Station", "to_stop": "Mitcham Railway Station", "minutes": 37.4, "tier": 45, "centre": "southern-cross", "MODE": "METRO TRAIN" }, "geometry": { "type": "LineString", "coordinates": [ [ 145.192213360699981, -37.818199034796535 ], [ 145.191901449999989, -37.8182484 ], [ 145.19166307, -37.81828259 ], [ 145.19106192000001, -37.81838312 ], [ 145.19036619, -37.81847643 ], [ 145.189705300000014, -37.8185253 ], [ 145.18902125, -37.81855921 ], [ 145.18841361, -37.81859934 ], [ 145.185635240000011, -37.81901429 ], [ 145.1853558, -37.81906414 ], [ 145.183960219999989, -37.81927902 ], [ 145.18295214, -37.81941541 ], [ 145.182306430000011, -37.81949772 ], [ 145.181712370000014, -37.81958183 ], [ 145.1800771, -37.81983666 ], [ 145.17935035, -37.81995258 ], [ 145.178645069999988, -37.82005009 ], [ 145.17838085, -37.82007656 ], [ 145.17647373, -37.82029316 ], [ 145.17608887, -37.82034226 ], [ 145.17536475, -37.82044324 ], [ 145.174921180000013, -37.82052802 ], [ 145.174875916820554, -37.820537459807703 ] ] } },
{ "type": "Feature", "properties": { "from_stop": "Mitcham Railway Station", "to_stop": "Mitcham Station", "minutes": 35.4, "tier": 45, "centre": "southern-cross", "MODE": "METRO TRAIN" }, "geometry": { "type": "LineString", "coordinates": [ [ 145.192207707704, -37.818163270582858 ], [ 145.192714959736605, -37.81808407574394 ] ] } },
{ "type": "Feature", "properties": { "from_stop": "Moonee Ponds Station", "to_stop": "Moonee Ponds Railway Station", "minutes": 20.1, "tier": 30, "centre": "southern-cross", "MODE": "METRO TRAIN" }, "geometry": { "type": "LineString", "coordinates": [ [ 144.919203544771875, -37.765689600500451 ], [ 144.91920628, -37.76569647 ], [ 144.919206666829439, -37.765697598867007 ] ] } },
{ "type": "Feature", "properties": { "from_stop": "Ascot Vale Railway Station", "to_stop": "Moonee Ponds Station", "minutes": 20.1, "tier": 30, "centre": "southern-cross", "MODE": "METRO TRAIN" }, "geometry": { "type": "LineString", "coordinates": [ [ 144.919206666829439, -37.765697598867007 ], [ 144.91928445, -37.76592459 ], [ 144.919397049999986, -37.76629363 ], [ 144.91947309, -37.76655757 ], [ 144.919503600000013, -37.7666923 ], [ 144.91960814, -37.76717474 ], [ 144.919959729999988, -37.76885543 ], [ 144.92060899, -37.77199947 ], [ 144.92069335, -37.77238828 ], [ 144.92075712, -37.77266931 ], [ 144.92082876, -37.77294859 ], [ 144.92089815, -37.773187 ], [ 144.9209687, -37.77341246 ], [ 144.92105976, -37.77367541 ], [ 144.92111757, -37.77382873 ], [ 144.92121369, -37.77406914 ], [ 144.92133679, -37.77435582 ], [ 144.92145905000001, -37.77461986 ], [ 144.921627769999986, -37.77494383 ], [ 144.92171717, -37.7751042 ], [ 144.921834463311995, -37.775297774586562 ] ] } },
{ "type": "Feature", "properties": { "from_stop": "Patterson Railway Station", "to_stop": "Moorabbin Railway Station", "minutes": 40.0, "tier": 45, "centre": "southern-cross", "MODE": "METRO TRAIN" }, "geometry": { "type": "LineString", "coordinates": [ [ 145.035598379396191, -37.925173392944274 ], [ 145.03543758, -37.92602612 ], [ 145.03541607, -37.9262916 ], [ 145.03541077, -37.92659314 ], [ 145.035433610000013, -37.92690631 ], [ 145.03548594, -37.92721413 ], [ 145.03557025, -37.9275304 ], [ 145.035691039999989, -37.92783927 ], [ 145.03583989, -37.92817987 ], [ 145.03603709, -37.92860618 ], [ 145.0361819, -37.92893202 ], [ 145.036381659999989, -37.9293562 ], [ 145.03657346, -37.92978043 ], [ 145.036766629999988, -37.9302173 ], [ 145.03695436000001, -37.93072193 ], [ 145.03706434, -37.93106558 ], [ 145.03715549, -37.931493 ], [ 145.037189149999989, -37.93194252 ], [ 145.037164850000011, -37.93238153 ], [ 145.03709479, -37.93281679 ], [ 145.03697069, -37.93350853 ], [ 145.03694701, -37.93365422 ], [ 145.036817281598644, -37.934367653571087 ] ] } },
{ "type": "Feature", "properties": { "from_stop": "Moorabbin Railway Station", "to_stop": "Moorabbin Station", "minutes": 40.0, "tier": 45, "centre": "southern-cross", "MODE": "METRO TRAIN" }, "geometry": { "type": "LineString", "coordinates": [ [ 145.036707137917773, -37.93469895952699 ], [ 145.0367283, -37.93457877 ] ] } },
{ "type": "Feature", "properties": { "from_stop": "Croydon Station", "to_stop": "Mooroolbark Railway Station", "minutes": 51.2, "tier": 60, "centre": "southern-cross", "MODE": "METRO TRAIN" }, "geometry": { "type": "LineString", "coordinates": [ [ 145.280633070300638, -37.795252916651179 ], [ 145.280869630000012, -37.79511001 ], [ 145.28163815, -37.7946744 ], [ 145.282465519999988, -37.79422721 ], [ 145.2832957, -37.79378627 ], [ 145.28373195, -37.79355912 ], [ 145.28423228, -37.793311 ], [ 145.285907650000013, -37.79234216 ], [ 145.28632944, -37.79207126 ], [ 145.286627970000012, -37.79185174 ], [ 145.286920939999987, -37.79162196 ], [ 145.28725749, -37.791339 ], [ 145.2877296, -37.79086101 ], [ 145.28812521, -37.79039578 ], [ 145.28839496, -37.7900494 ], [ 145.288582100000013, -37.78978427 ], [ 145.28905777, -37.78909192 ], [ 145.289330760000013, -37.7887181 ], [ 145.28955754, -37.78845202 ], [ 145.2898217, -37.78820513 ], [ 145.290158319999989, -37.78794776 ], [ 145.29058265, -37.78767824 ], [ 145.29095085, -37.7874991 ], [ 145.29128257, -37.78736549 ], [ 145.29198046, -37.78712083 ], [ 145.29577801, -37.78581869 ], [ 145.29909496, -37.78468603 ], [ 145.29946686, -37.78454224 ], [ 145.30141691, -37.78387337 ], [ 145.30283312, -37.78339316 ], [ 145.30321405, -37.78327563 ], [ 145.30362845, -37.78318444 ], [ 145.30401888, -37.78312319 ], [ 145.30436186, -37.78309109 ], [ 145.304670750000014, -37.78309004 ], [ 145.305029600000012, -37.78309872 ], [ 145.30528587, -37.78312449 ], [ 145.30547212, -37.78314843 ], [ 145.3057157, -37.78318781 ], [ 145.30592974000001, -37.78323261 ], [ 145.30622685, -37.78330997 ], [ 145.306341370000013, -37.78334199 ], [ 145.30661361, -37.78342927 ], [ 145.30939186, -37.78437355 ], [ 145.31006842, -37.78459802 ], [ 145.3103147, -37.78467348 ], [ 145.310617650000012, -37.78474902 ], [ 145.31090181, -37.78480194 ], [ 145.3112382, -37.78484488 ], [ 145.31154701, -37.78486752 ], [ 145.31184939, -37.78487338 ], [ 145.312119849999988, -37.78486978 ], [ 145.31234465, -37.78485623 ], [ 145.31241116423422, -37.784850496067939 ] ] } },
{ "type": "Feature", "properties": { "from_stop": "Mooroolbark Railway Station", "to_stop": "Mooroolbark Station", "minutes": 49.4, "tier": 60, "centre": "southern-cross", "MODE": "METRO TRAIN" }, "geometry": { "type": "LineString", "coordinates": [ [ 145.312399660815686, -37.7847219722075 ], [ 145.31275335, -37.7846859 ], [ 145.313676965914993, -37.784600294140056 ] ] } },
{ "type": "Feature", "properties": { "from_stop": "Mordialloc Station", "to_stop": "Mordialloc Railway Station", "minutes": 45.9, "tier": 60, "centre": "southern-cross", "MODE": "METRO TRAIN" }, "geometry": { "type": "LineString", "coordinates": [ [ 145.08756918, -38.00643712 ], [ 145.087665574293652, -38.006578719603645 ] ] } },
{ "type": "Feature", "properties": { "from_stop": "Parkdale Railway Station", "to_stop": "Mordialloc Station", "minutes": 44.0, "tier": 60, "centre": "southern-cross", "MODE": "METRO TRAIN" }, "geometry": { "type": "LineString", "coordinates": [ [ 145.087385055150776, -38.006299806982611 ], [ 145.086754649999989, -38.00537121 ], [ 145.085786750000011, -38.00392377 ], [ 145.08407718, -38.00143321 ], [ 145.08404611, -38.00139333 ], [ 145.08376798, -38.00097831 ], [ 145.08315747, -38.00004169 ], [ 145.082638550000013, -37.99927444 ], [ 145.082114100000013, -37.99854099 ], [ 145.08180837, -37.99815517 ], [ 145.08145837, -37.99773718 ], [ 145.081233129999987, -37.99748757 ], [ 145.08089365, -37.9971386 ], [ 145.08073783, -37.99697366 ], [ 145.080588150000011, -37.99682703 ], [ 145.08029102, -37.9965877 ], [ 145.07964161000001, -37.99607523 ], [ 145.076270308390093, -37.993143811638149 ] ] } },
{ "type": "Feature", "properties": { "from_stop": "Anstey Railway Station", "to_stop": "Moreland Railway Station", "minutes": 32.4, "tier": 45, "centre": "southern-cross", "MODE": "METRO TRAIN" }, "geometry": { "type": "LineString", "coordinates": [ [ 144.960670959915632, -37.761239598303689 ], [ 144.9607699, -37.7607074 ], [ 144.960784679999989, -37.76060312 ], [ 144.96116444, -37.75850111 ], [ 144.961340259999986, -37.75750077 ], [ 144.961408119999987, -37.75713742 ], [ 144.961459569999988, -37.75666077 ], [ 144.96170353, -37.75527014 ], [ 144.96176626, -37.75482072 ], [ 144.961807661044503, -37.754482956166548 ] ] } },
{ "type": "Feature", "properties": { "from_stop": "Moreland Railway Station", "to_stop": "Moreland Station", "minutes": 30.2, "tier": 45, "centre": "southern-cross", "MODE": "METRO TRAIN" }, "geometry": { "type": "LineString", "coordinates": [ [ 144.961898997253144, -37.754094774432936 ], [ 144.96189827, -37.75410071 ], [ 144.961850771825937, -37.754488240215075 ] ] } },
{ "type": "Feature", "properties": { "from_stop": "Jordanville Station", "to_stop": "Mount Waverley Railway Station", "minutes": 41.4, "tier": 45, "centre": "southern-cross", "MODE": "METRO TRAIN" }, "geometry": { "type": "LineString", "coordinates": [ [ 145.112503159201253, -37.873679672806425 ], [ 145.11273519, -37.87376496 ], [ 145.1133203, -37.8739854 ], [ 145.11349471, -37.87405632 ], [ 145.11395615, -37.87423098 ], [ 145.11455021, -37.87442569 ], [ 145.115063740000011, -37.87456873 ], [ 145.11563783, -37.87469986 ], [ 145.11625337000001, -37.87480163 ], [ 145.11676431, -37.87486821 ], [ 145.1172257, -37.87491587 ], [ 145.117932309999986, -37.87497313 ], [ 145.118698169999988, -37.87503873 ], [ 145.12111492, -37.8752345 ], [ 145.122063059999988, -37.87529911 ], [ 145.12262478, -37.87530023 ], [ 145.12325926, -37.87528323 ], [ 145.12426654, -37.87528 ], [ 145.1261695, -37.87526633 ], [ 145.127090790000011, -37.87525568 ], [ 145.128043990580835, -37.875248837426987 ] ] } },
{ "type": "Feature", "properties": { "from_stop": "Mount Waverley Railway Station", "to_stop": "Mount Waverley Station", "minutes": 41.4, "tier": 45, "centre": "southern-cross", "MODE": "METRO TRAIN" }, "geometry": { "type": "LineString", "coordinates": [ [ 145.128043990580835, -37.875248837426987 ], [ 145.12809846395686, -37.875248446388561 ] ] } },
{ "type": "Feature", "properties": { "from_stop": "West Richmond Station", "to_stop": "Muir St", "minutes": 10.7, "tier": 15, "centre": "southern-cross", "MODE": "METRO TRAIN" }, "geometry": { "type": "LineString", "coordinates": [ [ 144.991467230000012, -37.81498577 ], [ 144.99160299, -37.81500611 ] ] } },
{ "type": "Feature", "properties": { "from_stop": "Kiss & Ride 1", "to_stop": "Murray Rd", "minutes": 31.4, "tier": 45, "centre": "southern-cross", "MODE": "METRO TRAIN" }, "geometry": { "type": "LineString", "coordinates": [ [ 145.00032595, -37.73921163 ], [ 145.00058209, -37.73854909 ] ] } },
{ "type": "Feature", "properties": { "from_stop": "Carnegie Station", "to_stop": "Murrumbeena Railway Station", "minutes": 52.1, "tier": 60, "centre": "southern-cross", "MODE": "METRO TRAIN" }, "geometry": { "type": "LineString", "coordinates": [ [ 145.067346833731619, -37.890260681060234 ], [ 145.06627701, -37.88977971 ], [ 145.065530740000014, -37.8894395 ], [ 145.061627320000014, -37.88768024 ], [ 145.06004435, -37.8869707 ], [ 145.05870699, -37.88636595 ], [ 145.05870635635992, -37.886365668002576 ] ] } },
{ "type": "Feature", "properties": { "from_stop": "Murrumbeena Railway Station", "to_stop": "Murrumbeena Station", "minutes": 52.4, "tier": 60, "centre": "southern-cross", "MODE": "METRO TRAIN" }, "geometry": { "type": "LineString", "coordinates": [ [ 145.067473738058396, -37.890317752096827 ], [ 145.0674679, -37.89031511 ], [ 145.067346833731619, -37.890260681060234 ] ] } },
{ "type": "Feature", "properties": { "from_stop": "Newmarket Station", "to_stop": "Newmarket Railway Station", "minutes": 22.2, "tier": 30, "centre": "southern-cross", "MODE": "METRO TRAIN" }, "geometry": { "type": "LineString", "coordinates": [ [ 144.92901936747927, -37.787318104936361 ], [ 144.92903937, -37.78740363 ], [ 144.929040285114638, -37.787407578868638 ] ] } },
{ "type": "Feature", "properties": { "from_stop": "Kensington Station", "to_stop": "Newmarket Station", "minutes": 22.2, "tier": 30, "centre": "southern-cross", "MODE": "METRO TRAIN" }, "geometry": { "type": "LineString", "coordinates": [ [ 144.93049547100884, -37.793758364299499 ], [ 144.93048374, -37.79371237 ], [ 144.93030377, -37.7929752 ], [ 144.92999961000001, -37.79168667 ], [ 144.92987138, -37.79110172 ], [ 144.929765550000013, -37.79067036 ], [ 144.929357399999986, -37.7889341 ], [ 144.92912715, -37.78797291 ], [ 144.9290015, -37.78743811 ], [ 144.928996738478332, -37.787418154764374 ] ] } },
{ "type": "Feature", "properties": { "from_stop": "Spotswood Station", "to_stop": "Newport Railway Station", "minutes": 20.8, "tier": 30, "centre": "southern-cross", "MODE": "METRO TRAIN" }, "geometry": { "type": "LineString", "coordinates": [ [ 144.885930398492633, -37.830711718924306 ], [ 144.88592907, -37.83071684 ], [ 144.885744530000011, -37.831434 ], [ 144.88561764, -37.8319106 ], [ 144.885599899999988, -37.83200292 ], [ 144.88542451, -37.83267006 ], [ 144.88404581, -37.8380464 ], [ 144.88394933, -37.83847217 ], [ 144.88382218000001, -37.83913197 ], [ 144.883714950000012, -37.83988612 ], [ 144.883677440000014, -37.84019643 ], [ 144.88362242, -37.84074191 ], [ 144.88360092, -37.8410289 ], [ 144.88358352, -37.84177259 ], [ 144.8835795, -37.84221931 ], [ 144.88359768, -37.84272402 ], [ 144.883597790695916, -37.842725769494507 ] ] } },
{ "type": "Feature", "properties": { "from_stop": "Newport Railway Station", "to_stop": "Newport Station", "minutes": 19.6, "tier": 30, "centre": "southern-cross", "MODE": "METRO TRAIN" }, "geometry": { "type": "Point", "coordinates": [ 144.88356264, -37.8428409 ] } },
{ "type": "Feature", "properties": { "from_stop": "North Brighton Station", "to_stop": "North Brighton Railway Station", "minutes": 32.4, "tier": 45, "centre": "southern-cross", "MODE": "METRO TRAIN" }, "geometry": { "type": "LineString", "coordinates": [ [ 145.002586444438123, -37.904883622424165 ], [ 145.002639618842551, -37.904608150565331 ] ] } },
{ "type": "Feature", "properties": { "from_stop": "Gardenvale Railway Station", "to_stop": "North Brighton Station", "minutes": 32.4, "tier": 45, "centre": "southern-cross", "MODE": "METRO TRAIN" }, "geometry": { "type": "LineString", "coordinates": [ [ 145.004190154990283, -37.896699221552531 ], [ 145.00368268, -37.89936124 ], [ 145.002896060000012, -37.90343659 ], [ 145.00280275, -37.90396417 ], [ 145.00267881478743, -37.904615473264656 ] ] } },
{ "type": "Feature", "properties": { "from_stop": "North Melbourne Station", "to_stop": "North Melbourne Railway Station", "minutes": 8.4, "tier": 15, "centre": "southern-cross", "MODE": "METRO TRAIN" }, "geometry": { "type": "LineString", "coordinates": [ [ 144.94214467, -37.80708206 ], [ 144.942153045401369, -37.807092678959485 ] ] } },
{ "type": "Feature", "properties": { "from_stop": "Southern Cross Station", "to_stop": "North Melbourne Station", "minutes": 5.0, "tier": 15, "centre": "southern-cross", "MODE": "METRO TRAIN" }, "geometry": { "type": "LineString", "coordinates": [ [ 144.95148732917707, -37.817896948809747 ], [ 144.95122529, -37.81756533 ], [ 144.95107145, -37.81738981 ], [ 144.95088088, -37.81714958 ], [ 144.95062342, -37.8167694 ], [ 144.95039975, -37.81648172 ], [ 144.94995773, -37.81587033 ], [ 144.94987952, -37.81576957 ], [ 144.94966068, -37.81552524 ], [ 144.949176599999987, -37.81492338 ], [ 144.94898071, -37.81466674 ], [ 144.94877105, -37.81440698 ], [ 144.94828055, -37.81377491 ], [ 144.947807149999988, -37.81329291 ], [ 144.94745638, -37.81296463 ], [ 144.94721929, -37.81274818 ], [ 144.94685218, -37.8124069 ], [ 144.946490579999988, -37.81208032 ], [ 144.9461011, -37.81178028 ], [ 144.945685309999988, -37.81146663 ], [ 144.94551862, -37.81130854 ], [ 144.94540454, -37.81119093 ], [ 144.94489764, -37.81070572 ], [ 144.94469379, -37.81045876 ], [ 144.94413326, -37.80974894 ], [ 144.943507039999986, -37.80893091 ], [ 144.94328436, -37.80862576 ], [ 144.94325353, -37.80857809 ], [ 144.942951740000012, -37.80816062 ], [ 144.94255719, -37.80766791 ], [ 144.94215367000001, -37.80715088 ] ] } },
{ "type": "Feature", "properties": { "from_stop": "Elizabeth St", "to_stop": "North Richmond Railway Station", "minutes": 11.4, "tier": 15, "centre": "southern-cross", "MODE": "METRO TRAIN" }, "geometry": { "type": "LineString", "coordinates": [ [ 144.992563639999986, -37.81099422 ], [ 144.992500260000014, -37.81039836 ] ] } },
{ "type": "Feature", "properties": { "from_stop": "North Richmond Railway Station", "to_stop": "North Richmond Station", "minutes": 11.4, "tier": 15, "centre": "southern-cross", "MODE": "METRO TRAIN" }, "geometry": { "type": "LineString", "coordinates": [ [ 144.992536728403849, -37.810405091947025 ], [ 144.992522266857009, -37.810483433254454 ] ] } },
{ "type": "Feature", "properties": { "from_stop": "North Williamstown Station", "to_stop": "North Williamstown Railway Station", "minutes": 24.6, "tier": 30, "centre": "southern-cross", "MODE": "METRO TRAIN" }, "geometry": { "type": "LineString", "coordinates": [ [ 144.889051635607984, -37.857342263611599 ], [ 144.88893879, -37.85711314 ], [ 144.888936276919935, -37.85710798822268 ] ] } },
{ "type": "Feature", "properties": { "from_stop": "Newport Station", "to_stop": "North Williamstown Station", "minutes": 22.1, "tier": 30, "centre": "southern-cross", "MODE": "METRO TRAIN" }, "geometry": { "type": "LineString", "coordinates": [ [ 144.883604937779296, -37.842837459990363 ], [ 144.88362691, -37.84317621 ], [ 144.88363865, -37.84343352 ], [ 144.883661100000012, -37.84373329 ], [ 144.883666510000012, -37.84385828 ], [ 144.88367741, -37.8440133 ], [ 144.88370905, -37.84428611 ], [ 144.88378602, -37.84472591 ], [ 144.88388905, -37.84525215 ], [ 144.88404885, -37.8460265 ], [ 144.88413606, -37.84637502 ], [ 144.884309019999989, -37.84698713 ], [ 144.88449144, -37.84756319 ], [ 144.88466179, -37.84803647 ], [ 144.88501578, -37.84895147 ], [ 144.885242479999988, -37.84948948 ], [ 144.88555487, -37.85017042 ], [ 144.88741467, -37.85395868 ], [ 144.88785138, -37.85481694 ], [ 144.888966067421563, -37.857093342386257 ] ] } },
{ "type": "Feature", "properties": { "from_stop": "Northcote Station", "to_stop": "Northcote Railway Station", "minutes": 23.4, "tier": 30, "centre": "southern-cross", "MODE": "METRO TRAIN" }, "geometry": { "type": "LineString", "coordinates": [ [ 144.99529893, -37.76990179 ], [ 144.995277210000012, -37.76986537 ] ] } },
{ "type": "Feature", "properties": { "from_stop": "Bridge St/Railway St", "to_stop": "Northcote Station", "minutes": 23.4, "tier": 30, "centre": "southern-cross", "MODE": "METRO TRAIN" }, "geometry": { "type": "LineString", "coordinates": [ [ 144.99527231595502, -37.769887835071366 ], [ 144.99527181, -37.7698888 ], [ 144.9945734, -37.77122446 ], [ 144.994403080000012, -37.77158284 ], [ 144.994270910000012, -37.77190268 ], [ 144.99415359, -37.77229522 ], [ 144.99384387, -37.77381998 ], [ 144.993429350000014, -37.77576047 ], [ 144.99327327, -37.77656527 ], [ 144.9930448, -37.77764947 ], [ 144.993014994816662, -37.77780251562374 ] ] } },
{ "type": "Feature", "properties": { "from_stop": "Nunawading Station", "to_stop": "Nunawading Railway Station", "minutes": 36.0, "tier": 45, "centre": "southern-cross", "MODE": "METRO TRAIN" }, "geometry": { "type": "LineString", "coordinates": [ [ 145.174635046252234, -37.820484761711327 ], [ 145.174856543823751, -37.82043983585568 ] ] } },
{ "type": "Feature", "properties": { "from_stop": "Blackburn Station", "to_stop": "Nunawading Station", "minutes": 31.4, "tier": 45, "centre": "southern-cross", "MODE": "METRO TRAIN" }, "geometry": { "type": "LineString", "coordinates": [ [ 145.150068882102943, -37.820088283558142 ], [ 145.15007377, -37.82008836 ], [ 145.15095134, -37.8201035 ], [ 145.15125106, -37.82012082 ], [ 145.152268209999988, -37.82019248 ], [ 145.152834649999988, -37.82026103 ], [ 145.15313604, -37.82030253 ], [ 145.15387306, -37.82039618 ], [ 145.157929450000012, -37.82089751 ], [ 145.16087572, -37.82126539 ], [ 145.16254638, -37.82146558 ], [ 145.164035070000011, -37.82165516 ], [ 145.16458056, -37.82172207 ], [ 145.16498789, -37.82176636 ], [ 145.16549754, -37.82180286 ], [ 145.165813680000014, -37.82181347 ], [ 145.166155260000011, -37.82181527 ], [ 145.166636829999987, -37.8218024 ], [ 145.16696804, -37.82178278 ], [ 145.16726546000001, -37.82175569 ], [ 145.16764967, -37.82171039 ], [ 145.16783171, -37.82168591 ], [ 145.16888989, -37.82151961 ], [ 145.17070042, -37.82125044 ], [ 145.1713428, -37.82114768 ], [ 145.17463185, -37.82048541 ], [ 145.174635046252234, -37.820484761711327 ] ] } },
{ "type": "Feature", "properties": { "from_stop": "Oak Park Station", "to_stop": "Oak Park Railway Station", "minutes": 36.2, "tier": 45, "centre": "southern-cross", "MODE": "METRO TRAIN" }, "geometry": { "type": "LineString", "coordinates": [ [ 144.921513151271967, -37.717951511832524 ], [ 144.921561967560478, -37.718105446304591 ] ] } },
{ "type": "Feature", "properties": { "from_stop": "Pascoe Vale Railway Station", "to_stop": "Oak Park Station", "minutes": 36.2, "tier": 45, "centre": "southern-cross", "MODE": "METRO TRAIN" }, "geometry": { "type": "LineString", "coordinates": [ [ 144.928160534394067, -37.730763151743261 ], [ 144.928144800000013, -37.73068639 ], [ 144.92809212, -37.73045161 ], [ 144.92804092, -37.73023686 ], [ 144.927969499999989, -37.72996579 ], [ 144.927874440000011, -37.72965141 ], [ 144.92779277, -37.72939421 ], [ 144.92759414, -37.72883082 ], [ 144.92735528, -37.72827023 ], [ 144.927209330000011, -37.72796207 ], [ 144.92705676, -37.72764775 ], [ 144.9267061, -37.7270031 ], [ 144.92637973, -37.72648449 ], [ 144.92599519, -37.72592413 ], [ 144.92349647, -37.72239462 ], [ 144.92311337000001, -37.72182508 ], [ 144.92285024, -37.72138337 ], [ 144.92270944, -37.72112369 ], [ 144.92250446, -37.72072482 ], [ 144.922343649999988, -37.7203817 ], [ 144.922227060000012, -37.7201247 ], [ 144.92212213, -37.71986844 ], [ 144.92196295, -37.7194629 ], [ 144.921829089999989, -37.71907672 ], [ 144.92152307, -37.71812085 ], [ 144.921522500789735, -37.718119143854594 ] ] } },
{ "type": "Feature", "properties": { "from_stop": "Oakleigh Station", "to_stop": "Oakleigh Railway Station", "minutes": 55.4, "tier": 60, "centre": "southern-cross", "MODE": "METRO TRAIN" }, "geometry": { "type": "Point", "coordinates": [ 145.08830918000001, -37.90037442 ] } },
{ "type": "Feature", "properties": { "from_stop": "Hughesdale Railway Station", "to_stop": "Oakleigh Station", "minutes": 55.4, "tier": 60, "centre": "southern-cross", "MODE": "METRO TRAIN" }, "geometry": { "type": "LineString", "coordinates": [ [ 145.088301965032485, -37.900368979847705 ], [ 145.08648777, -37.89900106 ], [ 145.08620628, -37.8988084 ], [ 145.086004409999987, -37.89868139 ], [ 145.08579523, -37.89856011 ], [ 145.08549032, -37.89840222 ], [ 145.084261059999989, -37.8978406 ], [ 145.079798039999986, -37.89582689 ], [ 145.07925204, -37.89557854 ], [ 145.07851765, -37.89524942 ], [ 145.0782706, -37.8951422 ], [ 145.0773208, -37.89475297 ], [ 145.07692344, -37.89457913 ], [ 145.076165351467495, -37.894236593447772 ] ] } },
{ "type": "Feature", "properties": { "from_stop": "Glen Huntly Station", "to_stop": "Ormond Railway Station", "minutes": 33.8, "tier": 45, "centre": "southern-cross", "MODE": "METRO TRAIN" }, "geometry": { "type": "LineString", "coordinates": [ [ 145.039529527957228, -37.903195400125995 ], [ 145.03982854, -37.90165361 ], [ 145.039899209999987, -37.90130053 ], [ 145.04007496, -37.90045492 ], [ 145.04038605, -37.89884528 ], [ 145.040540240000013, -37.89806121 ], [ 145.04066068, -37.89750359 ], [ 145.040921700000013, -37.89618177 ], [ 145.04107903, -37.89536891 ], [ 145.04127549, -37.89437557 ], [ 145.0415085, -37.89313997 ], [ 145.04168277, -37.89219808 ], [ 145.04179546, -37.89140863 ], [ 145.041926749999988, -37.89035023 ], [ 145.041954564909759, -37.890184450338282 ] ] } },
{ "type": "Feature", "properties": { "from_stop": "Ormond Railway Station", "to_stop": "Ormond Station", "minutes": 32.0, "tier": 45, "centre": "southern-cross", "MODE": "METRO TRAIN" }, "geometry": { "type": "LineString", "coordinates": [ [ 145.03970292396977, -37.903230862888904 ], [ 145.0396577, -37.90344176 ], [ 145.03951446, -37.90418924 ], [ 145.039508952459045, -37.904217110196164 ] ] } },
{ "type": "Feature", "properties": { "from_stop": "Pakenham Railway Station", "to_stop": "Pakenham Station", "minutes": 53.8, "tier": 60, "centre": "southern-cross", "MODE": "METRO TRAIN" }, "geometry": { "type": "LineString", "coordinates": [ [ 145.486384102131836, -38.080588804704369 ], [ 145.486486338123257, -38.080609248135438 ] ] } },
{ "type": "Feature", "properties": { "from_stop": "Parkdale Station", "to_stop": "Parkdale Railway Station", "minutes": 45.4, "tier": 60, "centre": "southern-cross", "MODE": "METRO TRAIN" }, "geometry": { "type": "LineString", "coordinates": [ [ 145.076270308390093, -37.993143811638149 ], [ 145.076004043654365, -37.992912288794543 ] ] } },
{ "type": "Feature", "properties": { "from_stop": "Mentone Station", "to_stop": "Parkdale Station", "minutes": 42.0, "tier": 45, "centre": "southern-cross", "MODE": "METRO TRAIN" }, "geometry": { "type": "LineString", "coordinates": [ [ 145.066386211655043, -37.98357250319404 ], [ 145.06639635, -37.9835866 ], [ 145.06703238, -37.98447073 ], [ 145.06731105, -37.98483281 ], [ 145.067642869999986, -37.98523532 ], [ 145.06791239, -37.9855474 ], [ 145.06811173, -37.9857438 ], [ 145.06870235, -37.98635954 ], [ 145.06900097, -37.98665173 ], [ 145.0697539, -37.98733114 ], [ 145.070542640000014, -37.98802609 ], [ 145.076109046654466, -37.992789748958359 ] ] } },
{ "type": "Feature", "properties": { "from_stop": "Flinders Street Railway Station", "to_stop": "Parliament Railway Station", "minutes": 13.4, "tier": 15, "centre": "southern-cross", "MODE": "METRO TRAIN" }, "geometry": { "type": "LineString", "coordinates": [ [ 144.973080511722429, -37.811355297549447 ], [ 144.97328421, -37.81178377 ], [ 144.97418389, -37.81347769 ], [ 144.97432885, -37.81374342 ], [ 144.974430649999988, -37.81395442 ], [ 144.97450899, -37.81410969 ], [ 144.974533189999988, -37.81416769 ], [ 144.97456073, -37.81424918 ], [ 144.974597460000012, -37.81441401 ], [ 144.97460959, -37.81456868 ], [ 144.97460694, -37.81474878 ], [ 144.97458821, -37.81487697 ], [ 144.97454475, -37.81503311 ], [ 144.974454189999989, -37.8152418 ], [ 144.97434564, -37.815419 ], [ 144.97424221, -37.81554969 ], [ 144.97407185, -37.81571888 ], [ 144.97390729, -37.81584609 ], [ 144.97374192, -37.81595292 ], [ 144.9734814, -37.81607911 ], [ 144.97324624, -37.81615851 ], [ 144.97287577, -37.81626352 ], [ 144.971316519999988, -37.81668689 ], [ 144.970772649999986, -37.81684297 ], [ 144.97061484, -37.81689342 ], [ 144.97048747, -37.81694016 ], [ 144.970258589999986, -37.81703481 ], [ 144.96996776, -37.81714316 ], [ 144.96922686, -37.81735874 ], [ 144.96903875000001, -37.81741624 ], [ 144.96817998, -37.81766772 ], [ 144.9679899, -37.817714 ], [ 144.96781415, -37.81774332 ], [ 144.96768746, -37.81776934 ], [ 144.967497689999988, -37.81781266 ], [ 144.96709669, -37.81789108 ], [ 144.966878742253272, -37.817942537216972 ] ] } },
{ "type": "Feature", "properties": { "from_stop": "Melbourne Central Railway Station", "to_stop": "Parliament Station", "minutes": 7.4, "tier": 15, "centre": "southern-cross", "MODE": "METRO TRAIN" }, "geometry": { "type": "LineString", "coordinates": [ [ 144.962619747759334, -37.809990065703332 ], [ 144.96836239000001, -37.80832053 ], [ 144.96865506, -37.80825177 ], [ 144.96889638, -37.80821628 ], [ 144.96914052, -37.80819391 ], [ 144.969400799999988, -37.80818767 ], [ 144.9696343, -37.80819701 ], [ 144.96989403, -37.8082233 ], [ 144.970141899999987, -37.8082638 ], [ 144.97036892, -37.80831926 ], [ 144.970626149999987, -37.80839552 ], [ 144.97086797, -37.80849098 ], [ 144.971126739999988, -37.80861493 ], [ 144.97137075, -37.80875909 ], [ 144.9715717, -37.80890394 ], [ 144.971766550000012, -37.80907204 ], [ 144.97194549, -37.80925743 ], [ 144.972117739999987, -37.8094755 ], [ 144.97226808, -37.80972664 ], [ 144.97261795, -37.81043198 ], [ 144.97287985, -37.81096899 ], [ 144.972903475507167, -37.811018722641663 ] ] } },
{ "type": "Feature", "properties": { "from_stop": "Pascoe Vale Station", "to_stop": "Pascoe Vale Railway Station", "minutes": 36.6, "tier": 45, "centre": "southern-cross", "MODE": "METRO TRAIN" }, "geometry": { "type": "LineString", "coordinates": [ [ 144.92825154920726, -37.731256861444088 ], [ 144.928171569999989, -37.73081699 ], [ 144.928160534394067, -37.730763151743261 ] ] } },
{ "type": "Feature", "properties": { "from_stop": "Strathmore Railway Station", "to_stop": "Pascoe Vale Station", "minutes": 34.2, "tier": 45, "centre": "southern-cross", "MODE": "METRO TRAIN" }, "geometry": { "type": "LineString", "coordinates": [ [ 144.927312278072776, -37.743587435014788 ], [ 144.92743436, -37.74347959 ], [ 144.927683769999987, -37.74320813 ], [ 144.92785674000001, -37.74301192 ], [ 144.928096900000014, -37.74271812 ], [ 144.92833826, -37.74238938 ], [ 144.92854209, -37.74207548 ], [ 144.928774049999987, -37.74166402 ], [ 144.928929649999986, -37.74132989 ], [ 144.92900076, -37.74116866 ], [ 144.92917785, -37.74065747 ], [ 144.92928643, -37.74029593 ], [ 144.92936963, -37.73987168 ], [ 144.92942456, -37.73948883 ], [ 144.92944999, -37.73902012 ], [ 144.92944326, -37.73869134 ], [ 144.9294219, -37.73836249 ], [ 144.9293763, -37.73799526 ], [ 144.92932152, -37.73762374 ], [ 144.92922275, -37.73704281 ], [ 144.92917054, -37.73671738 ], [ 144.9290971, -37.73631119 ], [ 144.92891572, -37.73520919 ], [ 144.928843269999987, -37.73478373 ], [ 144.92876693, -37.73430647 ], [ 144.928693149999987, -37.73386756 ], [ 144.92864505, -37.73361078 ], [ 144.928256080000011, -37.73128178 ], [ 144.92825154920726, -37.731256861444088 ] ] } },
{ "type": "Feature", "properties": { "from_stop": "Patterson Station", "to_stop": "Patterson Railway Station", "minutes": 41.0, "tier": 45, "centre": "southern-cross", "MODE": "METRO TRAIN" }, "geometry": { "type": "LineString", "coordinates": [ [ 145.035428839393347, -37.925141516440959 ], [ 145.035480580000012, -37.92486378 ], [ 145.035480730974484, -37.924862957960251 ] ] } },
{ "type": "Feature", "properties": { "from_stop": "Bentleigh Railway Station", "to_stop": "Patterson Station", "minutes": 38.0, "tier": 45, "centre": "southern-cross", "MODE": "METRO TRAIN" }, "geometry": { "type": "LineString", "coordinates": [ [ 145.03706535395898, -37.917437118413737 ], [ 145.03697792, -37.91792642 ], [ 145.03689676, -37.91834357 ], [ 145.03671341, -37.91904838 ], [ 145.03663361, -37.91937552 ], [ 145.03658506, -37.91961866 ], [ 145.03614133, -37.92205866 ], [ 145.03583117, -37.92373209 ], [ 145.03579417, -37.92396001 ], [ 145.035756709999987, -37.92423037 ], [ 145.035651317145494, -37.924891184774971 ] ] } },
{ "type": "Feature", "properties": { "from_stop": "South Yarra Railway Station", "to_stop": "Prahran Railway Station", "minutes": 22.9, "tier": 30, "centre": "southern-cross", "MODE": "METRO TRAIN" }, "geometry": { "type": "LineString", "coordinates": [ [ 144.992169587311594, -37.838409930460969 ], [ 144.99179532, -37.84004889 ], [ 144.991671919999987, -37.84062273 ], [ 144.99126779, -37.84257166 ], [ 144.991085379999987, -37.84348558 ], [ 144.99101567, -37.84381818 ], [ 144.990913760000012, -37.84433201 ], [ 144.990515929999987, -37.84629429 ], [ 144.99047619000001, -37.84647727 ], [ 144.99004973000001, -37.84859325 ], [ 144.98996885, -37.84901857 ], [ 144.989886153615117, -37.849522782599998 ] ] } },
{ "type": "Feature", "properties": { "from_stop": "Prahran Railway Station", "to_stop": "Prahran Station", "minutes": 24.9, "tier": 30, "centre": "southern-cross", "MODE": "METRO TRAIN" }, "geometry": { "type": "LineString", "coordinates": [ [ 144.989814957567546, -37.849712904594597 ], [ 144.98981539, -37.84971031 ], [ 144.989847080179715, -37.849516381820088 ] ] } },
{ "type": "Feature", "properties": { "from_stop": "Kiss & Ride 1", "to_stop": "Preston Railway Station", "minutes": 31.6, "tier": 45, "centre": "southern-cross", "MODE": "METRO TRAIN" }, "geometry": { "type": "LineString", "coordinates": [ [ 145.00032595, -37.73921163 ], [ 145.00052198, -37.73867424 ] ] } },
{ "type": "Feature", "properties": { "from_stop": "Kiss & Ride 1", "to_stop": "Preston Station", "minutes": 30.4, "tier": 45, "centre": "southern-cross", "MODE": "METRO TRAIN" }, "geometry": { "type": "LineString", "coordinates": [ [ 145.00032595, -37.73921163 ], [ 145.00058495, -37.73886456 ] ] } },
{ "type": "Feature", "properties": { "from_stop": "Herbert St", "to_stop": "Railway Parade", "minutes": 27.8, "tier": 30, "centre": "southern-cross", "MODE": "METRO TRAIN" }, "geometry": { "type": "LineString", "coordinates": [ [ 144.995445628833409, -37.769466196569802 ], [ 144.99563823, -37.76910001 ], [ 144.99569685, -37.76894726 ], [ 144.995850100000013, -37.7686113 ], [ 144.995984240000013, -37.76828483 ], [ 144.996155929999986, -37.76785437 ], [ 144.99631954, -37.76739529 ], [ 144.99635305000001, -37.76726393 ], [ 144.99642405, -37.7669554 ], [ 144.99652085, -37.76656962 ], [ 144.99653622, -37.76648788 ], [ 144.99655671, -37.76640622 ], [ 144.996741899999989, -37.76553792 ], [ 144.99684252, -37.76511598 ], [ 144.99688002, -37.76494206 ], [ 144.9969136, -37.76476194 ], [ 144.996917605763855, -37.764737831228835 ] ] } },
{ "type": "Feature", "properties": { "from_stop": "Bell Railway Station", "to_stop": "Railway Pl", "minutes": 28.4, "tier": 30, "centre": "southern-cross", "MODE": "METRO TRAIN" }, "geometry": { "type": "LineString", "coordinates": [ [ 145.00015503, -37.74556212 ], [ 145.000230749999986, -37.74612214 ] ] } },
{ "type": "Feature", "properties": { "from_stop": "Clifton Hill Railway Station", "to_stop": "Ramp", "minutes": 20.2, "tier": 30, "centre": "southern-cross", "MODE": "METRO TRAIN" }, "geometry": { "type": "LineString", "coordinates": [ [ 144.9954167, -37.78865745 ], [ 144.99572593, -37.78814003 ] ] } },
{ "type": "Feature", "properties": { "from_stop": "Regent Station", "to_stop": "Regent Railway Station", "minutes": 33.4, "tier": 45, "centre": "southern-cross", "MODE": "METRO TRAIN" }, "geometry": { "type": "LineString", "coordinates": [ [ 145.00280441000001, -37.72848442 ], [ 145.002772560000011, -37.72840277 ] ] } },
{ "type": "Feature", "properties": { "from_stop": "Bike & Ride 1", "to_stop": "Regent Station", "minutes": 33.4, "tier": 45, "centre": "southern-cross", "MODE": "METRO TRAIN" }, "geometry": { "type": "LineString", "coordinates": [ [ 145.000502249381299, -37.738522720444728 ], [ 145.00077384, -37.73727202 ], [ 145.000923160000013, -37.73652179 ], [ 145.00107125, -37.73603234 ], [ 145.0013444, -37.7348885 ], [ 145.00152406, -37.73402622 ], [ 145.00165875, -37.73343543 ], [ 145.00200693, -37.73180838 ], [ 145.00216788, -37.73106798 ], [ 145.00231588, -37.73040784 ], [ 145.00237303, -37.7301262 ], [ 145.00255887, -37.72924861 ], [ 145.002645339999987, -37.72887672 ], [ 145.002734952905712, -37.728469148443523 ] ] } },
{ "type": "Feature", "properties": { "from_stop": "Regent Railway Station", "to_stop": "Reservoir Railway Station", "minutes": 36.4, "tier": 45, "centre": "southern-cross", "MODE": "METRO TRAIN" }, "geometry": { "type": "LineString", "coordinates": [ [ 145.007042911213375, -37.716912897438569 ], [ 145.00679084, -37.71733718 ], [ 145.00648736, -37.71787097 ], [ 145.00586057000001, -37.71891954 ], [ 145.00532242, -37.71975503 ], [ 145.00490373, -37.72044628 ], [ 145.004719709999989, -37.72079724 ], [ 145.0045671, -37.72111936 ], [ 145.0043954, -37.721531 ], [ 145.00427613, -37.72184917 ], [ 145.00406154, -37.72255667 ], [ 145.00385096, -37.72348277 ], [ 145.00351032, -37.72505166 ], [ 145.00293656, -37.7277676 ], [ 145.00285046, -37.72813418 ], [ 145.002790685053299, -37.728406744921237 ] ] } },
{ "type": "Feature", "properties": { "from_stop": "Reservoir Railway Station", "to_stop": "Reservoir Station", "minutes": 36.4, "tier": 45, "centre": "southern-cross", "MODE": "METRO TRAIN" }, "geometry": { "type": "LineString", "coordinates": [ [ 145.006886279339795, -37.716820650242866 ], [ 145.00698337, -37.71665517 ] ] } },
{ "type": "Feature", "properties": { "from_stop": "Richmond Station", "to_stop": "Richmond Railway Station", "minutes": 11.7, "tier": 15, "centre": "southern-cross", "MODE": "METRO TRAIN" }, "geometry": { "type": "LineString", "coordinates": [ [ 144.98923825, -37.82385155 ], [ 144.989224136842296, -37.823847714170618 ] ] } },
{ "type": "Feature", "properties": { "from_stop": "Flinders Street Railway Station", "to_stop": "Richmond Station", "minutes": 11.7, "tier": 15, "centre": "southern-cross", "MODE": "METRO TRAIN" }, "geometry": { "type": "LineString", "coordinates": [ [ 144.989191527180282, -37.823967214216921 ], [ 144.98872411, -37.82384079 ], [ 144.98803222, -37.82364882 ], [ 144.98793178, -37.82362404 ], [ 144.98652349, -37.82323462 ], [ 144.98621902, -37.82314254 ], [ 144.98593612, -37.82304714 ], [ 144.98552701, -37.82290523 ], [ 144.98533792, -37.82281089 ], [ 144.98516222, -37.82273777 ], [ 144.98480552, -37.82261172 ], [ 144.98443939, -37.82246451 ], [ 144.98381576, -37.82219429 ], [ 144.98351004, -37.82205658 ], [ 144.98320289, -37.82190506 ], [ 144.98302848, -37.82180979 ], [ 144.98231782, -37.82139866 ], [ 144.982158160000012, -37.82130022 ], [ 144.982014709999987, -37.82120701 ], [ 144.9818631, -37.82109682 ], [ 144.98175314, -37.8210131 ], [ 144.98134547, -37.82067727 ], [ 144.981215350000014, -37.8205788 ], [ 144.98101424, -37.82044207 ], [ 144.98082241, -37.82032352 ], [ 144.98057695, -37.82018052 ], [ 144.980253839999989, -37.8200353 ], [ 144.979341799999986, -37.81961583 ], [ 144.97850904, -37.81922593 ], [ 144.978286379999986, -37.81911793 ], [ 144.97807047, -37.8190077 ], [ 144.9777862, -37.81885944 ], [ 144.97724972, -37.8185532 ], [ 144.976251889999986, -37.81795678 ], [ 144.97601459, -37.81781896 ], [ 144.97573963, -37.81767924 ], [ 144.97549418, -37.8175658 ], [ 144.97529706, -37.81749167 ], [ 144.97507848, -37.81741753 ], [ 144.97483039, -37.81734234 ], [ 144.97460367, -37.81728301 ], [ 144.974472279999986, -37.81725651 ], [ 144.974358630000012, -37.81722932 ], [ 144.97406733, -37.8171971 ], [ 144.97380166, -37.81717486 ], [ 144.973505429999989, -37.81716111 ], [ 144.97312448, -37.81715483 ], [ 144.972944790000014, -37.81715804 ], [ 144.97271951, -37.81717489 ], [ 144.972452589999989, -37.8172067 ], [ 144.972136049999989, -37.8172628 ], [ 144.971790090000013, -37.81734335 ], [ 144.97146429, -37.81742624 ], [ 144.97077085, -37.81762201 ], [ 144.97055008000001, -37.81768183 ], [ 144.96773284, -37.81849206 ], [ 144.96714412, -37.8186551 ], [ 144.967063916651313, -37.818676597388723 ] ] } },
{ "type": "Feature", "properties": { "from_stop": "Ringwood Station", "to_stop": "Ringwood East Railway Station", "minutes": 43.9, "tier": 45, "centre": "southern-cross", "MODE": "METRO TRAIN" }, "geometry": { "type": "LineString", "coordinates": [ [ 145.22929689, -37.8157101 ], [ 145.23016551, -37.81532888 ], [ 145.23035927, -37.81525924 ], [ 145.230441250000013, -37.81522731 ], [ 145.23063406, -37.81515982 ], [ 145.23108346, -37.81496461 ], [ 145.2317813, -37.81464606 ], [ 145.23211605, -37.81450437 ], [ 145.232970920000014, -37.81413121 ], [ 145.233520739999989, -37.81395002 ], [ 145.23383322, -37.81386531 ], [ 145.23412294, -37.8138017 ], [ 145.23457041, -37.81375353 ], [ 145.23487035, -37.81373793 ], [ 145.23518583, -37.81373716 ], [ 145.235470819999989, -37.81375243 ], [ 145.23577823, -37.81377578 ], [ 145.2369392, -37.81387157 ], [ 145.23870015, -37.81404121 ], [ 145.23950609, -37.81411004 ], [ 145.240249049999989, -37.81415242 ], [ 145.24063257, -37.81415662 ], [ 145.24105502, -37.81414824 ], [ 145.24166524, -37.81411112 ], [ 145.24236851, -37.814026 ], [ 145.242787420000013, -37.81395601 ], [ 145.24320903, -37.81386803 ], [ 145.24365484, -37.81376023 ], [ 145.24415772, -37.81361731 ], [ 145.24497541, -37.81337716 ], [ 145.245952069999987, -37.81302429 ], [ 145.24653053, -37.81280228 ], [ 145.24686803, -37.81268249 ], [ 145.24738211, -37.81252153 ], [ 145.24865336, -37.81213751 ], [ 145.25002156, -37.81174581 ], [ 145.250115883102751, -37.811717557453697 ] ] } },
{ "type": "Feature", "properties": { "from_stop": "Ringwood East Railway Station", "to_stop": "Ringwood East Station", "minutes": 41.4, "tier": 45, "centre": "southern-cross", "MODE": "METRO TRAIN" }, "geometry": { "type": "LineString", "coordinates": [ [ 145.250115883102751, -37.811717557453697 ], [ 145.250805430147977, -37.811511017812229 ] ] } },
{ "type": "Feature", "properties": { "from_stop": "Heatherdale Station", "to_stop": "Ringwood Railway Station", "minutes": 39.4, "tier": 45, "centre": "southern-cross", "MODE": "METRO TRAIN" }, "geometry": { "type": "LineString", "coordinates": [ [ 145.214587478057865, -37.818757431327562 ], [ 145.21459403, -37.81875705 ], [ 145.21547369000001, -37.81870487 ], [ 145.21760692, -37.81857027 ], [ 145.218668760000014, -37.81849126 ], [ 145.22034573, -37.81839486 ], [ 145.22139654, -37.81832071 ], [ 145.22234623, -37.8182379 ], [ 145.22290956, -37.81816367 ], [ 145.22331184, -37.81808737 ], [ 145.22373833, -37.81799206 ], [ 145.22413795, -37.81787976 ], [ 145.224644930000011, -37.81770599 ], [ 145.224926540000013, -37.81760218 ], [ 145.225205530000011, -37.81749409 ], [ 145.22557027, -37.81733954 ], [ 145.22629175, -37.81701741 ], [ 145.22707232, -37.81668472 ], [ 145.22743003, -37.81652942 ], [ 145.22776855, -37.81637806 ], [ 145.22853238, -37.81604638 ], [ 145.228956697314942, -37.815859738325365 ] ] } },
{ "type": "Feature", "properties": { "from_stop": "Ringwood Railway Station", "to_stop": "Ringwood Station", "minutes": 39.7, "tier": 45, "centre": "southern-cross", "MODE": "METRO TRAIN" }, "geometry": { "type": "Point", "coordinates": [ 145.22929689, -37.8157101 ] } },
{ "type": "Feature", "properties": { "from_stop": "Ripponlea Station", "to_stop": "Ripponlea Railway Station", "minutes": 29.0, "tier": 30, "centre": "southern-cross", "MODE": "METRO TRAIN" }, "geometry": { "type": "LineString", "coordinates": [ [ 144.99518039075528, -37.875783985781169 ], [ 144.99519282, -37.87580881 ], [ 144.99526688365745, -37.875956308862385 ] ] } },
{ "type": "Feature", "properties": { "from_stop": "Balaclava Station", "to_stop": "Ripponlea Station", "minutes": 26.4, "tier": 30, "centre": "southern-cross", "MODE": "METRO TRAIN" }, "geometry": { "type": "LineString", "coordinates": [ [ 144.993521670053156, -37.869644919840923 ], [ 144.99340024, -37.87031319 ], [ 144.993353109999987, -37.87066763 ], [ 144.993336770000013, -37.87087993 ], [ 144.9933342, -37.87111311 ], [ 144.99333667, -37.87127338 ], [ 144.99334658, -37.87145289 ], [ 144.993365579999988, -37.87162398 ], [ 144.99339018, -37.87178986 ], [ 144.99341973, -37.87193698 ], [ 144.99345929, -37.8721087 ], [ 144.99353409, -37.87236861 ], [ 144.9935784, -37.87249967 ], [ 144.99363172, -37.87264198 ], [ 144.99369844, -37.87280163 ], [ 144.99376012, -37.87293759 ], [ 144.99390168, -37.87323009 ], [ 144.99518039075528, -37.875783985781169 ] ] } },
{ "type": "Feature", "properties": { "from_stop": "East Camberwell Station", "to_stop": "Riversdale Railway Station", "minutes": 26.4, "tier": 30, "centre": "southern-cross", "MODE": "METRO TRAIN" }, "geometry": { "type": "LineString", "coordinates": [ [ 145.068161084941124, -37.82624260792867 ], [ 145.06820251, -37.82625162 ], [ 145.068294720000011, -37.8262753 ], [ 145.06846299, -37.82632718 ], [ 145.06853145, -37.82635092 ], [ 145.06862694, -37.82638818 ], [ 145.06873055, -37.82643196 ], [ 145.068823149999986, -37.82647548 ], [ 145.06891149, -37.82652099 ], [ 145.06907254, -37.82661492 ], [ 145.06916435, -37.82667564 ], [ 145.06923027, -37.82672259 ], [ 145.069310660000014, -37.82678564 ], [ 145.0693999, -37.82686217 ], [ 145.06946592, -37.82692264 ], [ 145.06953908, -37.82699693 ], [ 145.06961956, -37.82708702 ], [ 145.06968773, -37.82717438 ], [ 145.06973235000001, -37.82723648 ], [ 145.06977738, -37.82730499 ], [ 145.06983395, -37.82740108 ], [ 145.06987751, -37.82748669 ], [ 145.06991975, -37.82757939 ], [ 145.06994441, -37.82764026 ], [ 145.069989819999989, -37.82777664 ], [ 145.07001066, -37.82784898 ], [ 145.07002773, -37.82792208 ], [ 145.07005676, -37.82808982 ], [ 145.070067310000013, -37.82819534 ], [ 145.070071649999988, -37.82826399 ], [ 145.0700728, -37.82834638 ], [ 145.07006995, -37.82842987 ], [ 145.07005935, -37.82854451 ], [ 145.070044270000011, -37.82866087 ], [ 145.070018620000013, -37.82882564 ], [ 145.07000714, -37.82900001 ], [ 145.07000686, -37.8290503 ], [ 145.070001170000012, -37.82915077 ], [ 145.069989209999989, -37.82928702 ], [ 145.06993565, -37.82963769 ], [ 145.069803510000014, -37.83070136 ], [ 145.06976063, -37.83101707 ], [ 145.06973575, -37.83116536 ] ] } },
{ "type": "Feature", "properties": { "from_stop": "East Camberwell Station", "to_stop": "Riversdale Station", "minutes": 24.4, "tier": 30, "centre": "southern-cross", "MODE": "METRO TRAIN" }, "geometry": { "type": "LineString", "coordinates": [ [ 145.069663812221989, -37.831305487349383 ], [ 145.069664069999988, -37.83130395 ], [ 145.069677399999989, -37.83124587 ], [ 145.06976954000001, -37.83062294 ], [ 145.069822679999987, -37.83017079 ], [ 145.06989034, -37.82963218 ], [ 145.069934679999989, -37.8293392 ], [ 145.070044270000011, -37.82866087 ], [ 145.07005935, -37.82854451 ], [ 145.07006995, -37.82842987 ], [ 145.0700728, -37.82834638 ], [ 145.070071649999988, -37.82826399 ], [ 145.070067310000013, -37.82819534 ], [ 145.07005676, -37.82808982 ], [ 145.07002773, -37.82792208 ], [ 145.07001066, -37.82784898 ], [ 145.069989819999989, -37.82777664 ], [ 145.06994441, -37.82764026 ], [ 145.06991975, -37.82757939 ], [ 145.06987751, -37.82748669 ], [ 145.06983395, -37.82740108 ], [ 145.06977738, -37.82730499 ], [ 145.06973235000001, -37.82723648 ], [ 145.06968773, -37.82717438 ], [ 145.06961956, -37.82708702 ], [ 145.06953908, -37.82699693 ], [ 145.06946592, -37.82692264 ], [ 145.0693999, -37.82686217 ], [ 145.069310660000014, -37.82678564 ], [ 145.06923027, -37.82672259 ], [ 145.06916435, -37.82667564 ], [ 145.06907254, -37.82661492 ], [ 145.06891149, -37.82652099 ], [ 145.068823149999986, -37.82647548 ], [ 145.06873055, -37.82643196 ], [ 145.06862694, -37.82638818 ], [ 145.06853145, -37.82635092 ], [ 145.06846299, -37.82632718 ], [ 145.068294720000011, -37.8262753 ], [ 145.06820251, -37.82625162 ], [ 145.068161084941124, -37.82624260792867 ] ] } },
{ "type": "Feature", "properties": { "from_stop": "Regent Railway Station", "to_stop": "Robinson Rd", "minutes": 35.3, "tier": 45, "centre": "southern-cross", "MODE": "METRO TRAIN" }, "geometry": { "type": "LineString", "coordinates": [ [ 145.002772560000011, -37.72840277 ], [ 145.00307684, -37.72848002 ] ] } },
{ "type": "Feature", "properties": { "from_stop": "Rosanna Station", "to_stop": "Rosanna Railway Station", "minutes": 50.2, "tier": 60, "centre": "southern-cross", "MODE": "METRO TRAIN" }, "geometry": { "type": "LineString", "coordinates": [ [ 145.066227876659525, -37.743173397614164 ], [ 145.06622558, -37.74316415 ], [ 145.066153905824478, -37.742875222327697 ] ] } },
{ "type": "Feature", "properties": { "from_stop": "Heidelberg Station", "to_stop": "Rosanna Station", "minutes": 49.5, "tier": 60, "centre": "southern-cross", "MODE": "METRO TRAIN" }, "geometry": { "type": "LineString", "coordinates": [ [ 145.060766633189331, -37.757029067896127 ], [ 145.06119795, -37.7567016 ], [ 145.06144991, -37.75654597 ], [ 145.06193165, -37.75626713 ], [ 145.06242559, -37.75591658 ], [ 145.06278053, -37.75564656 ], [ 145.06411355, -37.75461921 ], [ 145.06440801, -37.75439577 ], [ 145.06526274, -37.75372328 ], [ 145.06545684, -37.75354433 ], [ 145.065553279999989, -37.75344543 ], [ 145.06563155, -37.75336029 ], [ 145.06574174, -37.75323467 ], [ 145.06583536, -37.75311347 ], [ 145.06593777, -37.75296852 ], [ 145.06602117, -37.75284282 ], [ 145.06610994, -37.75269009 ], [ 145.06615595, -37.75260099 ], [ 145.06623607, -37.75243171 ], [ 145.06630525, -37.75225936 ], [ 145.06633561000001, -37.75217443 ], [ 145.066385849999989, -37.75201024 ], [ 145.06641556, -37.75188943 ], [ 145.06644061, -37.75176863 ], [ 145.06645831, -37.75166853 ], [ 145.06647812, -37.75153079 ], [ 145.066508019999986, -37.75124984 ], [ 145.066825630000011, -37.7474282 ], [ 145.066841610000012, -37.74712809 ], [ 145.066846700000013, -37.74681032 ], [ 145.06684131, -37.7464767 ], [ 145.0668302, -37.74625806 ], [ 145.066810940000011, -37.74600839 ], [ 145.06678725, -37.74576729 ], [ 145.066751649999986, -37.7454867 ], [ 145.06671775, -37.74527148 ], [ 145.06667717, -37.74504741 ], [ 145.06662431, -37.74479754 ], [ 145.06643914, -37.74402406 ], [ 145.066227876659525, -37.743173397614164 ] ] } },
{ "type": "Feature", "properties": { "from_stop": "Coolaroo Railway Station", "to_stop": "Roxburgh Park Railway Station", "minutes": 51.1, "tier": 60, "centre": "southern-cross", "MODE": "METRO TRAIN" }, "geometry": { "type": "LineString", "coordinates": [ [ 144.935487310736249, -37.638248169995947 ], [ 144.93530986, -37.63912319 ], [ 144.935197249999987, -37.63970312 ], [ 144.9350765, -37.64026173 ], [ 144.934927640000012, -37.64102081 ], [ 144.9348028, -37.64160837 ], [ 144.93463748, -37.64245034 ], [ 144.93452671, -37.642992 ], [ 144.934059850000011, -37.64532504 ], [ 144.933941909999987, -37.64589199 ], [ 144.93382625000001, -37.6463237 ], [ 144.933678570000012, -37.64681434 ], [ 144.933514980000012, -37.64729433 ], [ 144.93331389, -37.6477615 ], [ 144.93308947, -37.6482398 ], [ 144.932839159999986, -37.64869168 ], [ 144.93250655, -37.64924171 ], [ 144.9307953, -37.6519451 ], [ 144.928979, -37.65482299 ], [ 144.92865584, -37.65532838 ], [ 144.92750153, -37.65716896 ], [ 144.9273373, -37.65743707 ], [ 144.92721087000001, -37.65765879 ], [ 144.92699925, -37.65805772 ], [ 144.92689327, -37.65827728 ], [ 144.9267753, -37.65854124 ], [ 144.92665582, -37.65883049 ], [ 144.926569519999987, -37.65905986 ], [ 144.92643403, -37.65946437 ], [ 144.92632857000001, -37.65983218 ], [ 144.92623912, -37.66021127 ], [ 144.92619187, -37.66043898 ], [ 144.926057482893185, -37.661113657368546 ] ] } },
{ "type": "Feature", "properties": { "from_stop": "Roxburgh Park Railway Station", "to_stop": "Roxburgh Park Station", "minutes": 49.2, "tier": 60, "centre": "southern-cross", "MODE": "METRO TRAIN" }, "geometry": { "type": "LineString", "coordinates": [ [ 144.935341327441478, -37.638218718477823 ], [ 144.935381080000013, -37.63802029 ], [ 144.935391227934417, -37.637969654909952 ] ] } },
{ "type": "Feature", "properties": { "from_stop": "Flemington Bridge Railway Station", "to_stop": "Royal Park Railway Station", "minutes": 23.2, "tier": 30, "centre": "southern-cross", "MODE": "METRO TRAIN" }, "geometry": { "type": "LineString", "coordinates": [ [ 144.9523012918186, -37.781197773030456 ], [ 144.95143185, -37.78120169 ], [ 144.951304240000013, -37.78120533 ], [ 144.9509181, -37.78124151 ], [ 144.95028512, -37.78134332 ], [ 144.94959787, -37.78152277 ], [ 144.94947978, -37.78155983 ], [ 144.94880716, -37.78181811 ], [ 144.948144680000013, -37.7821446 ], [ 144.94766998, -37.78243498 ], [ 144.94716295, -37.78280599 ], [ 144.94671779, -37.78318538 ], [ 144.94630738, -37.78356492 ], [ 144.94535523, -37.78449338 ], [ 144.944904619999988, -37.78491312 ], [ 144.94433865, -37.78538583 ], [ 144.94379948, -37.78578429 ], [ 144.942780950000014, -37.78645932 ], [ 144.942487340000014, -37.78663416 ], [ 144.94209741, -37.7868548 ], [ 144.94190828, -37.78694729 ], [ 144.94091695, -37.78739389 ], [ 144.94007832, -37.78776322 ], [ 144.93950475, -37.78805796 ], [ 144.939336379364022, -37.788161293898597 ] ] } },
{ "type": "Feature", "properties": { "from_stop": "Royal Park Railway Station", "to_stop": "Royal Park Station", "minutes": 23.2, "tier": 30, "centre": "southern-cross", "MODE": "METRO TRAIN" }, "geometry": { "type": "LineString", "coordinates": [ [ 144.952301155054613, -37.781164553773671 ], [ 144.95231443, -37.7811645 ], [ 144.952333627243291, -37.781164385409433 ] ] } },
{ "type": "Feature", "properties": { "from_stop": "Falconer St", "to_stop": "Rushall Railway Station", "minutes": 20.4, "tier": 30, "centre": "southern-cross", "MODE": "METRO TRAIN" }, "geometry": { "type": "LineString", "coordinates": [ [ 144.991688759999988, -37.78290747 ], [ 144.99240708, -37.78321711 ] ] } },
{ "type": "Feature", "properties": { "from_stop": "Rushall Station Brg", "to_stop": "Rushall Station", "minutes": 20.4, "tier": 30, "centre": "southern-cross", "MODE": "METRO TRAIN" }, "geometry": { "type": "LineString", "coordinates": [ [ 144.992648339999988, -37.78311308 ], [ 144.992431, -37.78317246 ] ] } },
{ "type": "Feature", "properties": { "from_stop": "Ramp", "to_stop": "Rushall Station Brg", "minutes": 22.4, "tier": 30, "centre": "southern-cross", "MODE": "METRO TRAIN" }, "geometry": { "type": "LineString", "coordinates": [ [ 144.995471642836065, -37.788097181405256 ], [ 144.995562729999989, -37.78755662 ], [ 144.99563616, -37.78715468 ], [ 144.995681319999989, -37.78689104 ], [ 144.99569374, -37.78675526 ], [ 144.99569487, -37.78660803 ], [ 144.995690739999986, -37.78647963 ], [ 144.995677050000012, -37.78635152 ], [ 144.99565267, -37.78620737 ], [ 144.99561232, -37.78605348 ], [ 144.995567349999988, -37.78591907 ], [ 144.99549001, -37.78574292 ], [ 144.99544541, -37.78565366 ], [ 144.99537014, -37.78552694 ], [ 144.995308169999987, -37.78543378 ], [ 144.99522095, -37.78531659 ], [ 144.99516368, -37.78525064 ], [ 144.99507165, -37.78515174 ], [ 144.99485747, -37.7849511 ], [ 144.9944931, -37.78468157 ], [ 144.99364097, -37.78408336 ], [ 144.99289095, -37.78356799 ], [ 144.992514069432048, -37.783306892629035 ] ] } },
{ "type": "Feature", "properties": { "from_stop": "Ruthven Station", "to_stop": "Ruthven Railway Station", "minutes": 37.4, "tier": 45, "centre": "southern-cross", "MODE": "METRO TRAIN" }, "geometry": { "type": "LineString", "coordinates": [ [ 145.00939499596123, -37.707899420874071 ], [ 145.009399080536497, -37.707876549107709 ] ] } },
{ "type": "Feature", "properties": { "from_stop": "Reservoir Station", "to_stop": "Ruthven Station", "minutes": 37.4, "tier": 45, "centre": "southern-cross", "MODE": "METRO TRAIN" }, "geometry": { "type": "LineString", "coordinates": [ [ 145.006991536603977, -37.716641252200553 ], [ 145.00736722, -37.716001 ], [ 145.00742974, -37.71589878 ], [ 145.0076254, -37.71556143 ], [ 145.00777711, -37.71529733 ], [ 145.00788415, -37.71509196 ], [ 145.0079682, -37.71491431 ], [ 145.008042069999988, -37.71472712 ], [ 145.0081078, -37.71454331 ], [ 145.00815469, -37.71438522 ], [ 145.008205339999989, -37.7141842 ], [ 145.008236329999988, -37.71403071 ], [ 145.00836216, -37.7133099 ], [ 145.008468560000011, -37.71278477 ], [ 145.00859279, -37.7122503 ], [ 145.008702050000011, -37.71176234 ], [ 145.0090365, -37.70991324 ], [ 145.009394429999986, -37.70790259 ], [ 145.00939499596123, -37.707899420874071 ] ] } },
{ "type": "Feature", "properties": { "from_stop": "Merri Station", "to_stop": "S Park St", "minutes": 23.5, "tier": 30, "centre": "southern-cross", "MODE": "METRO TRAIN" }, "geometry": { "type": "LineString", "coordinates": [ [ 144.993026789999988, -37.77793772 ], [ 144.99283825, -37.77777229 ] ] } },
{ "type": "Feature", "properties": { "from_stop": "Hampton Station", "to_stop": "Sandringham Railway Station", "minutes": 42.4, "tier": 45, "centre": "southern-cross", "MODE": "METRO TRAIN" }, "geometry": { "type": "LineString", "coordinates": [ [ 145.001543187026869, -37.938131874573976 ], [ 145.001560829999988, -37.93814786 ], [ 145.002268640000011, -37.93878853 ], [ 145.00238234, -37.9388968 ], [ 145.00327895, -37.93969279 ], [ 145.00393064, -37.9402806 ], [ 145.004084, -37.94042469 ], [ 145.00428319, -37.94062443 ], [ 145.00445993, -37.94081721 ], [ 145.0046079, -37.94099653 ], [ 145.00471869, -37.94113692 ], [ 145.00487578, -37.94136172 ], [ 145.00507561, -37.9416853 ], [ 145.00522455, -37.94197196 ], [ 145.00534718, -37.94225106 ], [ 145.00542585, -37.94245578 ], [ 145.00545086, -37.94252839 ], [ 145.005552349999988, -37.94292861 ], [ 145.00561953, -37.94325957 ], [ 145.00565974, -37.9436118 ], [ 145.005671830000011, -37.94398094 ], [ 145.00564358, -37.94441563 ], [ 145.00561282000001, -37.94466086 ], [ 145.00555246, -37.94502904 ], [ 145.00532979, -37.94616803 ], [ 145.00497435, -37.9480166 ], [ 145.004927509999987, -37.9482757 ], [ 145.00481653, -37.94864699 ], [ 145.00452557, -37.9501807 ] ] } },
{ "type": "Feature", "properties": { "from_stop": "Hampton Station", "to_stop": "Sandringham Station", "minutes": 42.4, "tier": 45, "centre": "southern-cross", "MODE": "METRO TRAIN" }, "geometry": { "type": "LineString", "coordinates": [ [ 145.00452557, -37.9501807 ], [ 145.005175619999989, -37.94674333 ], [ 145.0052882, -37.94618283 ], [ 145.0053901, -37.94560853 ], [ 145.00551346, -37.94497719 ], [ 145.00559671, -37.94448224 ], [ 145.00562211, -37.94417439 ], [ 145.00562746, -37.94389629 ], [ 145.00560465, -37.94348587 ], [ 145.00556046, -37.94316341 ], [ 145.005492049999987, -37.9428609 ], [ 145.00540716, -37.9425244 ], [ 145.005385, -37.94245176 ], [ 145.00529124, -37.94221577 ], [ 145.00517751000001, -37.94196927 ], [ 145.00500531, -37.9416467 ], [ 145.004812890000011, -37.9413393 ], [ 145.0046831, -37.94115254 ], [ 145.00440594, -37.94081503 ], [ 145.00423576, -37.94063228 ], [ 145.00412015, -37.94051433 ], [ 145.00375863, -37.94017837 ], [ 145.003125110000013, -37.93960457 ], [ 145.00267168, -37.93921298 ], [ 145.00235756, -37.93892981 ], [ 145.00226164, -37.93883293 ], [ 145.002154780000012, -37.93873253 ], [ 145.00153147, -37.93816925 ], [ 145.001519245061473, -37.938158203646779 ] ] } },
{ "type": "Feature", "properties": { "from_stop": "Seaholme Station", "to_stop": "Seaholme Railway Station", "minutes": 28.1, "tier": 30, "centre": "southern-cross", "MODE": "METRO TRAIN" }, "geometry": { "type": "LineString", "coordinates": [ [ 144.840952531826929, -37.86782149425585 ], [ 144.84101678, -37.86780545 ], [ 144.841021111943888, -37.867804364131828 ] ] } },
{ "type": "Feature", "properties": { "from_stop": "Newport Station", "to_stop": "Seaholme Station", "minutes": 28.1, "tier": 30, "centre": "southern-cross", "MODE": "METRO TRAIN" }, "geometry": { "type": "LineString", "coordinates": [ [ 144.841021111943888, -37.867804364131828 ], [ 144.84113702, -37.86777531 ], [ 144.84133906, -37.86771918 ], [ 144.84150936, -37.86766832 ], [ 144.841725630000013, -37.86759587 ], [ 144.84190865, -37.86752957 ], [ 144.84209639, -37.86745731 ], [ 144.84224869, -37.86739189 ], [ 144.84255787, -37.86724409 ], [ 144.84271995, -37.86715929 ], [ 144.842991970000014, -37.8670072 ], [ 144.84314455, -37.86691268 ], [ 144.84327339, -37.86682916 ], [ 144.84401994000001, -37.86632008 ], [ 144.84439631, -37.86603932 ], [ 144.84492776, -37.86562461 ], [ 144.84560776, -37.86512476 ], [ 144.846895210000014, -37.86418679 ], [ 144.847182190000012, -37.86398883 ], [ 144.84745845, -37.86378022 ], [ 144.84821077, -37.86322328 ], [ 144.84860784, -37.86287071 ], [ 144.84879246, -37.86267844 ], [ 144.84899844, -37.86241601 ], [ 144.84918445, -37.86212112 ], [ 144.84932526, -37.86183632 ], [ 144.84944472, -37.86150814 ], [ 144.84953588, -37.86118719 ], [ 144.84959755, -37.86085273 ], [ 144.84967404, -37.86019196 ], [ 144.849826900000011, -37.85879643 ], [ 144.84987374, -37.85847143 ], [ 144.84993824, -37.85820767 ], [ 144.85000453, -37.85802676 ], [ 144.850097839999989, -37.85781588 ], [ 144.85029756, -37.85750989 ], [ 144.85049615, -37.85726642 ], [ 144.85154749, -37.85606879 ], [ 144.85167622, -37.85589037 ], [ 144.85178893, -37.85570769 ], [ 144.85201268, -37.85525876 ], [ 144.85212411, -37.85492818 ], [ 144.85225379, -37.85452881 ], [ 144.852363770000011, -37.85425984 ], [ 144.8523889, -37.85418487 ], [ 144.85243125, -37.854073 ], [ 144.852489639999988, -37.85394078 ], [ 144.85263135, -37.85356128 ], [ 144.853049520000013, -37.85225566 ], [ 144.853273699999988, -37.85148944 ], [ 144.8533756, -37.8511776 ], [ 144.85340094, -37.85106821 ], [ 144.85347617, -37.85061784 ], [ 144.85358036, -37.85011689 ], [ 144.853618899999987, -37.84997557 ], [ 144.85368266, -37.84979912 ], [ 144.8537615, -37.84963943 ], [ 144.85381904, -37.84954018 ], [ 144.853970049999987, -37.84929818 ], [ 144.85414676, -37.84905953 ], [ 144.85441128, -37.84875922 ], [ 144.85483503, -37.84845848 ], [ 144.855211849999989, -37.84824781 ], [ 144.85554308, -37.84811218 ], [ 144.85581001, -37.8480381 ], [ 144.856181529999986, -37.8479671 ], [ 144.85652755000001, -37.84792483 ], [ 144.85693387, -37.84790781 ], [ 144.85730665, -37.84792261 ], [ 144.858101979999986, -37.84799566 ], [ 144.859048800000011, -37.8480529 ], [ 144.86136758, -37.84832512 ], [ 144.86247405, -37.84847012 ], [ 144.863600530000014, -37.84862691 ], [ 144.86565635, -37.84888004 ], [ 144.8674294, -37.8490833 ], [ 144.86956444, -37.8493332 ], [ 144.87061982, -37.84944971 ], [ 144.87122735, -37.84951008 ], [ 144.871906, -37.84953551 ], [ 144.87237532, -37.84952912 ], [ 144.87282678, -37.84950746 ], [ 144.872970040000013, -37.84949337 ], [ 144.87321241, -37.84946333 ], [ 144.87345371, -37.84942669 ], [ 144.87357981, -37.84940454 ], [ 144.8738356, -37.84935437 ], [ 144.874263430000013, -37.84924918 ], [ 144.87457403, -37.84916206 ], [ 144.87473792, -37.84911023 ], [ 144.87500286, -37.8490222 ], [ 144.87558822, -37.84879738 ], [ 144.87573179, -37.848745 ], [ 144.87592029000001, -37.84868289 ], [ 144.87606374, -37.84862636 ], [ 144.87633574, -37.84850997 ], [ 144.876446429999987, -37.84846646 ], [ 144.876658639999988, -37.84839784 ], [ 144.87786693000001, -37.8479932 ], [ 144.88034338, -37.84715549 ], [ 144.88100051, -37.8469278 ], [ 144.881362599999989, -37.84677634 ], [ 144.88168449, -37.84661956 ], [ 144.88202653, -37.84640989 ], [ 144.882306770000014, -37.84620343 ], [ 144.88265551, -37.84589844 ], [ 144.8828727, -37.84566751 ], [ 144.88309267, -37.84538273 ], [ 144.88325525, -37.84510999 ], [ 144.88333323, -37.84496216 ], [ 144.88338908, -37.84483727 ], [ 144.88346954, -37.84459054 ], [ 144.88350974, -37.84433741 ], [ 144.883543339999989, -37.84404829 ], [ 144.883554049999987, -37.84386077 ], [ 144.88358908, -37.84347795 ], [ 144.88359067, -37.8433666 ], [ 144.88358238, -37.84317577 ], [ 144.88356264, -37.8428409 ], [ 144.883562599652066, -37.842840261998283 ] ] } },
{ "type": "Feature", "properties": { "from_stop": "Footscray Railway Station", "to_stop": "Seddon Railway Station", "minutes": 13.1, "tier": 15, "centre": "southern-cross", "MODE": "METRO TRAIN" }, "geometry": { "type": "LineString", "coordinates": [ [ 144.895659058478032, -37.808993412255496 ], [ 144.89614552, -37.80847444 ], [ 144.89675281000001, -37.80781149 ], [ 144.897339710000011, -37.80720232 ], [ 144.89831969, -37.80616131 ], [ 144.89850153, -37.80596134 ], [ 144.89991336, -37.80445698 ], [ 144.90025042, -37.80407359 ], [ 144.90161952, -37.80259989 ], [ 144.90180842, -37.80238626 ], [ 144.90200287, -37.8021775 ], [ 144.902261720000013, -37.80191996 ], [ 144.902375859677107, -37.801820097411863 ] ] } },
{ "type": "Feature", "properties": { "from_stop": "Seddon Railway Station", "to_stop": "Seddon Station", "minutes": 13.1, "tier": 15, "centre": "southern-cross", "MODE": "METRO TRAIN" }, "geometry": { "type": "LineString", "coordinates": [ [ 144.89568428763377, -37.809016967538476 ], [ 144.895657916811786, -37.80904532292768 ] ] } },
{ "type": "Feature", "properties": { "from_stop": "South Morang Railway Station", "to_stop": "Service Rd", "minutes": 52.0, "tier": 60, "centre": "southern-cross", "MODE": "METRO TRAIN" }, "geometry": { "type": "LineString", "coordinates": [ [ 145.06701257, -37.64905033 ], [ 145.06809051, -37.6490049 ] ] } },
{ "type": "Feature", "properties": { "from_stop": "North Melbourne Railway Station", "to_stop": "South Kensington Railway Station", "minutes": 8.9, "tier": 15, "centre": "southern-cross", "MODE": "METRO TRAIN" }, "geometry": { "type": "LineString", "coordinates": [ [ 144.941260821233413, -37.806502300448955 ], [ 144.94116295, -37.8063755 ], [ 144.940849539999988, -37.80598432 ], [ 144.940634139999986, -37.80570371 ], [ 144.9403327, -37.80533571 ], [ 144.94009405, -37.8050994 ], [ 144.93889468, -37.80403566 ], [ 144.93863464, -37.80381321 ], [ 144.93840186, -37.80363566 ], [ 144.93822352, -37.80351394 ], [ 144.93804534, -37.80340277 ], [ 144.9379299, -37.8033392 ], [ 144.936991080000013, -37.80286126 ], [ 144.93636175, -37.8025469 ], [ 144.935468969999988, -37.8021132 ], [ 144.93473305, -37.80174018 ], [ 144.93436338, -37.8015687 ], [ 144.93402952, -37.80142424 ], [ 144.93377713000001, -37.80132717 ], [ 144.93331367, -37.80115899 ], [ 144.932811179999987, -37.80098516 ], [ 144.93184978, -37.80068793 ], [ 144.93153475, -37.8005975 ], [ 144.93121967, -37.80051717 ], [ 144.93088935, -37.8004454 ], [ 144.93062031, -37.80039228 ], [ 144.93026007, -37.80032656 ], [ 144.92946077, -37.80020789 ], [ 144.9288, -37.80011453 ], [ 144.928495020000014, -37.80006681 ], [ 144.92812905, -37.80001549 ], [ 144.92750934, -37.79992421 ], [ 144.925456060190101, -37.799617587711829 ] ] } },
{ "type": "Feature", "properties": { "from_stop": "South Kensington Railway Station", "to_stop": "South Kensington Station", "minutes": 8.1, "tier": 15, "centre": "southern-cross", "MODE": "METRO TRAIN" }, "geometry": { "type": "LineString", "coordinates": [ [ 144.925456060190101, -37.799617587711829 ], [ 144.9249369, -37.79954006 ], [ 144.924759423269506, -37.799513862846254 ] ] } },
{ "type": "Feature", "properties": { "from_stop": "Taxi Zone", "to_stop": "South Morang Railway Station", "minutes": 53.5, "tier": 60, "centre": "southern-cross", "MODE": "METRO TRAIN" }, "geometry": { "type": "LineString", "coordinates": [ [ 145.031849058321228, -37.65210145662374 ], [ 145.03365152, -37.652037 ], [ 145.03406995, -37.65203479 ], [ 145.034312050000011, -37.65204396 ], [ 145.0346774, -37.65205131 ], [ 145.03532696, -37.65206979 ], [ 145.036064939999989, -37.65207524 ], [ 145.03641815, -37.65207031 ], [ 145.03677905, -37.65206198 ], [ 145.0371049, -37.65204984 ], [ 145.038393789999986, -37.65199378 ], [ 145.04591883, -37.65165297 ], [ 145.04679625, -37.65160136 ], [ 145.04721989, -37.65156872 ], [ 145.047545820000011, -37.65154077 ], [ 145.0480709, -37.65148647 ], [ 145.0486134, -37.65142534 ], [ 145.05917349, -37.65012478 ], [ 145.06106465, -37.64989003 ], [ 145.0614304, -37.64984711 ], [ 145.06228977, -37.64973858 ], [ 145.06285438, -37.64965863 ], [ 145.063548700000013, -37.64955072 ], [ 145.06432288, -37.64942707 ], [ 145.06506156, -37.64931753 ], [ 145.06587312, -37.6492118 ], [ 145.067015203240658, -37.649071813331496 ] ] } },
{ "type": "Feature", "properties": { "from_stop": "Service Rd", "to_stop": "South Morang Station", "minutes": 51.4, "tier": 60, "centre": "southern-cross", "MODE": "METRO TRAIN" }, "geometry": { "type": "LineString", "coordinates": [ [ 145.068097691731367, -37.649060928752718 ], [ 145.067898430000014, -37.64908647 ], [ 145.0676838, -37.64911107 ], [ 145.067673362051579, -37.649112369899321 ] ] } },
{ "type": "Feature", "properties": { "from_stop": "South Yarra Station", "to_stop": "South Yarra Railway Station", "minutes": 17.3, "tier": 30, "centre": "southern-cross", "MODE": "METRO TRAIN" }, "geometry": { "type": "LineString", "coordinates": [ [ 144.992131944719148, -37.838401011076783 ], [ 144.992240793991243, -37.837927537088405 ] ] } },
{ "type": "Feature", "properties": { "from_stop": "Richmond Railway Station", "to_stop": "South Yarra Station", "minutes": 13.1, "tier": 15, "centre": "southern-cross", "MODE": "METRO TRAIN" }, "geometry": { "type": "LineString", "coordinates": [ [ 144.992240793991243, -37.837927537088405 ], [ 144.99224106, -37.83792638 ], [ 144.992624439999986, -37.83624583 ], [ 144.99272375000001, -37.83579351 ], [ 144.99277353, -37.83552472 ], [ 144.99281976, -37.83520686 ], [ 144.99287755, -37.83477221 ], [ 144.992921059999986, -37.83447079 ], [ 144.99297762, -37.83418266 ], [ 144.99326893, -37.8327871 ], [ 144.99358565, -37.83130898 ], [ 144.99373963, -37.83051983 ], [ 144.99381073, -37.83009289 ], [ 144.99405067, -37.82869682 ], [ 144.99408434, -37.82833882 ], [ 144.99406283, -37.82792463 ], [ 144.99399445, -37.82755912 ], [ 144.99386969, -37.82718201 ], [ 144.993802640000013, -37.82702307 ], [ 144.99369135, -37.82681976 ], [ 144.99358546, -37.82663538 ], [ 144.99346939, -37.82646578 ], [ 144.99319379, -37.82614603 ], [ 144.99291616, -37.82589708 ], [ 144.99250163, -37.82557703 ], [ 144.99226445, -37.8254161 ], [ 144.99200377, -37.82524637 ], [ 144.991339079999989, -37.8248378 ], [ 144.9911247, -37.82471599 ], [ 144.99094625, -37.82462698 ], [ 144.99079877, -37.82456453 ], [ 144.99060438, -37.8244893 ], [ 144.99040186, -37.82442889 ], [ 144.990089273313743, -37.824340923621584 ] ] } },
{ "type": "Feature", "properties": { "from_stop": "Southern Cross Railway Station", "to_stop": "Southern Cross Station", "minutes": 0.5, "tier": 15, "centre": "southern-cross", "MODE": "METRO TRAIN" }, "geometry": { "type": "LineString", "coordinates": [ [ 144.95206761, -37.8182237 ], [ 144.951683678366066, -37.817742675937694 ] ] } },
{ "type": "Feature", "properties": { "from_stop": "Highett Railway Station", "to_stop": "Southland Railway Station", "minutes": 44.4, "tier": 45, "centre": "southern-cross", "MODE": "METRO TRAIN" }, "geometry": { "type": "LineString", "coordinates": [ [ 145.041895318631077, -37.948408713107391 ], [ 145.042575410000012, -37.94939078 ], [ 145.04276862, -37.94966219 ], [ 145.0432118, -37.95030443 ], [ 145.04429285, -37.95185314 ], [ 145.04530225, -37.95330746 ], [ 145.045956460000014, -37.95424239 ], [ 145.04669285, -37.9553025 ], [ 145.046899520000011, -37.95559521 ], [ 145.047462990000014, -37.95640832 ], [ 145.04774144000001, -37.95680621 ], [ 145.0479393, -37.95708363 ], [ 145.04845698, -37.95783443 ], [ 145.048660401929169, -37.958126329655919 ] ] } },
{ "type": "Feature", "properties": { "from_stop": "Southland Railway Station", "to_stop": "Southland Station", "minutes": 43.0, "tier": 45, "centre": "southern-cross", "MODE": "METRO TRAIN" }, "geometry": { "type": "LineString", "coordinates": [ [ 145.049293533777472, -37.959103386426058 ], [ 145.048628002898198, -37.958148915911643 ] ] } },
{ "type": "Feature", "properties": { "from_stop": "Railway Parade", "to_stop": "Spencer St", "minutes": 27.3, "tier": 30, "centre": "southern-cross", "MODE": "METRO TRAIN" }, "geometry": { "type": "LineString", "coordinates": [ [ 144.99680114, -37.76471848 ], [ 144.996736129999988, -37.76376212 ] ] } },
{ "type": "Feature", "properties": { "from_stop": "Yarraville Railway Station", "to_stop": "Spotswood Railway Station", "minutes": 17.1, "tier": 30, "centre": "southern-cross", "MODE": "METRO TRAIN" }, "geometry": { "type": "LineString", "coordinates": [ [ 144.889937307178315, -37.815852108570034 ], [ 144.88980078, -37.81614644 ], [ 144.88963393, -37.81653653 ], [ 144.8895014, -37.81690201 ], [ 144.88941435000001, -37.81717846 ], [ 144.889309739999987, -37.81754093 ], [ 144.88859356, -37.82034531 ], [ 144.88846052, -37.82087569 ], [ 144.88797212, -37.82275712 ], [ 144.88789695, -37.82303469 ], [ 144.88766456, -37.82397349 ], [ 144.88704049, -37.82642364 ], [ 144.88681652, -37.82725734 ], [ 144.88652545, -37.82837173 ], [ 144.88619775, -37.82964703 ], [ 144.88610359, -37.8300441 ], [ 144.885948295096114, -37.83064273106605 ] ] } },
{ "type": "Feature", "properties": { "from_stop": "Spotswood Railway Station", "to_stop": "Spotswood Station", "minutes": 17.1, "tier": 30, "centre": "southern-cross", "MODE": "METRO TRAIN" }, "geometry": { "type": "LineString", "coordinates": [ [ 144.885886844864075, -37.830700393868497 ], [ 144.885904679870634, -37.830631438708494 ] ] } },
{ "type": "Feature", "properties": { "from_stop": "Ginifer Station", "to_stop": "St Albans Railway Station (St Albans)", "minutes": 51.0, "tier": 60, "centre": "southern-cross", "MODE": "METRO TRAIN" }, "geometry": { "type": "LineString", "coordinates": [ [ 144.810801267816458, -37.759389172953369 ], [ 144.81080104, -37.75938887 ], [ 144.808347239999989, -37.75613529 ], [ 144.80797727, -37.75563358 ], [ 144.807774849999987, -37.7553391 ], [ 144.80766445, -37.75517249 ], [ 144.80703903, -37.75420103 ], [ 144.80694742, -37.75406343 ], [ 144.806784279999988, -37.75383041 ], [ 144.80669515, -37.75369691 ], [ 144.80611081, -37.75291482 ], [ 144.80461284, -37.75092662 ], [ 144.803517129999989, -37.74947704 ], [ 144.802449309999986, -37.74819857 ], [ 144.801953880000013, -37.74757131 ], [ 144.80178808, -37.74734067 ], [ 144.80100805, -37.74636007 ], [ 144.800731180000014, -37.7459984 ], [ 144.80045175, -37.74563903 ], [ 144.799913702932344, -37.744971538090759 ] ] } },
{ "type": "Feature", "properties": { "from_stop": "St Albans Railway Station (St Albans)", "to_stop": "St Albans Station", "minutes": 51.0, "tier": 60, "centre": "southern-cross", "MODE": "METRO TRAIN" }, "geometry": { "type": "LineString", "coordinates": [ [ 144.799875619691562, -37.744869094644244 ], [ 144.79987786, -37.74487197 ], [ 144.7999407746359, -37.744949878179327 ] ] } },
{ "type": "Feature", "properties": { "from_stop": "Gipps St", "to_stop": "Stanton St", "minutes": 16.4, "tier": 30, "centre": "southern-cross", "MODE": "METRO TRAIN" }, "geometry": { "type": "LineString", "coordinates": [ [ 144.99384502, -37.80477988 ], [ 144.99393838, -37.8042678 ] ] } },
{ "type": "Feature", "properties": { "from_stop": "Thomastown Station", "to_stop": "Station St", "minutes": 45.3, "tier": 60, "centre": "southern-cross", "MODE": "METRO TRAIN" }, "geometry": { "type": "LineString", "coordinates": [ [ 145.017230733971786, -37.666292634822653 ], [ 145.017194350000011, -37.66638554 ], [ 145.017015719999989, -37.66680169 ], [ 145.01686268, -37.66718032 ], [ 145.01675648, -37.66749017 ], [ 145.01661056, -37.66797608 ], [ 145.01643564, -37.66854179 ], [ 145.01634456, -37.66886262 ], [ 145.016246, -37.66918341 ], [ 145.016154050000011, -37.66955424 ], [ 145.01609267, -37.66981537 ], [ 145.016050549999989, -37.67001779 ], [ 145.01601487, -37.67020383 ], [ 145.01561056, -37.67262604 ], [ 145.01557105, -37.67283644 ], [ 145.015400949999986, -37.67389303 ], [ 145.01508314, -37.6758121 ], [ 145.014870190000011, -37.6770802 ], [ 145.0147443, -37.67781292 ], [ 145.0143311, -37.68031842 ], [ 145.014331084469489, -37.680318513329432 ] ] } },
{ "type": "Feature", "properties": { "from_stop": "Railway Parade", "to_stop": "Stott St", "minutes": 27.4, "tier": 30, "centre": "southern-cross", "MODE": "METRO TRAIN" }, "geometry": { "type": "LineString", "coordinates": [ [ 144.99680114, -37.76471848 ], [ 144.99737875, -37.76392625 ] ] } },
{ "type": "Feature", "properties": { "from_stop": "Strathmore Station", "to_stop": "Strathmore Railway Station", "minutes": 34.1, "tier": 45, "centre": "southern-cross", "MODE": "METRO TRAIN" }, "geometry": { "type": "LineString", "coordinates": [ [ 144.926826210811271, -37.744016523718614 ], [ 144.92682862, -37.74401469 ], [ 144.927312278072776, -37.743587435014788 ] ] } },
{ "type": "Feature", "properties": { "from_stop": "Glenbervie Railway Station", "to_stop": "Strathmore Station", "minutes": 32.2, "tier": 60, "centre": "southern-cross", "MODE": "METRO TRAIN" }, "geometry": { "type": "LineString", "coordinates": [ [ 144.920919616977756, -37.74717978869117 ], [ 144.92146109, -37.74683642 ], [ 144.921613979999989, -37.7467426 ], [ 144.92203905, -37.74651363 ], [ 144.922499069999986, -37.7462887 ], [ 144.92306914, -37.7460448 ], [ 144.92373434000001, -37.74573102 ], [ 144.9243579, -37.74544462 ], [ 144.925001650000013, -37.74514243 ], [ 144.925555550000013, -37.74485922 ], [ 144.92600205, -37.74460159 ], [ 144.92612807, -37.74451883 ], [ 144.92647277, -37.74428554 ], [ 144.926826210811271, -37.744016523718614 ] ] } },
{ "type": "Feature", "properties": { "from_stop": "Rushall Station Brg", "to_stop": "Summer Ave", "minutes": 22.5, "tier": 30, "centre": "southern-cross", "MODE": "METRO TRAIN" }, "geometry": { "type": "LineString", "coordinates": [ [ 144.992648339999988, -37.78311308 ], [ 144.99219241, -37.7831774 ] ] } },
{ "type": "Feature", "properties": { "from_stop": "Sunbury Station", "to_stop": "Sunbury Railway Station", "minutes": 38.7, "tier": 45, "centre": "southern-cross", "MODE": "METRO TRAIN" }, "geometry": { "type": "LineString", "coordinates": [ [ 144.727705969999988, -37.57943556 ], [ 144.72770087319671, -37.57944258734026 ] ] } },
{ "type": "Feature", "properties": { "from_stop": "Tottenham Railway Station", "to_stop": "Sunshine Railway Station", "minutes": 37.1, "tier": 45, "centre": "southern-cross", "MODE": "METRO TRAIN" }, "geometry": { "type": "LineString", "coordinates": [ [ 144.83296123443975, -37.788474366390638 ], [ 144.83318096, -37.78876881 ], [ 144.83366895, -37.78940833 ], [ 144.8338819, -37.78969891 ], [ 144.834350590000014, -37.79031536 ], [ 144.83448694, -37.79050306 ], [ 144.83483844, -37.79095668 ], [ 144.83525008, -37.79145484 ], [ 144.835672530000011, -37.7919212 ], [ 144.83605212, -37.79231541 ], [ 144.836227040000011, -37.79248552 ], [ 144.836451509999989, -37.79269294 ], [ 144.83665865, -37.79287184 ], [ 144.83683566, -37.79301694 ], [ 144.837050979999987, -37.793184 ], [ 144.83750698, -37.79351688 ], [ 144.83920035, -37.79472668 ], [ 144.839414510000012, -37.79487147 ], [ 144.83963863, -37.79501742 ], [ 144.83984615, -37.79514081 ], [ 144.84006441, -37.79526584 ], [ 144.84053864, -37.79551974 ], [ 144.84079419, -37.79564744 ], [ 144.841148550000014, -37.79581777 ], [ 144.84152222, -37.79598791 ], [ 144.84180404, -37.7961104 ], [ 144.84200925, -37.79619626 ], [ 144.84240345, -37.79635199 ], [ 144.84314916, -37.79662762 ], [ 144.843870650000014, -37.7968618 ], [ 144.844663270000012, -37.79709069 ], [ 144.845329099999987, -37.79725896 ], [ 144.84601312, -37.79739944 ], [ 144.84661193, -37.79749411 ], [ 144.84839716, -37.79770319 ], [ 144.84970822, -37.79787402 ], [ 144.85075444, -37.79800604 ], [ 144.85231864, -37.7981775 ], [ 144.85381745, -37.79831684 ], [ 144.85692233, -37.7985985 ], [ 144.857721520000013, -37.79868081 ], [ 144.8592878, -37.79885636 ], [ 144.86008815, -37.79893786 ], [ 144.86092423, -37.79900947 ], [ 144.862833849999987, -37.79916462 ], [ 144.862952507840504, -37.799176726534384 ] ] } },
{ "type": "Feature", "properties": { "from_stop": "Sunshine Railway Station", "to_stop": "Sunshine Station", "minutes": 34.3, "tier": 45, "centre": "southern-cross", "MODE": "METRO TRAIN" }, "geometry": { "type": "Point", "coordinates": [ 144.832759509999988, -37.78820712 ] } },
{ "type": "Feature", "properties": { "from_stop": "Syndal Station", "to_stop": "Syndal Railway Station", "minutes": 46.6, "tier": 60, "centre": "southern-cross", "MODE": "METRO TRAIN" }, "geometry": { "type": "LineString", "coordinates": [ [ 145.149765715721117, -37.876344549713231 ], [ 145.149458309329731, -37.876307356557241 ] ] } },
{ "type": "Feature", "properties": { "from_stop": "Mount Waverley Station", "to_stop": "Syndal Station", "minutes": 44.4, "tier": 45, "centre": "southern-cross", "MODE": "METRO TRAIN" }, "geometry": { "type": "LineString", "coordinates": [ [ 145.149458309329731, -37.876307356557241 ], [ 145.14944999, -37.87630635 ], [ 145.148561269999988, -37.87619657 ], [ 145.14810074, -37.87613616 ], [ 145.14730825, -37.87604267 ], [ 145.14672729, -37.87599252 ], [ 145.143278009999989, -37.87562409 ], [ 145.14136145, -37.87540918 ], [ 145.14016662, -37.87528433 ], [ 145.13912994, -37.87524514 ], [ 145.13799397, -37.87524402 ], [ 145.12809972, -37.8752948 ], [ 145.128098916709973, -37.87529480348514 ] ] } },
{ "type": "Feature", "properties": { "from_stop": "Cooper St", "to_stop": "Taxi Zone", "minutes": 49.9, "tier": 60, "centre": "southern-cross", "MODE": "METRO TRAIN" }, "geometry": { "type": "LineString", "coordinates": [ [ 145.03101088, -37.65219472 ], [ 145.031863859999987, -37.65251537 ] ] } },
{ "type": "Feature", "properties": { "from_stop": "Station St", "to_stop": "Taxi zone 1", "minutes": 48.2, "tier": 60, "centre": "southern-cross", "MODE": "METRO TRAIN" }, "geometry": { "type": "LineString", "coordinates": [ [ 145.01715948, -37.66626473 ], [ 145.01710814, -37.6647859 ] ] } },
{ "type": "Feature", "properties": { "from_stop": "Keon Park Railway Station", "to_stop": "Thomastown Railway Station", "minutes": 43.8, "tier": 45, "centre": "southern-cross", "MODE": "METRO TRAIN" }, "geometry": { "type": "LineString", "coordinates": [ [ 145.011774967159027, -37.694852549632664 ], [ 145.01198302, -37.69356361 ], [ 145.012109540000012, -37.69254622 ], [ 145.01211619, -37.69247559 ], [ 145.01214379000001, -37.69191362 ], [ 145.01217333, -37.69157608 ], [ 145.012682719999987, -37.68849328 ], [ 145.01277944, -37.68793292 ], [ 145.01279316, -37.68783952 ], [ 145.012811230000011, -37.68774042 ], [ 145.013351379999989, -37.68447601 ], [ 145.01340151, -37.68420784 ], [ 145.01344232, -37.68402577 ], [ 145.013532919999989, -37.68368159 ], [ 145.01365127, -37.68332139 ], [ 145.01379212, -37.68291706 ], [ 145.01384445, -37.68273671 ], [ 145.01389122, -37.68256446 ], [ 145.01392934, -37.6823982 ], [ 145.014003, -37.68201283 ], [ 145.01407949, -37.68152143 ], [ 145.01416365, -37.68104467 ], [ 145.014280326449523, -37.68033833058314 ] ] } },
{ "type": "Feature", "properties": { "from_stop": "Thomastown Railway Station", "to_stop": "Thomastown Station", "minutes": 43.8, "tier": 45, "centre": "southern-cross", "MODE": "METRO TRAIN" }, "geometry": { "type": "LineString", "coordinates": [ [ 145.014280326449523, -37.68033833058314 ], [ 145.0142844, -37.68031367 ], [ 145.014284866273385, -37.680310858261549 ] ] } },
{ "type": "Feature", "properties": { "from_stop": "Thornbury Station", "to_stop": "Thornbury Railway Station", "minutes": 27.4, "tier": 30, "centre": "southern-cross", "MODE": "METRO TRAIN" }, "geometry": { "type": "LineString", "coordinates": [ [ 144.998538992949221, -37.755149813300676 ], [ 144.998555829069005, -37.755049165265277 ] ] } },
{ "type": "Feature", "properties": { "from_stop": "Spencer St", "to_stop": "Thornbury Station", "minutes": 27.4, "tier": 30, "centre": "southern-cross", "MODE": "METRO TRAIN" }, "geometry": { "type": "LineString", "coordinates": [ [ 144.997070560589435, -37.763817773486394 ], [ 144.99714558, -37.76336697 ], [ 144.99747819000001, -37.76140534 ], [ 144.99763244, -37.76052632 ], [ 144.997774639999989, -37.75968126 ], [ 144.997841670000014, -37.75925812 ], [ 144.99813753, -37.75751323 ], [ 144.99819032, -37.75718014 ], [ 144.99835396, -37.75622577 ], [ 144.998436199999986, -37.75576432 ], [ 144.998538992949221, -37.755149813300676 ] ] } },
{ "type": "Feature", "properties": { "from_stop": "Toorak Station", "to_stop": "Toorak Railway Station", "minutes": 21.4, "tier": 30, "centre": "southern-cross", "MODE": "METRO TRAIN" }, "geometry": { "type": "LineString", "coordinates": [ [ 145.013745694069257, -37.850926154155459 ], [ 145.01363933, -37.85081243 ], [ 145.013636582281322, -37.850809371720068 ] ] } },
{ "type": "Feature", "properties": { "from_stop": "Hawksburn Railway Station", "to_stop": "Toorak Station", "minutes": 19.1, "tier": 30, "centre": "southern-cross", "MODE": "METRO TRAIN" }, "geometry": { "type": "LineString", "coordinates": [ [ 145.013636582281322, -37.850809371720068 ], [ 145.01352555, -37.85068579 ], [ 145.013354349999986, -37.85048833 ], [ 145.01291594, -37.84996149 ], [ 145.012675910000013, -37.84969042 ], [ 145.012460589999989, -37.84946447 ], [ 145.01210967, -37.84913313 ], [ 145.01192556, -37.84897682 ], [ 145.011738369999989, -37.84882478 ], [ 145.01154526, -37.84867742 ], [ 145.01134821, -37.84853288 ], [ 145.01090416, -37.84824646 ], [ 145.010752059999987, -37.84815503 ], [ 145.01059312000001, -37.84806421 ], [ 145.01027263, -37.84789081 ], [ 145.01010725, -37.84780736 ], [ 145.00993929, -37.84772666 ], [ 145.00959611, -37.84757316 ], [ 145.00938806, -37.84748709 ], [ 145.00911543, -37.84738146 ], [ 145.00760315, -37.84681102 ], [ 145.007277280000011, -37.8466943 ], [ 145.007058949999987, -37.84661076 ], [ 145.00386948, -37.84546936 ], [ 145.003606600000012, -37.84537749 ], [ 145.00325824, -37.84525253 ], [ 145.002776180000012, -37.8450752 ], [ 145.0025834, -37.84500101 ], [ 145.002252520000013, -37.8448686 ], [ 145.002059155853345, -37.844786768311721 ] ] } },
{ "type": "Feature", "properties": { "from_stop": "Tooronga Station", "to_stop": "Tooronga Railway Station", "minutes": 28.9, "tier": 30, "centre": "southern-cross", "MODE": "METRO TRAIN" }, "geometry": { "type": "LineString", "coordinates": [ [ 145.041443637758562, -37.849084470563483 ], [ 145.04151848, -37.84915117 ], [ 145.04171197, -37.84931236 ], [ 145.041751275275175, -37.849343132291494 ] ] } },
{ "type": "Feature", "properties": { "from_stop": "Kooyong Railway Station", "to_stop": "Tooronga Station", "minutes": 26.4, "tier": 30, "centre": "southern-cross", "MODE": "METRO TRAIN" }, "geometry": { "type": "LineString", "coordinates": [ [ 145.041417661188746, -37.849113604260253 ], [ 145.041224449999987, -37.84894153 ], [ 145.04093759, -37.84865838 ], [ 145.04064892, -37.84834077 ], [ 145.04038064, -37.84800413 ], [ 145.04012848, -37.84765568 ], [ 145.03988254, -37.84718811 ], [ 145.039706450000011, -37.84679956 ], [ 145.03942256, -37.84615193 ], [ 145.03934277, -37.84598046 ], [ 145.038149479999987, -37.84368284 ], [ 145.037931930000013, -37.8433073 ], [ 145.03777521, -37.8430501 ], [ 145.037563659999989, -37.84273981 ], [ 145.03723445, -37.84228526 ], [ 145.036774439999988, -37.84174517 ], [ 145.03641356, -37.84140103 ], [ 145.035886620000014, -37.84099004 ], [ 145.03554999, -37.84076868 ], [ 145.03519595, -37.84056109 ], [ 145.03485475, -37.84039237 ], [ 145.03469655, -37.84032043 ], [ 145.03451758, -37.84024309 ], [ 145.03427549, -37.84014623 ], [ 145.034022029999988, -37.84005413 ], [ 145.03379146, -37.83997729 ], [ 145.03356867, -37.83991129 ], [ 145.033556681395595, -37.839908338770528 ] ] } },
{ "type": "Feature", "properties": { "from_stop": "Tottenham Station", "to_stop": "Tottenham Railway Station", "minutes": 29.7, "tier": 30, "centre": "southern-cross", "MODE": "METRO TRAIN" }, "geometry": { "type": "LineString", "coordinates": [ [ 144.863491991652324, -37.799363079345405 ], [ 144.86345459, -37.79935891 ], [ 144.862939303683447, -37.799301408827212 ] ] } },
{ "type": "Feature", "properties": { "from_stop": "West Footscray Station", "to_stop": "Tottenham Station", "minutes": 29.1, "tier": 30, "centre": "southern-cross", "MODE": "METRO TRAIN" }, "geometry": { "type": "LineString", "coordinates": [ [ 144.88364919660259, -37.801829273023451 ], [ 144.88293049, -37.80174658 ], [ 144.882016279999988, -37.80164128 ], [ 144.88114177, -37.80153742 ], [ 144.88026288, -37.80141247 ], [ 144.87843963, -37.80114452 ], [ 144.8780253, -37.80108533 ], [ 144.87752937, -37.80102034 ], [ 144.87035787, -37.80021967 ], [ 144.86955078, -37.80012667 ], [ 144.86872987000001, -37.80001287 ], [ 144.8671698, -37.7997897 ], [ 144.86551298, -37.79958224 ], [ 144.86435255, -37.79945901 ], [ 144.863491991652324, -37.799363079345405 ] ] } },
{ "type": "Feature", "properties": { "from_stop": "Clifton Hill Railway Station", "to_stop": "Underpass", "minutes": 20.1, "tier": 30, "centre": "southern-cross", "MODE": "METRO TRAIN" }, "geometry": { "type": "LineString", "coordinates": [ [ 144.9954167, -37.78865745 ], [ 144.995306699999986, -37.78810586 ] ] } },
{ "type": "Feature", "properties": { "from_stop": "Chatham Station", "to_stop": "Union Railway Station ", "minutes": 24.9, "tier": 30, "centre": "southern-cross", "MODE": "METRO TRAIN" }, "geometry": { "type": "LineString", "coordinates": [ [ 145.088678251521543, -37.824130218641152 ], [ 145.088681369999989, -37.82413064 ], [ 145.088973720000013, -37.8241781 ], [ 145.08932825, -37.82424622 ], [ 145.089459549999987, -37.82427412 ], [ 145.09004511, -37.82440186 ], [ 145.09042265, -37.82448107 ], [ 145.09134423, -37.82464137 ], [ 145.09230434, -37.82480139 ], [ 145.0927175, -37.82486072 ], [ 145.09310245, -37.82490408 ], [ 145.09348418, -37.82493072 ], [ 145.09412303, -37.8249571 ], [ 145.09468887, -37.82494652 ], [ 145.095265610000013, -37.82490521 ], [ 145.09577119, -37.82485219 ], [ 145.09629292, -37.82476754 ], [ 145.09704478, -37.82459188 ], [ 145.097333569999989, -37.82452166 ], [ 145.09791008, -37.82434749 ], [ 145.09867155, -37.82403167 ], [ 145.09901235000001, -37.82386928 ], [ 145.099569409999987, -37.82357168 ], [ 145.100305992924774, -37.823094439006901 ] ] } },
{ "type": "Feature", "properties": { "from_stop": "Union Railway Station ", "to_stop": "Union Station", "minutes": 22.4, "tier": 30, "centre": "southern-cross", "MODE": "METRO TRAIN" }, "geometry": { "type": "LineString", "coordinates": [ [ 145.100305992924774, -37.823094439006901 ], [ 145.1006152, -37.8228941 ], [ 145.10131365, -37.82241629 ], [ 145.101325959308582, -37.822407867799491 ] ] } },
{ "type": "Feature", "properties": { "from_stop": "Gowrie Railway Station", "to_stop": "Upfield Railway Station", "minutes": 49.1, "tier": 60, "centre": "southern-cross", "MODE": "METRO TRAIN" }, "geometry": { "type": "LineString", "coordinates": [ [ 144.946785705689507, -37.6660598136312 ], [ 144.94772217, -37.66844394 ], [ 144.947951460000013, -37.66901397 ], [ 144.94871325, -37.67095984 ], [ 144.94875506, -37.67105969 ], [ 144.94950191, -37.67296069 ], [ 144.94967495, -37.6734087 ], [ 144.950016760000011, -37.67424618 ], [ 144.95035483, -37.67512081 ], [ 144.950488940000014, -37.67542648 ], [ 144.95120707, -37.67727397 ], [ 144.95145455, -37.67792253 ], [ 144.95154304, -37.67814757 ], [ 144.95180195, -37.67870639 ], [ 144.95217134, -37.67939996 ], [ 144.95244688, -37.67984102 ], [ 144.952790240000013, -37.68033137 ], [ 144.95315635, -37.68079842 ], [ 144.95360158, -37.68130793 ], [ 144.95398516, -37.6817377 ], [ 144.95428289, -37.68211884 ], [ 144.95458871, -37.6825688 ], [ 144.95482737, -37.68299118 ], [ 144.95499646, -37.68337847 ], [ 144.95518413, -37.68382863 ], [ 144.95528475, -37.68414913 ], [ 144.95537053000001, -37.68449406 ], [ 144.955658910000011, -37.68602559 ], [ 144.956019559999987, -37.68796562 ], [ 144.956178060000013, -37.68884226 ], [ 144.95632686, -37.6897134 ], [ 144.95638925, -37.69003928 ], [ 144.95644988, -37.69031312 ], [ 144.95648505, -37.69045323 ], [ 144.95655879, -37.69072072 ], [ 144.95666602, -37.69106981 ], [ 144.956830849999989, -37.69155138 ], [ 144.957121769999986, -37.69232289 ], [ 144.95744843, -37.69311448 ], [ 144.957807339999988, -37.69404171 ], [ 144.95796341, -37.69442526 ], [ 144.958110409999989, -37.69489588 ], [ 144.95816401, -37.6951167 ], [ 144.9582579, -37.69565886 ], [ 144.95848879, -37.69760286 ], [ 144.958598490000014, -37.6984699 ], [ 144.95864556, -37.6988667 ], [ 144.958763549999986, -37.69960997 ], [ 144.958827860000014, -37.70003969 ], [ 144.9588831, -37.70037472 ], [ 144.958917504442354, -37.700673019309093 ] ] } },
{ "type": "Feature", "properties": { "from_stop": "Upfield Railway Station", "to_stop": "Upfield Station", "minutes": 45.2, "tier": 60, "centre": "southern-cross", "MODE": "METRO TRAIN" }, "geometry": { "type": "LineString", "coordinates": [ [ 144.946604578259581, -37.665598684811947 ], [ 144.946785705689507, -37.6660598136312 ] ] } },
{ "type": "Feature", "properties": { "from_stop": "Ferntree Gully Railway Station", "to_stop": "Upper Ferntree Gully Railway Station", "minutes": 58.0, "tier": 60, "centre": "southern-cross", "MODE": "METRO TRAIN" }, "geometry": { "type": "LineString", "coordinates": [ [ 145.295237044653817, -37.881705239458626 ], [ 145.29544847, -37.88211982 ], [ 145.295527240000013, -37.88230868 ], [ 145.29559416, -37.88249819 ], [ 145.29579847, -37.88290353 ], [ 145.29583405, -37.88296822 ], [ 145.29593559, -37.88317029 ], [ 145.29710114, -37.88544794 ], [ 145.29721917, -37.88568504 ], [ 145.29735982, -37.88595203 ], [ 145.29752836, -37.88629206 ], [ 145.297819049999987, -37.88685799 ], [ 145.29797542, -37.88716811 ], [ 145.29817315, -37.8875492 ], [ 145.29833295, -37.8878344 ], [ 145.29841922, -37.8879793 ], [ 145.29851765, -37.88812456 ], [ 145.29878162, -37.88847831 ], [ 145.298887549999989, -37.8886043 ], [ 145.29904543, -37.88877998 ], [ 145.29917604, -37.88891551 ], [ 145.29932075, -37.88905134 ], [ 145.29962824, -37.88932281 ], [ 145.29992855, -37.88955083 ], [ 145.30017253, -37.8897163 ], [ 145.300377700000013, -37.88984391 ], [ 145.300603810000013, -37.88997586 ], [ 145.301340180000011, -37.89037906 ], [ 145.302135060000012, -37.89080491 ], [ 145.30249464, -37.8909879 ], [ 145.302709279999988, -37.89108968 ], [ 145.30293798, -37.89119283 ], [ 145.30370148, -37.89151521 ], [ 145.30411928, -37.8916839 ], [ 145.3043873, -37.89178879 ], [ 145.30521, -37.89209876 ], [ 145.30533723, -37.89214457 ], [ 145.30545405, -37.89218293 ], [ 145.30557513, -37.89221892 ], [ 145.30576052, -37.89226241 ], [ 145.30581634, -37.89227331 ], [ 145.30595814, -37.89229824 ], [ 145.30605075, -37.89231147 ], [ 145.3068053, -37.89239506 ], [ 145.307125649999989, -37.89243499 ] ] } },
{ "type": "Feature", "properties": { "from_stop": "Ferntree Gully Railway Station", "to_stop": "Upper Ferntree Gully Station", "minutes": 56.4, "tier": 60, "centre": "southern-cross", "MODE": "METRO TRAIN" }, "geometry": { "type": "LineString", "coordinates": [ [ 145.307125649999989, -37.89243499 ], [ 145.3068053, -37.89239506 ], [ 145.30605075, -37.89231147 ], [ 145.30595814, -37.89229824 ], [ 145.30581634, -37.89227331 ], [ 145.30576052, -37.89226241 ], [ 145.30557513, -37.89221892 ], [ 145.30545405, -37.89218293 ], [ 145.30533723, -37.89214457 ], [ 145.30521, -37.89209876 ], [ 145.3043873, -37.89178879 ], [ 145.30411928, -37.8916839 ], [ 145.30370148, -37.89151521 ], [ 145.30293798, -37.89119283 ], [ 145.302709279999988, -37.89108968 ], [ 145.30249464, -37.8909879 ], [ 145.302135060000012, -37.89080491 ], [ 145.301340180000011, -37.89037906 ], [ 145.300603810000013, -37.88997586 ], [ 145.300377700000013, -37.88984391 ], [ 145.30017253, -37.8897163 ], [ 145.29992855, -37.88955083 ], [ 145.29962824, -37.88932281 ], [ 145.29932075, -37.88905134 ], [ 145.29917604, -37.88891551 ], [ 145.29904543, -37.88877998 ], [ 145.298887549999989, -37.8886043 ], [ 145.29878162, -37.88847831 ], [ 145.29851765, -37.88812456 ], [ 145.29841922, -37.8879793 ], [ 145.29833295, -37.8878344 ], [ 145.29817315, -37.8875492 ], [ 145.29797542, -37.88716811 ], [ 145.297819049999987, -37.88685799 ], [ 145.29752836, -37.88629206 ], [ 145.29735982, -37.88595203 ], [ 145.29721917, -37.88568504 ], [ 145.29710114, -37.88544794 ], [ 145.29593559, -37.88317029 ], [ 145.29583405, -37.88296822 ], [ 145.29579847, -37.88290353 ], [ 145.29559416, -37.88249819 ], [ 145.29549705, -37.88231609 ], [ 145.29540667, -37.882133 ], [ 145.29532394, -37.88197788 ], [ 145.295195524309435, -37.881726457352769 ] ] } },
{ "type": "Feature", "properties": { "from_stop": "Upper Ferntree Gully Railway Station", "to_stop": "Upwey Railway Station", "minutes": 58.4, "tier": 60, "centre": "southern-cross", "MODE": "METRO TRAIN" }, "geometry": { "type": "LineString", "coordinates": [ [ 145.331331186928054, -37.903693629687403 ], [ 145.331316390000012, -37.90368154 ], [ 145.33111734, -37.90350577 ], [ 145.330689049999989, -37.90311128 ], [ 145.330588479999989, -37.90302153 ], [ 145.33049788, -37.90294391 ], [ 145.33039295, -37.90286123 ], [ 145.33029011, -37.90278704 ], [ 145.33017055, -37.90271216 ], [ 145.33007337, -37.90265419 ], [ 145.3297628, -37.90247621 ], [ 145.329570929999988, -37.90235011 ], [ 145.32939986, -37.90224494 ], [ 145.32919088, -37.90213671 ], [ 145.328998320000011, -37.90204143 ], [ 145.32875347, -37.90192962 ], [ 145.32850754, -37.90183069 ], [ 145.32826866, -37.90174177 ], [ 145.3279345, -37.90162149 ], [ 145.32769983, -37.90152218 ], [ 145.32741845000001, -37.90139192 ], [ 145.327165189999988, -37.90126008 ], [ 145.32656101, -37.90093471 ], [ 145.32616556, -37.90071379 ], [ 145.32578615, -37.90049237 ], [ 145.325510259999987, -37.90034092 ], [ 145.32526003000001, -37.90021596 ], [ 145.325053489999988, -37.90012074 ], [ 145.32476773, -37.90000321 ], [ 145.3242305, -37.89979107 ], [ 145.32394677, -37.89966393 ], [ 145.32363006, -37.89950738 ], [ 145.323309490000014, -37.89932996 ], [ 145.32276126, -37.89902142 ], [ 145.321964869999988, -37.89858298 ], [ 145.321371559999989, -37.89824639 ], [ 145.32099116, -37.89802539 ], [ 145.3206276, -37.89781851 ], [ 145.32031090000001, -37.89764682 ], [ 145.320056099999988, -37.89749908 ], [ 145.3197663, -37.89730956 ], [ 145.318980970000013, -37.8967615 ], [ 145.31862245, -37.89653891 ], [ 145.31835117, -37.89639084 ], [ 145.31809458, -37.89625668 ], [ 145.31710478, -37.8957639 ], [ 145.31649042, -37.89544014 ], [ 145.316326299999986, -37.89534109 ], [ 145.31618695, -37.89524267 ], [ 145.315992130000012, -37.89508361 ], [ 145.315832910000012, -37.89493389 ], [ 145.31571402, -37.89480151 ], [ 145.31561258, -37.89468146 ], [ 145.31542565, -37.89443582 ], [ 145.31514929, -37.89404696 ], [ 145.31502747, -37.89389832 ], [ 145.314909879999988, -37.89376407 ], [ 145.31476415, -37.8936313 ], [ 145.31461059, -37.89350816 ], [ 145.31445897, -37.89339974 ], [ 145.3142378, -37.89326932 ], [ 145.31415285, -37.89322466 ], [ 145.31404815, -37.89317783 ], [ 145.313928229999988, -37.89313051 ], [ 145.31380375, -37.89308394 ], [ 145.313675249999989, -37.89304389 ], [ 145.31354545, -37.89301058 ], [ 145.313355879999989, -37.89297073 ], [ 145.31313673, -37.89293614 ], [ 145.31302621, -37.89292572 ], [ 145.31282335, -37.89291461 ], [ 145.31271014, -37.89291227 ], [ 145.31250344, -37.89291543 ], [ 145.311139200000014, -37.89297156 ], [ 145.310827210000014, -37.89297907 ], [ 145.31058611, -37.8929793 ], [ 145.310359260000013, -37.89297334 ], [ 145.31021637, -37.89296616 ], [ 145.30957751, -37.89293012 ], [ 145.309166229999988, -37.89290277 ], [ 145.30889155, -37.89287989 ], [ 145.30875009, -37.89286488 ], [ 145.30858397, -37.89284366 ], [ 145.308290050000011, -37.89279663 ], [ 145.30753059700416, -37.892669272960703 ] ] } },
{ "type": "Feature", "properties": { "from_stop": "Upwey Railway Station", "to_stop": "Upwey Station", "minutes": 58.4, "tier": 60, "centre": "southern-cross", "MODE": "METRO TRAIN" }, "geometry": { "type": "LineString", "coordinates": [ [ 145.331388044908039, -37.903740086709952 ], [ 145.33138329, -37.9037362 ], [ 145.331331186928054, -37.903693629687403 ] ] } },
{ "type": "Feature", "properties": { "from_stop": "Regent Station", "to_stop": "Verdun Grove", "minutes": 33.4, "tier": 45, "centre": "southern-cross", "MODE": "METRO TRAIN" }, "geometry": { "type": "LineString", "coordinates": [ [ 145.00280441000001, -37.72848442 ], [ 145.00263719, -37.72837344 ] ] } },
{ "type": "Feature", "properties": { "from_stop": "Johnston St", "to_stop": "Victoria Park Railway Station", "minutes": 14.4, "tier": 30, "centre": "southern-cross", "MODE": "METRO TRAIN" }, "geometry": { "type": "LineString", "coordinates": [ [ 144.99442399, -37.79975214 ], [ 144.99445143, -37.79915782 ] ] } },
{ "type": "Feature", "properties": { "from_stop": "Lulie St", "to_stop": "Victoria Park Station", "minutes": 14.4, "tier": 30, "centre": "southern-cross", "MODE": "METRO TRAIN" }, "geometry": { "type": "LineString", "coordinates": [ [ 144.994595690000011, -37.79886289 ], [ 144.99446229, -37.79917603 ] ] } },
{ "type": "Feature", "properties": { "from_stop": "Elizabeth St", "to_stop": "Victoria St", "minutes": 13.5, "tier": 15, "centre": "southern-cross", "MODE": "METRO TRAIN" }, "geometry": { "type": "LineString", "coordinates": [ [ 144.992563639999986, -37.81099422 ], [ 144.9927659, -37.80981712 ] ] } },
{ "type": "Feature", "properties": { "from_stop": "Keilor Plains Railway Station", "to_stop": "Watergardens Railway Station", "minutes": 58.0, "tier": 60, "centre": "southern-cross", "MODE": "METRO TRAIN" }, "geometry": { "type": "LineString", "coordinates": [ [ 144.793708239706575, -37.729288760266655 ], [ 144.79358621, -37.72890234 ], [ 144.7933878, -37.72825528 ], [ 144.79327858, -37.72791773 ], [ 144.792997500000013, -37.72702482 ], [ 144.79283794, -37.72656774 ], [ 144.79263805, -37.72603204 ], [ 144.7924557, -37.72557804 ], [ 144.79222495, -37.72506564 ], [ 144.79193534, -37.72446842 ], [ 144.79164031, -37.7238893 ], [ 144.79114813000001, -37.72303848 ], [ 144.79074436, -37.722401 ], [ 144.79036628, -37.72184186 ], [ 144.789773520000011, -37.72104736 ], [ 144.78951066, -37.72070792 ], [ 144.78871264, -37.71969383 ], [ 144.788305040000012, -37.71916341 ], [ 144.78751513, -37.71817155 ], [ 144.78659639, -37.71699603 ], [ 144.78557717000001, -37.71570282 ], [ 144.78476716, -37.71466847 ], [ 144.78403674, -37.71372762 ], [ 144.783362970000013, -37.71287326 ], [ 144.78269714000001, -37.71202346 ], [ 144.78257038000001, -37.71184643 ], [ 144.780789919999989, -37.70959939 ], [ 144.78043538, -37.70913781 ], [ 144.78000624, -37.70859561 ], [ 144.7794658, -37.70789847 ], [ 144.77900713, -37.70731596 ], [ 144.77864771, -37.70686302 ], [ 144.778475750000013, -37.70665783 ], [ 144.77807095, -37.70612563 ], [ 144.77768336, -37.70562476 ], [ 144.77718045, -37.70499032 ], [ 144.776794270000011, -37.70451488 ], [ 144.77617935, -37.70376937 ], [ 144.77610495, -37.70366289 ], [ 144.775963170000011, -37.70347701 ], [ 144.775750929999987, -37.7031822 ], [ 144.77534191, -37.70265171 ], [ 144.775088939999989, -37.70233451 ], [ 144.77499185, -37.70222093 ], [ 144.77463777, -37.70175771 ], [ 144.774147605809304, -37.701137076166205 ] ] } },
{ "type": "Feature", "properties": { "from_stop": "Jolimont-MCG Station", "to_stop": "Wellington Pde", "minutes": 10.6, "tier": 15, "centre": "southern-cross", "MODE": "METRO TRAIN" }, "geometry": { "type": "LineString", "coordinates": [ [ 144.984074889999988, -37.81655366 ], [ 144.98458928, -37.8164363 ] ] } },
{ "type": "Feature", "properties": { "from_stop": "Hoppers Crossing Railway Station", "to_stop": "Werribee Railway Station", "minutes": 38.7, "tier": 45, "centre": "southern-cross", "MODE": "METRO TRAIN" }, "geometry": { "type": "LineString", "coordinates": [ [ 144.700773362835008, -37.883446416676982 ], [ 144.69958017, -37.8839211 ], [ 144.6986011, -37.88432017 ], [ 144.69726272, -37.88487269 ], [ 144.69645666, -37.88518807 ], [ 144.69586934, -37.88542726 ], [ 144.6941017, -37.88616193 ], [ 144.693366770000011, -37.88646346 ], [ 144.692731149999986, -37.88673034 ], [ 144.69175753, -37.88714523 ], [ 144.6911728, -37.88737697 ], [ 144.689118259999987, -37.88821523 ], [ 144.687838840000012, -37.88875402 ], [ 144.68720184, -37.88901643 ], [ 144.68604303, -37.88950441 ], [ 144.68357545, -37.89052567 ], [ 144.683464140000012, -37.89056907 ], [ 144.68062742, -37.89162193 ], [ 144.68000045, -37.89188206 ], [ 144.67929985, -37.89215859 ], [ 144.66898315, -37.8963677 ], [ 144.6663223, -37.89741594 ], [ 144.665108190000012, -37.89790026 ], [ 144.66424222, -37.89825298 ], [ 144.662496479999987, -37.89896984 ], [ 144.66183403, -37.89925107 ], [ 144.661174772004699, -37.899518157115715 ] ] } },
{ "type": "Feature", "properties": { "from_stop": "Werribee Railway Station", "to_stop": "Werribee Station", "minutes": 36.0, "tier": 45, "centre": "southern-cross", "MODE": "METRO TRAIN" }, "geometry": { "type": "LineString", "coordinates": [ [ 144.661174772004699, -37.899518157115715 ], [ 144.660933790963071, -37.899615786468431 ] ] } },
{ "type": "Feature", "properties": { "from_stop": "Middle Footscray Station", "to_stop": "West Footscray Railway Station", "minutes": 29.7, "tier": 30, "centre": "southern-cross", "MODE": "METRO TRAIN" }, "geometry": { "type": "LineString", "coordinates": [ [ 144.883995856518737, -37.801706703436778 ], [ 144.88427633, -37.80173905 ], [ 144.88443178, -37.80176013 ], [ 144.885633320000011, -37.80189427 ], [ 144.886158529999989, -37.80194461 ], [ 144.88938024, -37.80229771 ], [ 144.89001780000001, -37.80235122 ], [ 144.89066322, -37.80239622 ], [ 144.89084817, -37.80240647 ], [ 144.89103429039136, -37.802423051582799 ] ] } },
{ "type": "Feature", "properties": { "from_stop": "West Footscray Railway Station", "to_stop": "West Footscray Station", "minutes": 29.8, "tier": 30, "centre": "southern-cross", "MODE": "METRO TRAIN" }, "geometry": { "type": "LineString", "coordinates": [ [ 144.883667645218623, -37.801668851346363 ], [ 144.883995856518737, -37.801706703436778 ] ] } },
{ "type": "Feature", "properties": { "from_stop": "Muir St", "to_stop": "West Richmond Railway Station", "minutes": 11.4, "tier": 15, "centre": "southern-cross", "MODE": "METRO TRAIN" }, "geometry": { "type": "LineString", "coordinates": [ [ 144.99160299, -37.81500611 ], [ 144.99142278, -37.81494896 ] ] } },
{ "type": "Feature", "properties": { "from_stop": "Wellington Pde", "to_stop": "West Richmond Station", "minutes": 10.7, "tier": 15, "centre": "southern-cross", "MODE": "METRO TRAIN" }, "geometry": { "type": "LineString", "coordinates": [ [ 144.984576320355814, -37.816553082254735 ], [ 144.98669583, -37.81678829 ], [ 144.9869323, -37.81681072 ], [ 144.98722595000001, -37.81682772 ], [ 144.98757083000001, -37.81683181 ], [ 144.98779908, -37.81682688 ], [ 144.988076330000013, -37.81680332 ], [ 144.988393730000013, -37.81676143 ], [ 144.98863895, -37.81670831 ], [ 144.98891488000001, -37.81662903 ], [ 144.98917898, -37.81654162 ], [ 144.989479319999987, -37.81642906 ], [ 144.989719369999989, -37.81632808 ], [ 144.98984651, -37.81626852 ], [ 144.98994208, -37.81621716 ], [ 144.990544, -37.81586228 ], [ 144.99096104, -37.81547594 ], [ 144.99109962, -37.81533384 ], [ 144.99124651, -37.81516161 ], [ 144.991311450000012, -37.81507918 ], [ 144.991407033117355, -37.814943395469669 ] ] } },
{ "type": "Feature", "properties": { "from_stop": "Ramp", "to_stop": "Westgarth Railway Station", "minutes": 20.4, "tier": 30, "centre": "southern-cross", "MODE": "METRO TRAIN" }, "geometry": { "type": "LineString", "coordinates": [ [ 144.999263637632566, -37.780647781335055 ], [ 144.99925478, -37.78065774 ], [ 144.99912258, -37.7808151 ], [ 144.99903128, -37.78093322 ], [ 144.998925430000014, -37.78108156 ], [ 144.99879607, -37.78127654 ], [ 144.998684090000012, -37.78147957 ], [ 144.998462960000012, -37.78190261 ], [ 144.9982714, -37.78228984 ], [ 144.99807328, -37.78266362 ], [ 144.9978748, -37.78302144 ], [ 144.99735561, -37.78392786 ], [ 144.99715805, -37.78425938 ], [ 144.99616027, -37.78585337 ], [ 144.99606373, -37.78601808 ], [ 144.99602256, -37.78609633 ], [ 144.99597965000001, -37.78619238 ], [ 144.995920969999986, -37.78634278 ], [ 144.995877220000011, -37.78647442 ], [ 144.99584292, -37.78662154 ], [ 144.99581199, -37.78677449 ], [ 144.995755699999989, -37.78708858 ], [ 144.99571498, -37.7872802 ], [ 144.99566163, -37.78750657 ], [ 144.99561857, -37.78771744 ], [ 144.99556404, -37.78802913 ], [ 144.99555059258509, -37.788111354382011 ] ] } },
{ "type": "Feature", "properties": { "from_stop": "Westgarth Railway Station", "to_stop": "Westgarth Station", "minutes": 20.4, "tier": 30, "centre": "southern-cross", "MODE": "METRO TRAIN" }, "geometry": { "type": "LineString", "coordinates": [ [ 144.999355366147853, -37.780544644902363 ], [ 144.99934448, -37.78055689 ], [ 144.999263637632566, -37.780647781335055 ] ] } },
{ "type": "Feature", "properties": { "from_stop": "Laverton Station", "to_stop": "Westona Railway Station", "minutes": 34.5, "tier": 45, "centre": "southern-cross", "MODE": "METRO TRAIN" }, "geometry": { "type": "LineString", "coordinates": [ [ 144.772898458656442, -37.863720873134859 ], [ 144.77309552, -37.8636648 ], [ 144.77422399, -37.86332921 ], [ 144.77447354, -37.86325932 ], [ 144.77555037, -37.86298509 ], [ 144.77762909, -37.86246313 ], [ 144.778039510000013, -37.86236572 ], [ 144.77868455, -37.86221848 ], [ 144.77915662, -37.8621042 ], [ 144.77958996000001, -37.86200424 ], [ 144.78020397, -37.86186804 ], [ 144.781050240000013, -37.86166583 ], [ 144.781665769999989, -37.86152821 ], [ 144.78186696, -37.86149009 ], [ 144.78212713, -37.86144877 ], [ 144.78237390000001, -37.86141809 ], [ 144.782648849999987, -37.86139165 ], [ 144.78288348000001, -37.8613757 ], [ 144.78313033, -37.86136512 ], [ 144.78332611, -37.8613598 ], [ 144.783669370000013, -37.86135977 ], [ 144.783825040000011, -37.86136514 ], [ 144.78403151, -37.86137461 ], [ 144.78423799, -37.86139157 ], [ 144.78465911, -37.86143707 ], [ 144.78632879, -37.86165521 ], [ 144.78704504000001, -37.86174473 ], [ 144.78876155, -37.86197822 ], [ 144.790647760000013, -37.86222749 ], [ 144.794767799999988, -37.8627839 ], [ 144.79846387, -37.86327312 ], [ 144.810348440000013, -37.86487504 ], [ 144.81069477, -37.8649141 ], [ 144.81120099, -37.86495848 ], [ 144.812675899999988, -37.86511071 ], [ 144.813490634657427, -37.865192588659227 ] ] } },
{ "type": "Feature", "properties": { "from_stop": "Altona Station", "to_stop": "Westona Station", "minutes": 32.0, "tier": 45, "centre": "southern-cross", "MODE": "METRO TRAIN" }, "geometry": { "type": "LineString", "coordinates": [ [ 144.814058375180508, -37.865249449664226 ], [ 144.81440293, -37.86527094 ], [ 144.815362130000011, -37.86531957 ], [ 144.81564628000001, -37.86533953 ], [ 144.81592903, -37.86536488 ], [ 144.81666671, -37.86544318 ], [ 144.816860420000012, -37.86546966 ], [ 144.81707645, -37.86550638 ], [ 144.81723839, -37.86553858 ], [ 144.817398059999988, -37.86557822 ], [ 144.81757481, -37.86562871 ], [ 144.81801836, -37.86578265 ], [ 144.818256749999989, -37.86586268 ], [ 144.8184046, -37.86590651 ], [ 144.818681379999987, -37.86597626 ], [ 144.818858729999988, -37.86601 ], [ 144.8189734, -37.86602646 ], [ 144.81938089, -37.86607726 ], [ 144.820733710000013, -37.86621568 ], [ 144.822894350000013, -37.86645636 ], [ 144.823527829999989, -37.86651881 ], [ 144.82571252, -37.86674258 ], [ 144.828562299999987, -37.86702526 ], [ 144.829443604360364, -37.86711846520749 ] ] } },
{ "type": "Feature", "properties": { "from_stop": "Aircraft Station", "to_stop": "Williams Landing Railway Station", "minutes": 33.1, "tier": 45, "centre": "southern-cross", "MODE": "METRO TRAIN" }, "geometry": { "type": "LineString", "coordinates": [ [ 144.747473742705608, -37.869978808396588 ], [ 144.74879062, -37.86964201 ], [ 144.74983131, -37.86938472 ], [ 144.751215449999989, -37.8690364 ], [ 144.75288102, -37.86860971 ], [ 144.75493828, -37.86808991 ], [ 144.756969950000013, -37.86758067 ], [ 144.75782826, -37.86736048 ], [ 144.75852172, -37.86717102 ], [ 144.759987489999986, -37.86673692 ], [ 144.76026915, -37.86666253 ], [ 144.760272368314446, -37.866661679012054 ] ] } },
{ "type": "Feature", "properties": { "from_stop": "Williams Landing Railway Station", "to_stop": "Williams Landing Station", "minutes": 30.1, "tier": 45, "centre": "southern-cross", "MODE": "METRO TRAIN" }, "geometry": { "type": "LineString", "coordinates": [ [ 144.747502414383234, -37.870093989976766 ], [ 144.745888155702431, -37.870501291946624 ] ] } },
{ "type": "Feature", "properties": { "from_stop": "Williamstown Beach Station", "to_stop": "Williamstown Beach Railway Station", "minutes": 24.1, "tier": 30, "centre": "southern-cross", "MODE": "METRO TRAIN" }, "geometry": { "type": "LineString", "coordinates": [ [ 144.894450274889039, -37.863960156166669 ], [ 144.894485100060677, -37.863979307769263 ] ] } },
{ "type": "Feature", "properties": { "from_stop": "North Williamstown Railway Station", "to_stop": "Williamstown Beach Station", "minutes": 24.1, "tier": 30, "centre": "southern-cross", "MODE": "METRO TRAIN" }, "geometry": { "type": "LineString", "coordinates": [ [ 144.889080928692778, -37.85732786796283 ], [ 144.88909431, -37.85735519 ], [ 144.88925233, -37.85766072 ], [ 144.88948278, -37.85812886 ], [ 144.890001, -37.8591953 ], [ 144.8901616, -37.85951828 ], [ 144.89050633, -37.86018428 ], [ 144.89063786, -37.8604149 ], [ 144.890958149999989, -37.86091376 ], [ 144.891213029999989, -37.86125518 ], [ 144.891382, -37.86146863 ], [ 144.89158052, -37.86170576 ], [ 144.89191175, -37.8620764 ], [ 144.89218293, -37.86233259 ], [ 144.892681610000011, -37.86277092 ], [ 144.89308265, -37.86308963 ], [ 144.893392260000013, -37.86330983 ], [ 144.89372337, -37.86352554 ], [ 144.894101690000014, -37.86376409 ], [ 144.89441886, -37.86394288 ], [ 144.894450274889039, -37.863960156166669 ] ] } },
{ "type": "Feature", "properties": { "from_stop": "Williamstown Beach Railway Station", "to_stop": "Williamstown Railway Station", "minutes": 27.9, "tier": 30, "centre": "southern-cross", "MODE": "METRO TRAIN" }, "geometry": { "type": "LineString", "coordinates": [ [ 144.894485100060677, -37.863979307769263 ], [ 144.89469071, -37.86409238 ], [ 144.89520164000001, -37.86434041 ], [ 144.89535841, -37.86440783 ], [ 144.89585605, -37.8646121 ], [ 144.896340149999986, -37.86478468 ], [ 144.89866694, -37.86556312 ], [ 144.89960301, -37.86587199 ], [ 144.90137063, -37.86646071 ], [ 144.90252912, -37.8668521 ], [ 144.903354439999987, -37.86712742 ], [ 144.90349812, -37.86717161 ], [ 144.90384008, -37.86727106 ], [ 144.90401678, -37.86731755 ], [ 144.905032260000013, -37.86765807 ] ] } },
{ "type": "Feature", "properties": { "from_stop": "Williamstown Beach Railway Station", "to_stop": "Williamstown Station", "minutes": 26.1, "tier": 30, "centre": "southern-cross", "MODE": "METRO TRAIN" }, "geometry": { "type": "LineString", "coordinates": [ [ 144.905032260000013, -37.86765807 ], [ 144.90401678, -37.86731755 ], [ 144.90384008, -37.86727106 ], [ 144.90344975, -37.86718192 ], [ 144.90326835, -37.86713291 ], [ 144.90319012, -37.86710944 ], [ 144.900890550000014, -37.86633788 ], [ 144.899581469999987, -37.86590594 ], [ 144.89896761, -37.8656988 ], [ 144.897655680000014, -37.86526426 ], [ 144.89686849, -37.86500066 ], [ 144.896393679999989, -37.86484502 ], [ 144.89588276, -37.86466403 ], [ 144.89534773, -37.86444378 ], [ 144.89502768, -37.86429432 ], [ 144.89467381, -37.86411506 ], [ 144.894470296444155, -37.864007124943399 ] ] } },
{ "type": "Feature", "properties": { "from_stop": "Willison Station", "to_stop": "Willison Railway Station", "minutes": 26.4, "tier": 30, "centre": "southern-cross", "MODE": "METRO TRAIN" }, "geometry": { "type": "LineString", "coordinates": [ [ 145.070300502286216, -37.835713782796645 ], [ 145.07027174000001, -37.83566846 ], [ 145.070264477727562, -37.835656955918914 ] ] } },
{ "type": "Feature", "properties": { "from_stop": "Riversdale Railway Station", "to_stop": "Willison Station", "minutes": 26.4, "tier": 30, "centre": "southern-cross", "MODE": "METRO TRAIN" }, "geometry": { "type": "LineString", "coordinates": [ [ 145.069674957861736, -37.831510533594837 ], [ 145.069672129999987, -37.83152659 ], [ 145.06941814000001, -37.83282284 ], [ 145.06940769, -37.8329099 ], [ 145.06938513, -37.83305607 ], [ 145.06935816, -37.83330597 ], [ 145.06935962, -37.83362493 ], [ 145.069398439999986, -37.83391404 ], [ 145.06947358, -37.83417463 ], [ 145.06959286, -37.83447217 ], [ 145.06971504, -37.8347148 ], [ 145.06990266, -37.8350368 ], [ 145.070287866170105, -37.835641884302817 ] ] } },
{ "type": "Feature", "properties": { "from_stop": "Windsor Station", "to_stop": "Windsor Railway Station", "minutes": 22.4, "tier": 30, "centre": "southern-cross", "MODE": "METRO TRAIN" }, "geometry": { "type": "LineString", "coordinates": [ [ 144.992024049846549, -37.856068136865943 ], [ 144.99195221, -37.85601508 ], [ 144.9919424018359, -37.856007766136351 ] ] } },
{ "type": "Feature", "properties": { "from_stop": "Prahran Station", "to_stop": "Windsor Station", "minutes": 22.4, "tier": 30, "centre": "southern-cross", "MODE": "METRO TRAIN" }, "geometry": { "type": "LineString", "coordinates": [ [ 144.989853889010845, -37.849719321144214 ], [ 144.98972016, -37.85052613 ], [ 144.98964174, -37.85101557 ], [ 144.98960775, -37.85126264 ], [ 144.989587809999989, -37.8514528 ], [ 144.98957718, -37.85182724 ], [ 144.98958761, -37.85207948 ], [ 144.9896065, -37.85230428 ], [ 144.989638539999987, -37.85254752 ], [ 144.98968584, -37.85281462 ], [ 144.98973061, -37.85299048 ], [ 144.989796070000011, -37.85322104 ], [ 144.989878760000011, -37.85345694 ], [ 144.9899644, -37.85366828 ], [ 144.99006846, -37.85388373 ], [ 144.99017633, -37.85408401 ], [ 144.990397050000013, -37.85445239 ], [ 144.99053458, -37.85465724 ], [ 144.99069114, -37.85486862 ], [ 144.99083506, -37.85503951 ], [ 144.990961309999989, -37.85517422 ], [ 144.99104367000001, -37.85525538 ], [ 144.99118947, -37.85538602 ], [ 144.991317790000011, -37.85549076 ], [ 144.99175595, -37.8558214 ], [ 144.991965547150983, -37.855975832224637 ] ] } },
{ "type": "Feature", "properties": { "from_stop": "Jolimont-MCG Station", "to_stop": "Yarra Park", "minutes": 9.6, "tier": 15, "centre": "southern-cross", "MODE": "METRO TRAIN" }, "geometry": { "type": "LineString", "coordinates": [ [ 144.984074889999988, -37.81655366 ], [ 144.98438866, -37.81671223 ] ] } },
{ "type": "Feature", "properties": { "from_stop": "Yarraville Station", "to_stop": "Yarraville Railway Station", "minutes": 15.1, "tier": 30, "centre": "southern-cross", "MODE": "METRO TRAIN" }, "geometry": { "type": "LineString", "coordinates": [ [ 144.889982694759311, -37.815760107119495 ], [ 144.88996126, -37.81580047 ], [ 144.889937307178315, -37.815852108570034 ] ] } },
{ "type": "Feature", "properties": { "from_stop": "Seddon Station", "to_stop": "Yarraville Station", "minutes": 16.2, "tier": 30, "centre": "southern-cross", "MODE": "METRO TRAIN" }, "geometry": { "type": "LineString", "coordinates": [ [ 144.895657916811786, -37.80904532292768 ], [ 144.894727890000013, -37.81004534 ], [ 144.894418050000013, -37.81036431 ], [ 144.89375242, -37.81109172 ], [ 144.893221399999987, -37.81166293 ], [ 144.89193218, -37.81303982 ], [ 144.89148795, -37.81352994 ], [ 144.891324559999987, -37.81372329 ], [ 144.89111878, -37.81397716 ], [ 144.890977740000011, -37.81416324 ], [ 144.89082921, -37.81436497 ], [ 144.89070808, -37.81453771 ], [ 144.89056401, -37.81475051 ], [ 144.890474579999989, -37.81488733 ], [ 144.89035504, -37.81508398 ], [ 144.89023025, -37.81529379 ], [ 144.89000051, -37.81572656 ], [ 144.889982694759311, -37.815760107119495 ] ] } },
{ "type": "Feature", "properties": { "from_stop": "Hawkstowe Railway Station", "to_stop": "lift", "minutes": 57.6, "tier": 60, "centre": "southern-cross", "MODE": "METRO TRAIN" }, "geometry": { "type": "LineString", "coordinates": [ [ 145.09729471, -37.62297489 ], [ 145.09740652, -37.62258917 ] ] } }
]
}
