{
"type": "FeatureCollection",
"name": "commute_mst_metro_tram__southern-cross",
"crs": { "type": "name", "properties": { "name": "urn:ogc:def:crs:OGC:1.3:CRS84" } },
"features": [
{ "type": "Feature", "properties": { "from_stop": "Canterbury Rd/Malvern Rd #36", "to_stop": "A'Beckett St/Malvern Rd #36", "minutes": 46.1, "tier": 60, "centre": "southern-cross", "MODE": "METRO TRAM" }, "geometry": { "type": "LineString", "coordinates": [ [ 145.009329583962852, -37.848880600984387 ], [ 145.009986119138233, -37.848967114174563 ] ] } },
{ "type": "Feature", "properties": { "from_stop": "Shrine of Remembrance/St Kilda Rd #19", "to_stop": "ANZAC Station/St Kilda Rd #20", "minutes": 17.5, "tier": 30, "centre": "southern-cross", "MODE": "METRO TRAM" }, "geometry": { "type": "LineString", "coordinates": [ [ 144.971331046687197, -37.828795665199934 ], [ 144.97133043, -37.82880335 ], [ 144.97130427, -37.82915706 ], [ 144.9713068, -37.82931778 ], [ 144.9713698, -37.83043587 ], [ 144.97139069, -37.8309964 ], [ 144.97141274, -37.83119919 ], [ 144.9714483, -37.83141933 ], [ 144.9715363, -37.83168678 ], [ 144.97156543, -37.83176019 ], [ 144.97173984, -37.83213754 ], [ 144.97180961, -37.83224941 ], [ 144.97186638, -37.83232554 ], [ 144.971963530000011, -37.83241679 ], [ 144.97206903, -37.83255568 ], [ 144.972227, -37.83272449 ], [ 144.97230635, -37.83282687 ], [ 144.97234778, -37.83286976 ], [ 144.97241025, -37.83292887 ], [ 144.97249725, -37.83300048 ], [ 144.97251092162, -37.833009745814152 ] ] } },
{ "type": "Feature", "properties": { "from_stop": "Royal Childrens Hospital/Flemington Rd #19", "to_stop": "Abbotsford St Interchange/Abbotsford St #19", "minutes": 23.1, "tier": 30, "centre": "southern-cross", "MODE": "METRO TRAM" }, "geometry": { "type": "LineString", "coordinates": [ [ 144.948334505595653, -37.79431690003662 ], [ 144.9480862, -37.79411897 ] ] } },
{ "type": "Feature", "properties": { "from_stop": "Curzon St/Queensberry St #13", "to_stop": "Abbotsford St/Queensberry St #14", "minutes": 18.8, "tier": 30, "centre": "southern-cross", "MODE": "METRO TRAM" }, "geometry": { "type": "LineString", "coordinates": [ [ 144.945808353473467, -37.802609523090261 ], [ 144.947942209252943, -37.802846948191778 ] ] } },
{ "type": "Feature", "properties": { "from_stop": "Church St/Bridge Rd #18", "to_stop": "Abinger St/Church St #60", "minutes": 26.8, "tier": 30, "centre": "southern-cross", "MODE": "METRO TRAM" }, "geometry": { "type": "LineString", "coordinates": [ [ 144.998790930000013, -37.81847187 ], [ 144.998809670000014, -37.82030159 ] ] } },
{ "type": "Feature", "properties": { "from_stop": "Fitzroy St/Park St #143", "to_stop": "Acland St/Fitzroy St #135", "minutes": 22.3, "tier": 30, "centre": "southern-cross", "MODE": "METRO TRAM" }, "geometry": { "type": "LineString", "coordinates": [ [ 144.974685510631559, -37.861378595801177 ], [ 144.97344915703016, -37.862112682727279 ] ] } },
{ "type": "Feature", "properties": { "from_stop": "Cotter St/Church St #54", "to_stop": "Adelaide St/Church St #55", "minutes": 30.2, "tier": 45, "centre": "southern-cross", "MODE": "METRO TRAM" }, "geometry": { "type": "LineString", "coordinates": [ [ 144.997057070000011, -37.83050017 ], [ 144.99726883, -37.82897177 ] ] } },
{ "type": "Feature", "properties": { "from_stop": "Chatsworth Rd/High St #36", "to_stop": "Airlie Ave/High St #37", "minutes": 43.7, "tier": 45, "centre": "southern-cross", "MODE": "METRO TRAM" }, "geometry": { "type": "LineString", "coordinates": [ [ 145.008646277880644, -37.853927338781787 ], [ 145.0068823, -37.85369823 ], [ 145.006267687523717, -37.853617154083928 ] ] } },
{ "type": "Feature", "properties": { "from_stop": "Murray St/Malvern Rd #41", "to_stop": "Albany Rd/Malvern Rd #41", "minutes": 56.0, "tier": 60, "centre": "southern-cross", "MODE": "METRO TRAM" }, "geometry": { "type": "LineString", "coordinates": [ [ 145.023929014228912, -37.850799850849064 ], [ 145.02394793, -37.85080236 ], [ 145.02395038457658, -37.850802685966244 ] ] } },
{ "type": "Feature", "properties": { "from_stop": "Canterbury Rd/Albert Rd #132", "to_stop": "Albert Park Station/Light Rail #128", "minutes": 16.7, "tier": 30, "centre": "southern-cross", "MODE": "METRO TRAM" }, "geometry": { "type": "LineString", "coordinates": [ [ 144.959650452232722, -37.84220842022907 ], [ 144.95964586, -37.84220048 ], [ 144.95945488000001, -37.84182778 ], [ 144.95929834, -37.84155364 ], [ 144.958681162188526, -37.840265152045703 ] ] } },
{ "type": "Feature", "properties": { "from_stop": "Clarendon St/Albert Rd #130", "to_stop": "Albert Rd/Clarendon St #130", "minutes": 14.1, "tier": 15, "centre": "southern-cross", "MODE": "METRO TRAM" }, "geometry": { "type": "LineString", "coordinates": [ [ 144.962889945877691, -37.839553784350791 ], [ 144.962897590000011, -37.83954941 ], [ 144.963253759999986, -37.83934136 ], [ 144.963302090000013, -37.83930687 ], [ 144.96332389, -37.83928697 ], [ 144.96333658, -37.83927169 ], [ 144.96335201, -37.83925177 ], [ 144.9633648, -37.83922883 ], [ 144.96337994000001, -37.83919071 ], [ 144.96337956, -37.83915519 ], [ 144.963368120000013, -37.83910408 ], [ 144.963306192372386, -37.838969366812968 ] ] } },
{ "type": "Feature", "properties": { "from_stop": "Parliament Railway Station/Macarthur St #10", "to_stop": "Albert St/Gisborne St #11", "minutes": 13.1, "tier": 15, "centre": "southern-cross", "MODE": "METRO TRAM" }, "geometry": { "type": "LineString", "coordinates": [ [ 144.974379280849405, -37.812316140923123 ], [ 144.974403419999987, -37.81227443 ], [ 144.97445081, -37.81219883 ], [ 144.97470435, -37.81178306 ], [ 144.97477301, -37.81166069 ], [ 144.975417420000014, -37.81058333 ], [ 144.97546058, -37.81049593 ], [ 144.97549165, -37.81040238 ], [ 144.97561148, -37.80969125 ], [ 144.975624, -37.80958648 ], [ 144.975647220000013, -37.80947676 ], [ 144.97565623, -37.80940878 ], [ 144.975661017240014, -37.809379380913505 ] ] } },
{ "type": "Feature", "properties": { "from_stop": "Glenlyon Rd/Lygon St #122", "to_stop": "Albert St/Lygon St #123", "minutes": 33.5, "tier": 45, "centre": "southern-cross", "MODE": "METRO TRAM" }, "geometry": { "type": "LineString", "coordinates": [ [ 144.971472755710238, -37.772746394916553 ], [ 144.97147335, -37.77274267 ], [ 144.971522779999987, -37.7724546 ], [ 144.971998213628183, -37.769790128288427 ] ] } },
{ "type": "Feature", "properties": { "from_stop": "Bourke St/Spring St #0", "to_stop": "Albert St/Nicholson St #10", "minutes": 10.8, "tier": 15, "centre": "southern-cross", "MODE": "METRO TRAM" }, "geometry": { "type": "LineString", "coordinates": [ [ 144.972914094732033, -37.811330475867379 ], [ 144.97292162, -37.81132297 ], [ 144.97294473, -37.81128363 ], [ 144.97295488, -37.81125731 ], [ 144.97296122, -37.81121254 ], [ 144.97295705, -37.81117804 ], [ 144.97295096, -37.81115568 ], [ 144.97290091, -37.81101712 ], [ 144.9728518, -37.81091894 ], [ 144.97282884, -37.81085691 ], [ 144.97281286, -37.81080581 ], [ 144.97279977, -37.81074872 ], [ 144.97278612, -37.81067071 ], [ 144.972769160000013, -37.81055128 ], [ 144.972766299999989, -37.81048166 ], [ 144.97276684, -37.81040768 ], [ 144.97277927, -37.81025641 ], [ 144.97279504, -37.81013664 ], [ 144.97282712, -37.80994813 ], [ 144.97286940660652, -37.809664107813028 ] ] } },
{ "type": "Feature", "properties": { "from_stop": "Glenlyon Rd/Nicholson St #21", "to_stop": "Albert St/Nicholson St #22", "minutes": 26.1, "tier": 30, "centre": "southern-cross", "MODE": "METRO TRAM" }, "geometry": { "type": "LineString", "coordinates": [ [ 144.979744342371248, -37.770407125988768 ], [ 144.97974324, -37.77041393 ], [ 144.97973163, -37.77048573 ], [ 144.9797034, -37.77063034 ], [ 144.97956749, -37.77145277 ], [ 144.97927527245028, -37.773186721952385 ] ] } },
{ "type": "Feature", "properties": { "from_stop": "Glenlyon Rd/Sydney Rd #21", "to_stop": "Albert St/Sydney Rd #22", "minutes": 35.4, "tier": 45, "centre": "southern-cross", "MODE": "METRO TRAM" }, "geometry": { "type": "LineString", "coordinates": [ [ 144.961374738199027, -37.771350153934236 ], [ 144.961540320000012, -37.77038096 ], [ 144.9616719, -37.76956667 ], [ 144.961783817395059, -37.768958594038608 ] ] } },
{ "type": "Feature", "properties": { "from_stop": "Albion St/Lygon St #127", "to_stop": "Albion St/Holmes St #127", "minutes": 37.4, "tier": 45, "centre": "southern-cross", "MODE": "METRO TRAM" }, "geometry": { "type": "LineString", "coordinates": [ [ 144.973315344418097, -37.762381332587829 ], [ 144.97331705, -37.76237412 ], [ 144.97332667, -37.76233787 ], [ 144.973338750000011, -37.7623069 ], [ 144.9733611, -37.76226998 ], [ 144.973390630000011, -37.76223624 ], [ 144.97342292, -37.7622094 ], [ 144.973459319999989, -37.76219002 ], [ 144.97350967, -37.76217106 ], [ 144.97359456, -37.76215107 ], [ 144.97372814, -37.7621312 ], [ 144.97377069, -37.76211922 ], [ 144.9738381, -37.76209082 ], [ 144.973861050000011, -37.76207761 ], [ 144.97389035, -37.76205234 ], [ 144.973910280000013, -37.76202898 ], [ 144.973925900000012, -37.76200149 ], [ 144.973943029999987, -37.76196043 ], [ 144.9739604213012, -37.761868381389476 ] ] } },
{ "type": "Feature", "properties": { "from_stop": "Stewart St/Lygon St #126", "to_stop": "Albion St/Lygon St #127", "minutes": 36.6, "tier": 45, "centre": "southern-cross", "MODE": "METRO TRAM" }, "geometry": { "type": "LineString", "coordinates": [ [ 144.973355882664691, -37.762392300934557 ], [ 144.97334844, -37.76242188 ], [ 144.973093479999989, -37.76386912 ], [ 144.9730142, -37.76429077 ], [ 144.972987256379923, -37.764442006066083 ] ] } },
{ "type": "Feature", "properties": { "from_stop": "Hope St/Melville Rd #36", "to_stop": "Albion St/Melville Rd #37", "minutes": 37.6, "tier": 45, "centre": "southern-cross", "MODE": "METRO TRAM" }, "geometry": { "type": "LineString", "coordinates": [ [ 144.944911549915673, -37.758547326443804 ], [ 144.9449099, -37.75855562 ], [ 144.94488777, -37.75866599 ], [ 144.944294658406136, -37.762024346863846 ] ] } },
{ "type": "Feature", "properties": { "from_stop": "Stewart St/Sydney Rd #25", "to_stop": "Albion St/Sydney Rd #26", "minutes": 39.8, "tier": 45, "centre": "southern-cross", "MODE": "METRO TRAM" }, "geometry": { "type": "LineString", "coordinates": [ [ 144.962767132896062, -37.763244730494534 ], [ 144.9627682, -37.76323852 ], [ 144.963023490000012, -37.76176157 ], [ 144.96309034, -37.7613398 ], [ 144.963153648658704, -37.760970619487068 ] ] } },
{ "type": "Feature", "properties": { "from_stop": "Leicester St/Brunswick St #17", "to_stop": "Alexandra Pde/Brunswick St #18", "minutes": 22.5, "tier": 30, "centre": "southern-cross", "MODE": "METRO TRAM" }, "geometry": { "type": "LineString", "coordinates": [ [ 144.978912278587558, -37.795639092456042 ], [ 144.97891356, -37.79563154 ], [ 144.979252109558104, -37.79363548123245 ] ] } },
{ "type": "Feature", "properties": { "from_stop": "Rose St/Nicholson St #14", "to_stop": "Alexandra Pde/Nicholson St #15", "minutes": 17.0, "tier": 30, "centre": "southern-cross", "MODE": "METRO TRAM" }, "geometry": { "type": "LineString", "coordinates": [ [ 144.97595047742135, -37.792023194796364 ], [ 144.97592359, -37.79215714 ], [ 144.975865739999989, -37.79238748 ], [ 144.97583813, -37.79251299 ], [ 144.97576096, -37.79291449 ], [ 144.97573116, -37.79308268 ], [ 144.97540853000001, -37.79513778 ], [ 144.975388303586868, -37.795254144421527 ] ] } },
{ "type": "Feature", "properties": { "from_stop": "Keele St/Smith St #20", "to_stop": "Alexandra Pde/Smith St #21", "minutes": 22.6, "tier": 30, "centre": "southern-cross", "MODE": "METRO TRAM" }, "geometry": { "type": "LineString", "coordinates": [ [ 144.9851221596644, -37.794174756081709 ], [ 144.98491809, -37.79533323 ], [ 144.984686085862251, -37.796683029874991 ] ] } },
{ "type": "Feature", "properties": { "from_stop": "Williams Rd/Dandenong Rd #35", "to_stop": "Alexandra St/Dandenong Rd #36", "minutes": 40.7, "tier": 45, "centre": "southern-cross", "MODE": "METRO TRAM" }, "geometry": { "type": "LineString", "coordinates": [ [ 145.00165419713187, -37.859033393350458 ], [ 145.002058229999989, -37.85908829 ], [ 145.004303404253676, -37.859392413499087 ] ] } },
{ "type": "Feature", "properties": { "from_stop": "Fitzroy Bowls Club/Brunswick St #20", "to_stop": "Alfred Cres/St Georges Rd #21", "minutes": 28.9, "tier": 30, "centre": "southern-cross", "MODE": "METRO TRAM" }, "geometry": { "type": "LineString", "coordinates": [ [ 144.981981297056734, -37.785486366920075 ], [ 144.98185401, -37.78563226 ], [ 144.98171799, -37.78579466 ], [ 144.980905220000011, -37.7867404 ], [ 144.9807232, -37.78694879 ], [ 144.980647190000013, -37.78704229 ], [ 144.98058389, -37.78713177 ], [ 144.98050095, -37.78726291 ], [ 144.980455150000012, -37.78734323 ], [ 144.980406249999987, -37.78744207 ], [ 144.98034683, -37.78758506 ], [ 144.98032016, -37.78765931 ], [ 144.9802817, -37.7877959 ], [ 144.98026325, -37.78788128 ], [ 144.98021388, -37.78817197 ], [ 144.980190068696004, -37.78831243494669 ] ] } },
{ "type": "Feature", "properties": { "from_stop": "Commercial Rd/St Kilda Rd #25", "to_stop": "Alfred Hospital/Commercial Rd #26", "minutes": 29.2, "tier": 30, "centre": "southern-cross", "MODE": "METRO TRAM" }, "geometry": { "type": "LineString", "coordinates": [ [ 144.978601031825718, -37.844534180842004 ], [ 144.97860122, -37.84453469 ], [ 144.97865169, -37.84467154 ], [ 144.978678190000011, -37.84471633 ], [ 144.97870258, -37.84474694 ], [ 144.978754009999989, -37.84479054 ], [ 144.9788278, -37.84483101 ], [ 144.97887325, -37.84484756 ], [ 144.97890646, -37.84485516 ], [ 144.97902991, -37.84487476 ], [ 144.97952023, -37.84493454 ], [ 144.97979523, -37.84497261 ], [ 144.9815798, -37.84520418 ], [ 144.982223132449576, -37.845289757851745 ] ] } },
{ "type": "Feature", "properties": { "from_stop": "Jacka Bvd/Fitzroy St #135", "to_stop": "Alfred Square/The Esplanade #136", "minutes": 22.9, "tier": 30, "centre": "southern-cross", "MODE": "METRO TRAM" }, "geometry": { "type": "LineString", "coordinates": [ [ 144.972990021766293, -37.862391301856711 ], [ 144.97298652, -37.86239363 ], [ 144.972956259999989, -37.86241546 ], [ 144.97291275, -37.86245598 ], [ 144.97282848, -37.86255276 ], [ 144.97276495, -37.86263529 ], [ 144.97272826, -37.86268828 ], [ 144.97270308, -37.86272804 ], [ 144.97267509, -37.86278289 ], [ 144.97264637, -37.86285187 ], [ 144.97262557, -37.86291802 ], [ 144.97260639000001, -37.86298771 ], [ 144.97247232, -37.86372346 ], [ 144.972464519999988, -37.86383823 ], [ 144.97247678, -37.86394667 ], [ 144.972503460000013, -37.86405554 ], [ 144.97254161, -37.86416091 ], [ 144.972584360000013, -37.864256 ], [ 144.97263916, -37.86435499 ], [ 144.97270647, -37.86444573 ], [ 144.972778409999989, -37.86453348 ], [ 144.97293417, -37.86470243 ], [ 144.97303735, -37.86480324 ], [ 144.97308756000001, -37.8648461 ], [ 144.97313212, -37.86487913 ], [ 144.97322725, -37.8649461 ], [ 144.973521917332022, -37.865143082974718 ] ] } },
{ "type": "Feature", "properties": { "from_stop": "Sidwell Ave/Balaclava Rd #42", "to_stop": "Allan Rd/Balaclava Rd #42", "minutes": 42.1, "tier": 45, "centre": "southern-cross", "MODE": "METRO TRAM" }, "geometry": { "type": "LineString", "coordinates": [ [ 145.005309248261028, -37.870224513911779 ], [ 145.00531122000001, -37.87022476 ], [ 145.005594842238992, -37.870260197937228 ] ] } },
{ "type": "Feature", "properties": { "from_stop": "St Michaels Grammar School/Chapel St #41", "to_stop": "Alma Rd/Chapel St #40", "minutes": 38.2, "tier": 45, "centre": "southern-cross", "MODE": "METRO TRAM" }, "geometry": { "type": "LineString", "coordinates": [ [ 144.991562071459384, -37.861586640356023 ], [ 144.9915634, -37.86157923 ], [ 144.991818529999989, -37.86015729 ], [ 144.991931973617682, -37.859539739547095 ] ] } },
{ "type": "Feature", "properties": { "from_stop": "Barkly St/St Kilda Rd #31", "to_stop": "Alma Rd/St Kilda Rd #32", "minutes": 27.1, "tier": 30, "centre": "southern-cross", "MODE": "METRO TRAM" }, "geometry": { "type": "LineString", "coordinates": [ [ 144.984075360412447, -37.859937127158958 ], [ 144.983499849999987, -37.85824093 ], [ 144.983465560000013, -37.8581605 ], [ 144.983436110000014, -37.85810268 ], [ 144.98341333, -37.85806246 ], [ 144.983353174527451, -37.857970379585304 ] ] } },
{ "type": "Feature", "properties": { "from_stop": "Abbotsford St/Queensberry St #14", "to_stop": "Arden St/Abbotsford St #15", "minutes": 18.8, "tier": 30, "centre": "southern-cross", "MODE": "METRO TRAM" }, "geometry": { "type": "LineString", "coordinates": [ [ 144.94580241, -37.80266294 ], [ 144.945848579999989, -37.80099657 ] ] } },
{ "type": "Feature", "properties": { "from_stop": "Inkerman St/Chapel St #38", "to_stop": "Argyle St/Chapel St #39", "minutes": 37.4, "tier": 45, "centre": "southern-cross", "MODE": "METRO TRAM" }, "geometry": { "type": "LineString", "coordinates": [ [ 144.991272732380764, -37.863407418879497 ], [ 144.99095168, -37.86519385 ], [ 144.990905196737202, -37.865459982485554 ] ] } },
{ "type": "Feature", "properties": { "from_stop": "Alma Rd/St Kilda Rd #32", "to_stop": "Argyle St/St Kilda Rd #33", "minutes": 29.5, "tier": 30, "centre": "southern-cross", "MODE": "METRO TRAM" }, "geometry": { "type": "LineString", "coordinates": [ [ 144.984931062517205, -37.862469507396185 ], [ 144.98493106, -37.8624695 ], [ 144.98407737, -37.85994305 ], [ 144.984075360412447, -37.859937127158958 ] ] } },
{ "type": "Feature", "properties": { "from_stop": "Wattletree Rd/Dandenong Rd #40", "to_stop": "Armadale St/Wattletree Rd #41", "minutes": 49.6, "tier": 60, "centre": "southern-cross", "MODE": "METRO TRAM" }, "geometry": { "type": "LineString", "coordinates": [ [ 145.01516013, -37.86086665 ], [ 145.015283329999988, -37.86090117 ], [ 145.01546516, -37.86096192 ], [ 145.015590949999989, -37.86101 ], [ 145.017422645873523, -37.861803305599935 ] ] } },
{ "type": "Feature", "properties": { "from_stop": "Auburn Gr/High St #39", "to_stop": "Armadale Station/High St #40", "minutes": 49.6, "tier": 60, "centre": "southern-cross", "MODE": "METRO TRAM" }, "geometry": { "type": "LineString", "coordinates": [ [ 145.018237995983327, -37.85518925141966 ], [ 145.015370710000013, -37.85480844 ], [ 145.014965050301441, -37.85475497442836 ] ] } },
{ "type": "Feature", "properties": { "from_stop": "Harold St/Danks St #137", "to_stop": "Armstrong St/Danks St #138", "minutes": 19.8, "tier": 30, "centre": "southern-cross", "MODE": "METRO TRAM" }, "geometry": { "type": "LineString", "coordinates": [ [ 144.962490195848545, -37.853001965133515 ], [ 144.96167922, -37.85258188 ], [ 144.961259750000011, -37.85235797 ], [ 144.96064985000001, -37.85204587 ], [ 144.9600993, -37.85175796 ], [ 144.9595809, -37.85149106 ], [ 144.95922635, -37.85130405 ], [ 144.959213714416023, -37.851297450423644 ] ] } },
{ "type": "Feature", "properties": { "from_stop": "Cliff St/Chapel St #48", "to_stop": "Arthur St/Chapel St #49", "minutes": 36.5, "tier": 45, "centre": "southern-cross", "MODE": "METRO TRAM" }, "geometry": { "type": "LineString", "coordinates": [ [ 144.99465086, -37.84383268 ], [ 144.99508634, -37.84201972 ] ] } },
{ "type": "Feature", "properties": { "from_stop": "Wanda Rd/Hawthorn Rd #49", "to_stop": "Arthur St/Hawthorn Rd #49", "minutes": 51.4, "tier": 60, "centre": "southern-cross", "MODE": "METRO TRAM" }, "geometry": { "type": "LineString", "coordinates": [ [ 145.025669200723371, -37.867673765329009 ], [ 145.02566723000001, -37.86768415 ], [ 145.025606509497038, -37.868008768185035 ] ] } },
{ "type": "Feature", "properties": { "from_stop": "Toorak Rd/St Kilda Rd #22", "to_stop": "Arthur St/St Kilda Rd #23", "minutes": 21.9, "tier": 30, "centre": "southern-cross", "MODE": "METRO TRAM" }, "geometry": { "type": "LineString", "coordinates": [ [ 144.97650470082678, -37.838879659042554 ], [ 144.975806049999989, -37.83700502 ], [ 144.97564405, -37.83655903 ], [ 144.97561618, -37.83647691 ], [ 144.97557643, -37.83637647 ], [ 144.97551604, -37.83624944 ], [ 144.975364360547815, -37.835970580164513 ] ] } },
{ "type": "Feature", "properties": { "from_stop": "Mitchell St/High St #32", "to_stop": "Arthurton Rd/High St #33", "minutes": 42.0, "tier": 45, "centre": "southern-cross", "MODE": "METRO TRAM" }, "geometry": { "type": "LineString", "coordinates": [ [ 144.999022594494761, -37.769438471451757 ], [ 144.998670492487747, -37.771158672969243 ] ] } },
{ "type": "Feature", "properties": { "from_stop": "Sumner Ave/St Georges Rd #28", "to_stop": "Arthurton Rd/St Georges Rd #29", "minutes": 39.0, "tier": 45, "centre": "southern-cross", "MODE": "METRO TRAM" }, "geometry": { "type": "LineString", "coordinates": [ [ 144.991430053877451, -37.768629085849319 ], [ 144.991396439999988, -37.76871423 ], [ 144.99123115, -37.76909154 ], [ 144.99119271, -37.76919073 ], [ 144.991158250000012, -37.76928504 ], [ 144.991094479999987, -37.76950627 ], [ 144.990695280000011, -37.77147486 ], [ 144.990674654973134, -37.771578814822256 ] ] } },
{ "type": "Feature", "properties": { "from_stop": "Federation Square/Swanston St #13", "to_stop": "Arts Precinct/St Kilda Rd #14", "minutes": 11.1, "tier": 15, "centre": "southern-cross", "MODE": "METRO TRAM" }, "geometry": { "type": "LineString", "coordinates": [ [ 144.969449599726914, -37.821875363975828 ], [ 144.96927761, -37.8215007 ], [ 144.96919294, -37.8213236 ], [ 144.96909971, -37.82107759 ], [ 144.968804580000011, -37.82043042 ], [ 144.96874155, -37.82032218 ], [ 144.96870002, -37.82024171 ], [ 144.96795576, -37.81861946 ], [ 144.967906170011815, -37.81851041756741 ] ] } },
{ "type": "Feature", "properties": { "from_stop": "Arts Precinct/St Kilda Rd #14", "to_stop": "Arts Precinct/Sturt St #17", "minutes": 15.0, "tier": 30, "centre": "southern-cross", "MODE": "METRO TRAM" }, "geometry": { "type": "LineString", "coordinates": [ [ 144.9672247912155, -37.823789329880867 ], [ 144.96722652, -37.82378367 ], [ 144.9672704, -37.82364601 ], [ 144.96729503, -37.82360137 ], [ 144.96732757, -37.82356246 ], [ 144.96736062, -37.82353366 ], [ 144.967405250000013, -37.82350541 ], [ 144.96743314, -37.82349111 ], [ 144.96747799, -37.8234753 ], [ 144.96751265, -37.8234668 ], [ 144.967565900000011, -37.82345979 ], [ 144.96759363000001, -37.82345928 ], [ 144.967686570000012, -37.82346746 ], [ 144.96854894, -37.8236469 ], [ 144.96863903, -37.82365918 ], [ 144.968724150000014, -37.82366236 ], [ 144.96877679, -37.82366101 ], [ 144.968838260000012, -37.82365657 ], [ 144.96894819, -37.82363747 ], [ 144.96908292, -37.82360456 ], [ 144.969780289999989, -37.82340022 ], [ 144.96981962000001, -37.82338711 ], [ 144.96986267, -37.82336676 ], [ 144.96989556, -37.82334777 ], [ 144.96993386, -37.82331437 ], [ 144.96995325, -37.82329073 ], [ 144.969967450000013, -37.82326574 ], [ 144.969978059999988, -37.8232434 ], [ 144.969989410000011, -37.82320656 ], [ 144.96999136, -37.82318109 ], [ 144.96998948000001, -37.82315023 ], [ 144.96997668, -37.82310306 ], [ 144.96981645, -37.82274821 ], [ 144.96979965, -37.82270629 ], [ 144.96975806, -37.8225575 ], [ 144.96972187, -37.82246848 ], [ 144.969449599726914, -37.821875363975828 ] ] } },
{ "type": "Feature", "properties": { "from_stop": "Maribyrnong Rd/Ascot Vale Rd #34", "to_stop": "Ascot Vale Rd/Maribyrnong Rd #34", "minutes": 47.5, "tier": 60, "centre": "southern-cross", "MODE": "METRO TRAM" }, "geometry": { "type": "LineString", "coordinates": [ [ 144.923704928630286, -37.772519656069996 ], [ 144.92373681, -37.77251983 ], [ 144.923812270000013, -37.77250899 ], [ 144.923847669999986, -37.77249366 ], [ 144.92388258, -37.77247121 ], [ 144.923909040000012, -37.77244653 ], [ 144.92392569, -37.7724197 ], [ 144.923929442314147, -37.772411090821691 ] ] } },
{ "type": "Feature", "properties": { "from_stop": "Orrong Rd/High St #38", "to_stop": "Auburn Gr/High St #39", "minutes": 46.7, "tier": 60, "centre": "southern-cross", "MODE": "METRO TRAM" }, "geometry": { "type": "LineString", "coordinates": [ [ 145.014965050301441, -37.85475497442836 ], [ 145.01171727, -37.85432692 ], [ 145.011442751251877, -37.854291200081008 ] ] } },
{ "type": "Feature", "properties": { "from_stop": "Robinson Rd/Riversdale Rd #35", "to_stop": "Auburn Rd/Riversdale Rd #36", "minutes": 52.5, "tier": 60, "centre": "southern-cross", "MODE": "METRO TRAM" }, "geometry": { "type": "LineString", "coordinates": [ [ 145.041548183858197, -37.829583318041522 ], [ 145.0415505, -37.82958359 ], [ 145.04172455, -37.82960577 ], [ 145.043497161216891, -37.829813962994699 ] ] } },
{ "type": "Feature", "properties": { "from_stop": "Matlock Ct/Dandenong Rd #43", "to_stop": "Bailey Ave/Dandenong Rd #44", "minutes": 53.0, "tier": 60, "centre": "southern-cross", "MODE": "METRO TRAM" }, "geometry": { "type": "LineString", "coordinates": [ [ 145.021913180000013, -37.86382247 ], [ 145.02367658, -37.8646181 ] ] } },
{ "type": "Feature", "properties": { "from_stop": "Elizabeth St/Church St #64", "to_stop": "Baker St/Church St #64", "minutes": 26.5, "tier": 30, "centre": "southern-cross", "MODE": "METRO TRAM" }, "geometry": { "type": "LineString", "coordinates": [ [ 145.000353149751817, -37.812241800671806 ], [ 145.000286872820823, -37.812614157591845 ] ] } },
{ "type": "Feature", "properties": { "from_stop": "Caulfield Junior College/Balaclava Rd #47", "to_stop": "Balaclava Rd/Hawthorn Rd #51", "minutes": 49.0, "tier": 60, "centre": "southern-cross", "MODE": "METRO TRAM" }, "geometry": { "type": "LineString", "coordinates": [ [ 145.02118646270219, -37.872206638482339 ], [ 145.02242772, -37.87236193 ], [ 145.0244289, -37.87260542 ], [ 145.02449772, -37.87261216 ], [ 145.024546359999988, -37.87261316 ], [ 145.024550220640435, -37.872612410620917 ] ] } },
{ "type": "Feature", "properties": { "from_stop": "Caulfield Racecourse/Normanby Rd #56", "to_stop": "Balaclava Rd/Normanby Rd #55", "minutes": 58.0, "tier": 60, "centre": "southern-cross", "MODE": "METRO TRAM" }, "geometry": { "type": "LineString", "coordinates": [ [ 145.039139169060434, -37.875314616439717 ], [ 145.03877175, -37.87498678 ], [ 145.03851343, -37.87475168 ], [ 145.03817769, -37.87446104 ], [ 145.038171062003897, -37.874454916178429 ] ] } },
{ "type": "Feature", "properties": { "from_stop": "Carlisle St/Chapel St #37", "to_stop": "Balaclava Station/Carlisle St #38", "minutes": 35.7, "tier": 45, "centre": "southern-cross", "MODE": "METRO TRAM" }, "geometry": { "type": "LineString", "coordinates": [ [ 144.990249563228872, -37.86833836934256 ], [ 144.990378130000011, -37.86835519 ], [ 144.9909515, -37.86842302 ], [ 144.99330339, -37.86872899 ], [ 144.994230785121232, -37.868843518880645 ] ] } },
{ "type": "Feature", "properties": { "from_stop": "Normanby Ave/High St #38", "to_stop": "Ballantyne St/High St #39", "minutes": 46.0, "tier": 60, "centre": "southern-cross", "MODE": "METRO TRAM" }, "geometry": { "type": "LineString", "coordinates": [ [ 145.00032051, -37.75965052 ], [ 145.00054929, -37.75832064 ] ] } },
{ "type": "Feature", "properties": { "from_stop": "Gibbons St/Church St #55", "to_stop": "Balmain St/Church St #54", "minutes": 30.2, "tier": 45, "centre": "southern-cross", "MODE": "METRO TRAM" }, "geometry": { "type": "LineString", "coordinates": [ [ 144.99745614, -37.82876768 ], [ 144.997118730000011, -37.83032098 ] ] } },
{ "type": "Feature", "properties": { "from_stop": "Glenhuntly Tram Depot/Glenhuntly Rd #53", "to_stop": "Bambra Rd/Glenhuntly Rd #54", "minutes": 59.7, "tier": 60, "centre": "southern-cross", "MODE": "METRO TRAM" }, "geometry": { "type": "LineString", "coordinates": [ [ 145.028906526779366, -37.887792656042386 ], [ 145.02757471000001, -37.88761851 ], [ 145.02711635, -37.88756307 ] ] } },
{ "type": "Feature", "properties": { "from_stop": "High St/Barkers Rd #29", "to_stop": "Barkers Rd/Church St #26", "minutes": 36.2, "tier": 45, "centre": "southern-cross", "MODE": "METRO TRAM" }, "geometry": { "type": "Point", "coordinates": [ 145.02371935, -37.81294132 ] } },
{ "type": "Feature", "properties": { "from_stop": "Fitzwilliam St/Glenferrie Rd #78", "to_stop": "Barkers Rd/Glenferrie Rd #77", "minutes": 53.5, "tier": 60, "centre": "southern-cross", "MODE": "METRO TRAM" }, "geometry": { "type": "LineString", "coordinates": [ [ 145.036789491955346, -37.814825191856748 ], [ 145.036790739999986, -37.81481852 ], [ 145.037292934116692, -37.812132019447077 ] ] } },
{ "type": "Feature", "properties": { "from_stop": "Barkers Rd/Church St #26", "to_stop": "Barkers Rd/High St #29", "minutes": 36.2, "tier": 45, "centre": "southern-cross", "MODE": "METRO TRAM" }, "geometry": { "type": "LineString", "coordinates": [ [ 145.023732414023243, -37.812927449728626 ], [ 145.02371935, -37.81294132 ] ] } },
{ "type": "Feature", "properties": { "from_stop": "Brunswick Rd/Sydney Rd #19", "to_stop": "Barkly Square/Sydney Rd #20", "minutes": 30.7, "tier": 45, "centre": "southern-cross", "MODE": "METRO TRAM" }, "geometry": { "type": "LineString", "coordinates": [ [ 144.960309756297846, -37.777600804666058 ], [ 144.96031061, -37.77759714 ], [ 144.96042221, -37.77711388 ], [ 144.96044878, -37.77698601 ], [ 144.96059703, -37.77611534 ], [ 144.960684539999988, -37.77555848 ], [ 144.960799382165987, -37.774851208191407 ] ] } },
{ "type": "Feature", "properties": { "from_stop": "Havelock St/Carlisle St #32", "to_stop": "Barkly St/Carlisle St #33", "minutes": 28.7, "tier": 30, "centre": "southern-cross", "MODE": "METRO TRAM" }, "geometry": { "type": "LineString", "coordinates": [ [ 144.981072062702566, -37.867157786771273 ], [ 144.979630109999988, -37.86695586 ], [ 144.97954922, -37.86694564 ], [ 144.97947607, -37.86693934 ], [ 144.979336929999988, -37.86693136 ], [ 144.979061730000012, -37.86693934 ], [ 144.97883299, -37.86695686 ], [ 144.978578135075907, -37.866985555403311 ] ] } },
{ "type": "Feature", "properties": { "from_stop": "St Kilda Rd/Fitzroy St #131", "to_stop": "Barkly St/St Kilda Rd #31", "minutes": 26.0, "tier": 30, "centre": "southern-cross", "MODE": "METRO TRAM" }, "geometry": { "type": "LineString", "coordinates": [ [ 144.982998808436605, -37.856722456922967 ], [ 144.983017530000012, -37.85678367 ], [ 144.98302981, -37.85683741 ], [ 144.98303904, -37.85690327 ], [ 144.98304418, -37.85696923 ], [ 144.9830454, -37.85726646 ], [ 144.983052249999986, -37.857332 ], [ 144.98306513, -37.85740999 ], [ 144.983092520000014, -37.85748481 ], [ 144.98312346, -37.85755923 ], [ 144.98315847, -37.85762147 ], [ 144.983382583138791, -37.857950429343468 ] ] } },
{ "type": "Feature", "properties": { "from_stop": "Moreland Rd/Nicholson St #129", "to_stop": "Barrow St/Moreland Rd #130", "minutes": 44.1, "tier": 45, "centre": "southern-cross", "MODE": "METRO TRAM" }, "geometry": { "type": "LineString", "coordinates": [ [ 144.974799120560391, -37.756725746058748 ], [ 144.97477724, -37.75670446 ], [ 144.97473428, -37.75667732 ], [ 144.97467425, -37.75666006 ], [ 144.97015889, -37.75615591 ], [ 144.970158071512031, -37.756155819124793 ] ] } },
{ "type": "Feature", "properties": { "from_stop": "Flinders Street West/Flinders St #D6", "to_stop": "Batman Park/Spencer St #124", "minutes": 3.3, "tier": 15, "centre": "southern-cross", "MODE": "METRO TRAM" }, "geometry": { "type": "LineString", "coordinates": [ [ 144.953625069999987, -37.82149383 ], [ 144.95426905, -37.8213146 ], [ 144.954490029999988, -37.82124824 ], [ 144.95489423, -37.82113342 ], [ 144.95502115, -37.82109534 ], [ 144.95510149592198, -37.821068346881809 ] ] } },
{ "type": "Feature", "properties": { "from_stop": "Southern Cross Station/Collins St #D14", "to_stop": "Batman's Hill/Collins St #D15", "minutes": 0.3, "tier": 15, "centre": "southern-cross", "MODE": "METRO TRAM" }, "geometry": { "type": "LineString", "coordinates": [ [ 144.952205272023519, -37.819646022569231 ], [ 144.95219487, -37.81964895 ], [ 144.95204035, -37.81969078 ], [ 144.950125558003464, -37.820246636902276 ] ] } },
{ "type": "Feature", "properties": { "from_stop": "Graham St/Light Rail #128", "to_stop": "Beacon Cove/Light Rail #129", "minutes": 13.7, "tier": 15, "centre": "southern-cross", "MODE": "METRO TRAM" }, "geometry": { "type": "LineString", "coordinates": [ [ 144.93722702598393, -37.837114924210518 ], [ 144.93567619, -37.8380604 ], [ 144.93535821, -37.83826182 ], [ 144.93520292, -37.83836607 ], [ 144.935048200000011, -37.83847456 ], [ 144.93475288, -37.83869404 ], [ 144.93446087, -37.83893368 ], [ 144.93420065, -37.83916576 ], [ 144.933942300000012, -37.83942058 ], [ 144.93372365, -37.83965348 ], [ 144.93345847, -37.83995306 ], [ 144.93337244, -37.84005536 ], [ 144.93327134, -37.84018453 ], [ 144.93320773, -37.84027722 ], [ 144.93314823, -37.84035683 ], [ 144.932829050641914, -37.840800769856742 ] ] } },
{ "type": "Feature", "properties": { "from_stop": "Graham St/Victoria Ave #31", "to_stop": "Beaconsfield Pde/Victoria Ave #32", "minutes": 25.9, "tier": 30, "centre": "southern-cross", "MODE": "METRO TRAM" }, "geometry": { "type": "LineString", "coordinates": [ [ 144.949922598330176, -37.845753833330591 ], [ 144.94944043000001, -37.84633922 ], [ 144.9489556, -37.84691031 ], [ 144.94876036, -37.84714374 ] ] } },
{ "type": "Feature", "properties": { "from_stop": "Moubray St/St Kilda Rd #26", "to_stop": "Beatrice St/St Kilda Rd #26", "minutes": 26.5, "tier": 30, "centre": "southern-cross", "MODE": "METRO TRAM" }, "geometry": { "type": "LineString", "coordinates": [ [ 144.979684241953265, -37.847563974933678 ], [ 144.97968522, -37.84756673 ], [ 144.97978863, -37.8478585 ], [ 144.97979639550806, -37.847879275130708 ] ] } },
{ "type": "Feature", "properties": { "from_stop": "Havelock St/Carlisle St #32", "to_stop": "Belford St/Acland St #139", "minutes": 28.3, "tier": 30, "centre": "southern-cross", "MODE": "METRO TRAM" }, "geometry": { "type": "LineString", "coordinates": [ [ 144.979982926467159, -37.86884099291715 ], [ 144.97933949, -37.86814826 ], [ 144.978640250000012, -37.86740378 ], [ 144.9785999, -37.86736208 ], [ 144.978561140000011, -37.86732888 ], [ 144.97851405, -37.86729653 ], [ 144.97848842, -37.86728194 ] ] } },
{ "type": "Feature", "properties": { "from_stop": "St David St/Brunswick St #15", "to_stop": "Bell St/Brunswick St #15", "minutes": 18.1, "tier": 30, "centre": "southern-cross", "MODE": "METRO TRAM" }, "geometry": { "type": "LineString", "coordinates": [ [ 144.978083967882696, -37.800520808827088 ], [ 144.978095179628212, -37.800454719963021 ] ] } },
{ "type": "Feature", "properties": { "from_stop": "Latona Ave/Gilbert Rd #39", "to_stop": "Bell St/Gilbert Rd #40", "minutes": 55.9, "tier": 60, "centre": "southern-cross", "MODE": "METRO TRAM" }, "geometry": { "type": "LineString", "coordinates": [ [ 144.98914655695981, -37.744094995602651 ], [ 144.98904113, -37.7447214 ], [ 144.98889871, -37.74561799 ], [ 144.988892666563743, -37.745654106690637 ] ] } },
{ "type": "Feature", "properties": { "from_stop": "Glenferrie Rd/High St #44", "to_stop": "Bell St/Glenferrie Rd #58", "minutes": 57.6, "tier": 60, "centre": "southern-cross", "MODE": "METRO TRAM" }, "geometry": { "type": "LineString", "coordinates": [ [ 145.029692484539879, -37.854091014871656 ], [ 145.02962231, -37.85454338 ], [ 145.02951275, -37.85528998 ], [ 145.029331359999986, -37.85648894 ], [ 145.029321403516747, -37.856558620840566 ] ] } },
{ "type": "Feature", "properties": { "from_stop": "Brearley Pde/Melville Rd #44", "to_stop": "Bell St/Melville Rd #45", "minutes": 44.6, "tier": 45, "centre": "southern-cross", "MODE": "METRO TRAM" }, "geometry": { "type": "LineString", "coordinates": [ [ 144.945287844204131, -37.741571904614098 ], [ 144.94544298, -37.74068024 ], [ 144.94549348000001, -37.74047106 ], [ 144.945557764313492, -37.740111283510572 ] ] } },
{ "type": "Feature", "properties": { "from_stop": "Merribell Ave/Nicholson St #134", "to_stop": "Bell St/Nicholson St #135", "minutes": 50.5, "tier": 60, "centre": "southern-cross", "MODE": "METRO TRAM" }, "geometry": { "type": "LineString", "coordinates": [ [ 144.97810382, -37.74285999 ], [ 144.97807371, -37.74305313 ], [ 144.97803303, -37.74328873 ], [ 144.978018100000014, -37.74335777 ], [ 144.97800016, -37.7434246 ], [ 144.97796963, -37.7435206 ], [ 144.97793635, -37.74365511 ], [ 144.977836849999989, -37.74436724 ], [ 144.977835812171151, -37.744374543364081 ] ] } },
{ "type": "Feature", "properties": { "from_stop": "Seymour St/Plenty Rd #44", "to_stop": "Bell St/Plenty Rd #45", "minutes": 53.1, "tier": 60, "centre": "southern-cross", "MODE": "METRO TRAM" }, "geometry": { "type": "LineString", "coordinates": [ [ 145.0051197, -37.74706115 ], [ 145.005994460000011, -37.74576022 ] ] } },
{ "type": "Feature", "properties": { "from_stop": "Coburg Market/Sydney Rd #33", "to_stop": "Bell St/Sydney Rd #34", "minutes": 54.6, "tier": 60, "centre": "southern-cross", "MODE": "METRO TRAM" }, "geometry": { "type": "LineString", "coordinates": [ [ 144.96623558349097, -37.743273905185781 ], [ 144.96623686, -37.74326657 ], [ 144.966548324283082, -37.741484655901978 ] ] } },
{ "type": "Feature", "properties": { "from_stop": "Cotham Rd/Glenferrie Rd #80", "to_stop": "Belmont Ave/Cotham Rd #37", "minutes": 52.0, "tier": 60, "centre": "southern-cross", "MODE": "METRO TRAM" }, "geometry": { "type": "LineString", "coordinates": [ [ 145.038106986404813, -37.807684632719727 ], [ 145.038805270000012, -37.80776507 ], [ 145.042308729928578, -37.808155292024722 ] ] } },
{ "type": "Feature", "properties": { "from_stop": "Surrey Rd/Malvern Rd #32", "to_stop": "Bendigo St/Malvern Rd #32", "minutes": 37.2, "tier": 45, "centre": "southern-cross", "MODE": "METRO TRAM" }, "geometry": { "type": "LineString", "coordinates": [ [ 144.997800669748671, -37.847342731788267 ], [ 144.99780162, -37.84734286 ], [ 144.998051732247603, -37.8473766962043 ] ] } },
{ "type": "Feature", "properties": { "from_stop": "Arthurton Rd/High St #33", "to_stop": "Bent St/High St #34", "minutes": 42.0, "tier": 45, "centre": "southern-cross", "MODE": "METRO TRAM" }, "geometry": { "type": "LineString", "coordinates": [ [ 144.99889957, -37.76941329 ], [ 144.99909564, -37.76761424 ] ] } },
{ "type": "Feature", "properties": { "from_stop": "Glenferrie Rd/Riversdale Rd #32", "to_stop": "Berkeley St/Riversdale Rd #33", "minutes": 49.6, "tier": 60, "centre": "southern-cross", "MODE": "METRO TRAM" }, "geometry": { "type": "LineString", "coordinates": [ [ 145.037263797366734, -37.829105524333926 ], [ 145.03725735, -37.82910476 ], [ 145.034478556309523, -37.828776840369237 ] ] } },
{ "type": "Feature", "properties": { "from_stop": "Gadd St/St Georges Rd #31", "to_stop": "Bird Ave/St Georges Rd #31", "minutes": 42.3, "tier": 45, "centre": "southern-cross", "MODE": "METRO TRAM" }, "geometry": { "type": "LineString", "coordinates": [ [ 144.992458541164325, -37.762590093101579 ], [ 144.992496128537681, -37.762410843450468 ] ] } },
{ "type": "Feature", "properties": { "from_stop": "Munro St/Union Rd #35", "to_stop": "Bloomfield Rd/Union Rd #35", "minutes": 51.6, "tier": 60, "centre": "southern-cross", "MODE": "METRO TRAM" }, "geometry": { "type": "LineString", "coordinates": [ [ 144.915514776371936, -37.77588977272719 ], [ 144.91551486, -37.77589893 ], [ 144.91549688, -37.77599341 ], [ 144.915476548233187, -37.776116216146235 ] ] } },
{ "type": "Feature", "properties": { "from_stop": "Victoria St/Lygon St #124", "to_stop": "Blyth St/Lygon St #125", "minutes": 34.8, "tier": 45, "centre": "southern-cross", "MODE": "METRO TRAM" }, "geometry": { "type": "LineString", "coordinates": [ [ 144.972279054986757, -37.768208720696563 ], [ 144.9722803, -37.76820171 ], [ 144.972552325264814, -37.766671267963666 ] ] } },
{ "type": "Feature", "properties": { "from_stop": "Albert St/Nicholson St #22", "to_stop": "Blyth St/Nicholson St #23", "minutes": 27.1, "tier": 30, "centre": "southern-cross", "MODE": "METRO TRAM" }, "geometry": { "type": "LineString", "coordinates": [ [ 144.980322363692608, -37.76697245303653 ], [ 144.98027174, -37.76727507 ], [ 144.980252330000013, -37.76741279 ], [ 144.97999281, -37.76894811 ], [ 144.97983548, -37.76984461 ], [ 144.979744342371248, -37.770407125988768 ] ] } },
{ "type": "Feature", "properties": { "from_stop": "Victoria St/Sydney Rd #23", "to_stop": "Blyth St/Sydney Rd #24", "minutes": 35.9, "tier": 45, "centre": "southern-cross", "MODE": "METRO TRAM" }, "geometry": { "type": "LineString", "coordinates": [ [ 144.962031849999988, -37.76714106 ], [ 144.96251222, -37.76535602 ] ] } },
{ "type": "Feature", "properties": { "from_stop": "Mansfield St/High St #40", "to_stop": "Blythe St/High St #41", "minutes": 46.3, "tier": 60, "centre": "southern-cross", "MODE": "METRO TRAM" }, "geometry": { "type": "LineString", "coordinates": [ [ 145.001298319999989, -37.75454268 ], [ 145.00094182, -37.75669282 ], [ 145.000934174960435, -37.756738582926047 ] ] } },
{ "type": "Feature", "properties": { "from_stop": "Waltham St/Bridge Rd #17", "to_stop": "Bosisto St/Bridge Rd #17", "minutes": 25.8, "tier": 30, "centre": "southern-cross", "MODE": "METRO TRAM" }, "geometry": { "type": "LineString", "coordinates": [ [ 144.99654451599946, -37.818292175908873 ], [ 144.996524609483117, -37.818289755459389 ] ] } },
{ "type": "Feature", "properties": { "from_stop": "Flemington Bridge Station/Flemington Rd #22", "to_stop": "Boundary Rd/Racecourse Rd #22", "minutes": 28.9, "tier": 30, "centre": "southern-cross", "MODE": "METRO TRAM" }, "geometry": { "type": "LineString", "coordinates": [ [ 144.939851016420505, -37.789142136500338 ], [ 144.93985254, -37.7891423 ], [ 144.940827096752571, -37.789247525385569 ] ] } },
{ "type": "Feature", "properties": { "from_stop": "Merchant St/Collins St #D17", "to_stop": "Bourke St/Collins St #D18", "minutes": 3.2, "tier": 15, "centre": "southern-cross", "MODE": "METRO TRAM" }, "geometry": { "type": "LineString", "coordinates": [ [ 144.942079704636882, -37.82077534784586 ], [ 144.94251004, -37.82087927 ], [ 144.94254745, -37.82089047 ], [ 144.94260392000001, -37.82091462 ], [ 144.942641830000014, -37.82092807 ], [ 144.94273045, -37.82095233 ], [ 144.944767109999987, -37.82144128 ], [ 144.94481885, -37.82145192 ], [ 144.94486236, -37.82145998 ], [ 144.944939260000012, -37.82146871 ], [ 144.945020950000014, -37.8214723 ], [ 144.945206649999989, -37.82147004 ], [ 144.94540181, -37.8214584 ], [ 144.945409717110039, -37.821457702463157 ] ] } },
{ "type": "Feature", "properties": { "from_stop": "Spring St/Collins St #8", "to_stop": "Bourke St/Spring St #0", "minutes": 10.6, "tier": 15, "centre": "southern-cross", "MODE": "METRO TRAM" }, "geometry": { "type": "LineString", "coordinates": [ [ 144.973285479999987, -37.81355676 ], [ 144.97324638, -37.81166362 ] ] } },
{ "type": "Feature", "properties": { "from_stop": "Collins St/William St #4", "to_stop": "Bourke St/William St #5", "minutes": 4.7, "tier": 15, "centre": "southern-cross", "MODE": "METRO TRAM" }, "geometry": { "type": "LineString", "coordinates": [ [ 144.959020027895747, -37.817490279043142 ], [ 144.95876168, -37.8169278 ], [ 144.958671220000014, -37.81671454 ], [ 144.95864402, -37.81666288 ], [ 144.95860872, -37.81658747 ], [ 144.95827395, -37.81586569 ], [ 144.958273173255691, -37.815863958871851 ] ] } },
{ "type": "Feature", "properties": { "from_stop": "Elizabeth St/Bourke St #5", "to_stop": "Bourke Street Mall/Elizabeth St #3", "minutes": 8.1, "tier": 15, "centre": "southern-cross", "MODE": "METRO TRAM" }, "geometry": { "type": "LineString", "coordinates": [ [ 144.963000055924823, -37.814278822124372 ], [ 144.96309131000001, -37.8142523 ], [ 144.963327349999986, -37.81418654 ], [ 144.96348589916775, -37.814138636538331 ] ] } },
{ "type": "Feature", "properties": { "from_stop": "Elizabeth St/Bourke St #5", "to_stop": "Bourke Street Mall/Swanston St #10", "minutes": 9.2, "tier": 15, "centre": "southern-cross", "MODE": "METRO TRAM" }, "geometry": { "type": "LineString", "coordinates": [ [ 144.96348589916775, -37.814138636538331 ], [ 144.963700890000013, -37.81407368 ], [ 144.965669732458053, -37.813497346853389 ] ] } },
{ "type": "Feature", "properties": { "from_stop": "Hotham St/Maribyrnong Rd #38", "to_stop": "Bowen St/Maribyrnong Rd #39", "minutes": 54.2, "tier": 60, "centre": "southern-cross", "MODE": "METRO TRAM" }, "geometry": { "type": "LineString", "coordinates": [ [ 144.912322018113258, -37.771310283613474 ], [ 144.90919208, -37.77096306 ], [ 144.90900195, -37.77094157 ], [ 144.908994918004964, -37.770940845336 ] ] } },
{ "type": "Feature", "properties": { "from_stop": "St Georges Rd/Miller St #35", "to_stop": "Bracken Ave/Miller St #36", "minutes": 50.0, "tier": 60, "centre": "southern-cross", "MODE": "METRO TRAM" }, "geometry": { "type": "LineString", "coordinates": [ [ 144.994760421838919, -37.751738807411613 ], [ 144.99475555, -37.75173713 ], [ 144.99472363000001, -37.75172947 ], [ 144.9946797, -37.75172151 ], [ 144.99394276000001, -37.75164552 ], [ 144.991320238453483, -37.751379961077156 ] ] } },
{ "type": "Feature", "properties": { "from_stop": "Punt Rd/Commercial Rd #27", "to_stop": "Braille Library/Commercial Rd #28", "minutes": 31.9, "tier": 45, "centre": "southern-cross", "MODE": "METRO TRAM" }, "geometry": { "type": "LineString", "coordinates": [ [ 144.987399365190953, -37.845997789835373 ], [ 144.98605167, -37.84581724 ], [ 144.98515841, -37.84570499 ], [ 144.984858268479684, -37.84566569969995 ] ] } },
{ "type": "Feature", "properties": { "from_stop": "Princes Tce/Melville Rd #43", "to_stop": "Brearley Pde/Melville Rd #44", "minutes": 44.3, "tier": 45, "centre": "southern-cross", "MODE": "METRO TRAM" }, "geometry": { "type": "LineString", "coordinates": [ [ 144.944881572478835, -37.74390771120094 ], [ 144.94521846, -37.7419707 ], [ 144.945287844204131, -37.741571904614098 ] ] } },
{ "type": "Feature", "properties": { "from_stop": "Church St/Bridge Rd #18", "to_stop": "Bridge Rd/Church St #61", "minutes": 27.0, "tier": 30, "centre": "southern-cross", "MODE": "METRO TRAM" }, "geometry": { "type": "LineString", "coordinates": [ [ 144.999122160832968, -37.818736625727219 ], [ 144.99912261, -37.81873407 ], [ 144.999156975310882, -37.81853508812398 ] ] } },
{ "type": "Feature", "properties": { "from_stop": "Park St/Montague St #27", "to_stop": "Bridport St/Montague St #28", "minutes": 17.9, "tier": 30, "centre": "southern-cross", "MODE": "METRO TRAM" }, "geometry": { "type": "LineString", "coordinates": [ [ 144.954283124195229, -37.837516136241156 ], [ 144.954284519999987, -37.83754192 ], [ 144.95429415000001, -37.837584 ], [ 144.954395369999986, -37.83780699 ], [ 144.95446006, -37.83794176 ], [ 144.95472519, -37.83853726 ], [ 144.95555373, -37.84031732 ], [ 144.95561747, -37.84044919 ], [ 144.955621334388411, -37.840459791838192 ] ] } },
{ "type": "Feature", "properties": { "from_stop": "Montague St/Bridport St #28", "to_stop": "Bridport St/Victoria Ave #29", "minutes": 20.2, "tier": 30, "centre": "southern-cross", "MODE": "METRO TRAM" }, "geometry": { "type": "LineString", "coordinates": [ [ 144.955415550346487, -37.840788800992335 ], [ 144.95524402, -37.8408376 ], [ 144.95499891, -37.84091174 ], [ 144.95477748, -37.84097566 ], [ 144.95468237, -37.84100032 ], [ 144.9538135, -37.84125161 ], [ 144.95375604, -37.84127053 ], [ 144.95372133, -37.8412847 ], [ 144.953663080000013, -37.84131208 ], [ 144.9536066, -37.84134498 ], [ 144.953577059999986, -37.84136519 ], [ 144.95352531, -37.841408 ], [ 144.95348205, -37.84145213 ], [ 144.953368698175638, -37.841588765539363 ] ] } },
{ "type": "Feature", "properties": { "from_stop": "Lockhart St/Hawthorn Rd #56", "to_stop": "Briggs St/Hawthorn Rd #56", "minutes": 55.4, "tier": 60, "centre": "southern-cross", "MODE": "METRO TRAM" }, "geometry": { "type": "Point", "coordinates": [ 145.0224039, -37.88458939 ] } },
{ "type": "Feature", "properties": { "from_stop": "St Kilda Rd/Carlisle St #35", "to_stop": "Brighton Rd/Carlisle St #35", "minutes": 33.4, "tier": 45, "centre": "southern-cross", "MODE": "METRO TRAM" }, "geometry": { "type": "LineString", "coordinates": [ [ 144.986860794865407, -37.867640397183933 ], [ 144.98692209, -37.86773668 ], [ 144.98708388, -37.86799908 ], [ 144.987288946069185, -37.86832387990227 ] ] } },
{ "type": "Feature", "properties": { "from_stop": "Carlisle St/Chapel St #37", "to_stop": "Brighton Rd/Chapel St #36", "minutes": 35.3, "tier": 45, "centre": "southern-cross", "MODE": "METRO TRAM" }, "geometry": { "type": "LineString", "coordinates": [ [ 144.98980634, -37.87115294 ], [ 144.990024760000011, -37.86999722 ], [ 144.990313222370816, -37.868492175123222 ] ] } },
{ "type": "Feature", "properties": { "from_stop": "Hotham St/Brighton Rd #42", "to_stop": "Brighton Rd/Glenhuntly Rd #43", "minutes": 41.3, "tier": 45, "centre": "southern-cross", "MODE": "METRO TRAM" }, "geometry": { "type": "LineString", "coordinates": [ [ 144.996403544108432, -37.882826918069327 ], [ 144.996488660000011, -37.8829623 ], [ 144.99678817, -37.88343537 ], [ 144.99684586, -37.88353044 ], [ 144.99689532, -37.88359752 ], [ 144.996918599999987, -37.88362368 ], [ 144.996938410000013, -37.88364367 ], [ 144.996988750000014, -37.88368264 ], [ 144.99702484, -37.88370624 ], [ 144.99706928, -37.88372781 ], [ 144.997108340000011, -37.88374244 ], [ 144.99715684, -37.88375697 ], [ 144.99720284, -37.88376694 ], [ 144.99742341000001, -37.88380089 ], [ 144.997588646558967, -37.883822597006144 ] ] } },
{ "type": "Feature", "properties": { "from_stop": "Hill St/Church St #24", "to_stop": "Brook St/Church St #25", "minutes": 38.6, "tier": 45, "centre": "southern-cross", "MODE": "METRO TRAM" }, "geometry": { "type": "LineString", "coordinates": [ [ 145.020671550648501, -37.815990140840199 ], [ 145.01980409, -37.8168531 ], [ 145.0187695, -37.8178871 ], [ 145.018718736212293, -37.817935880333351 ] ] } },
{ "type": "Feature", "properties": { "from_stop": "Bell St/Gilbert Rd #40", "to_stop": "Bruce St/Gilbert Rd #41", "minutes": 58.3, "tier": 60, "centre": "southern-cross", "MODE": "METRO TRAM" }, "geometry": { "type": "LineString", "coordinates": [ [ 144.989112277583189, -37.744089313632038 ], [ 144.989113870000011, -37.74407991 ], [ 144.98917705, -37.74371619 ], [ 144.989551962375117, -37.741324609694857 ] ] } },
{ "type": "Feature", "properties": { "from_stop": "Brighton Rd/Chapel St #36", "to_stop": "Brunning St/Brighton Rd #38", "minutes": 35.3, "tier": 45, "centre": "southern-cross", "MODE": "METRO TRAM" }, "geometry": { "type": "LineString", "coordinates": [ [ 144.989726749999988, -37.87115338 ], [ 144.99012535, -37.87280032 ] ] } },
{ "type": "Feature", "properties": { "from_stop": "Blyth St/Sydney Rd #24", "to_stop": "Brunswick Baptist Church/Sydney Rd #24", "minutes": 36.1, "tier": 45, "centre": "southern-cross", "MODE": "METRO TRAM" }, "geometry": { "type": "LineString", "coordinates": [ [ 144.962364402386129, -37.765588533186538 ], [ 144.96236575, -37.76558076 ], [ 144.962407458316903, -37.765338019564787 ] ] } },
{ "type": "Feature", "properties": { "from_stop": "Park St/Royal Park #28", "to_stop": "Brunswick Rd/Grantham St #29", "minutes": 29.3, "tier": 30, "centre": "southern-cross", "MODE": "METRO TRAM" }, "geometry": { "type": "LineString", "coordinates": [ [ 144.948847891762597, -37.775524673862321 ], [ 144.948846769999989, -37.77553046 ], [ 144.94883091, -37.7756112 ], [ 144.948819930000013, -37.77568401 ], [ 144.9488148, -37.77576277 ], [ 144.94881892, -37.77582322 ], [ 144.94882823, -37.77589323 ], [ 144.9488484, -37.77596838 ], [ 144.94888064, -37.77604256 ], [ 144.94892746, -37.77612322 ], [ 144.94897981, -37.77620064 ], [ 144.9495321, -37.77681513 ], [ 144.9497663, -37.77708325 ], [ 144.949774899952814, -37.777092889012238 ] ] } },
{ "type": "Feature", "properties": { "from_stop": "Pigdon St/Lygon St #118", "to_stop": "Brunswick Rd/Lygon St #120", "minutes": 29.5, "tier": 30, "centre": "southern-cross", "MODE": "METRO TRAM" }, "geometry": { "type": "LineString", "coordinates": [ [ 144.970693334630965, -37.778464883397632 ], [ 144.97059622, -37.77906098 ], [ 144.97056477000001, -37.77931006 ], [ 144.97047371, -37.77983749 ], [ 144.97034871, -37.78059259 ], [ 144.970330710000013, -37.78072746 ], [ 144.97023348, -37.78131399 ], [ 144.97020176, -37.78154387 ], [ 144.97016998, -37.78173419 ], [ 144.97016553, -37.78178909 ], [ 144.97014907, -37.78188001 ], [ 144.970140717379195, -37.781934429945778 ] ] } },
{ "type": "Feature", "properties": { "from_stop": "Holden St/Nicholson St #19", "to_stop": "Brunswick Rd/Nicholson St #19", "minutes": 21.1, "tier": 30, "centre": "southern-cross", "MODE": "METRO TRAM" }, "geometry": { "type": "LineString", "coordinates": [ [ 144.978111533504233, -37.779926783660486 ], [ 144.97821624, -37.77933387 ], [ 144.978216593071608, -37.779331779110144 ] ] } },
{ "type": "Feature", "properties": { "from_stop": "Ievers St/Royal Pde #17", "to_stop": "Brunswick Rd/Sydney Rd #19", "minutes": 28.3, "tier": 30, "centre": "southern-cross", "MODE": "METRO TRAM" }, "geometry": { "type": "LineString", "coordinates": [ [ 144.9603456581263, -37.777609084244752 ], [ 144.96033785, -37.77764276 ], [ 144.960262, -37.77798174 ], [ 144.96024132, -37.7780979 ], [ 144.95979399, -37.78168181 ], [ 144.95976627975682, -37.781903816833086 ] ] } },
{ "type": "Feature", "properties": { "from_stop": "Melbourne Museum/Nicholson St #11", "to_stop": "Brunswick St/Gertrude St #13", "minutes": 14.5, "tier": 15, "centre": "southern-cross", "MODE": "METRO TRAM" }, "geometry": { "type": "LineString", "coordinates": [ [ 144.977047740355403, -37.805741683994718 ], [ 144.97571424, -37.80560446 ], [ 144.973929629999986, -37.80541363 ], [ 144.973894800000011, -37.80541213 ], [ 144.97387572, -37.80541216 ], [ 144.973828770000011, -37.80541784 ], [ 144.97377418, -37.80543277 ], [ 144.97372313, -37.80545973 ], [ 144.97369462, -37.80548051 ], [ 144.973677, -37.80549769 ], [ 144.97366125, -37.80551697 ], [ 144.973651499999988, -37.80553312 ], [ 144.97363453, -37.80557203 ], [ 144.97362578, -37.8056054 ], [ 144.973600729999987, -37.80575745 ], [ 144.973600648790438, -37.805757941925648 ] ] } },
{ "type": "Feature", "properties": { "from_stop": "Barkly Square/Sydney Rd #20", "to_stop": "Brunswick Town Hall/Sydney Rd #21", "minutes": 33.6, "tier": 45, "centre": "southern-cross", "MODE": "METRO TRAM" }, "geometry": { "type": "LineString", "coordinates": [ [ 144.961361828339562, -37.771659206156102 ], [ 144.961184229999986, -37.7727394 ], [ 144.961142599999988, -37.77296533 ], [ 144.96100536, -37.7738325 ], [ 144.96087621, -37.77460736 ], [ 144.960870160000013, -37.77465826 ], [ 144.960838246330638, -37.774857320790467 ] ] } },
{ "type": "Feature", "properties": { "from_stop": "Albion St/Sydney Rd #26", "to_stop": "Brunswick Tram Depot/Sydney Rd #27", "minutes": 42.6, "tier": 45, "centre": "southern-cross", "MODE": "METRO TRAM" }, "geometry": { "type": "LineString", "coordinates": [ [ 144.963738684507689, -37.757832208179273 ], [ 144.96361835, -37.75851516 ], [ 144.96323353, -37.76073398 ], [ 144.963192265027232, -37.760977059861965 ] ] } },
{ "type": "Feature", "properties": { "from_stop": "Murray St/Pascoe Vale Rd #36", "to_stop": "Buckley St/Pascoe Vale Rd #37", "minutes": 48.6, "tier": 60, "centre": "southern-cross", "MODE": "METRO TRAM" }, "geometry": { "type": "LineString", "coordinates": [ [ 144.92607836, -37.75986286 ], [ 144.9263503, -37.75825454 ] ] } },
{ "type": "Feature", "properties": { "from_stop": "Coppin St/Bridge Rd #20", "to_stop": "Burnley St/Bridge Rd #21", "minutes": 33.3, "tier": 45, "centre": "southern-cross", "MODE": "METRO TRAM" }, "geometry": { "type": "LineString", "coordinates": [ [ 145.003569608177628, -37.818992951322166 ], [ 145.00357473, -37.81899349 ], [ 145.003827199999989, -37.81901714 ], [ 145.005212519999986, -37.81916309 ], [ 145.00568263, -37.8192172 ], [ 145.00651431, -37.8192977 ], [ 145.00730625, -37.81938608 ], [ 145.00833775000001, -37.81949644 ], [ 145.00887115, -37.81955034 ], [ 145.008871310422677, -37.81955035687465 ] ] } },
{ "type": "Feature", "properties": { "from_stop": "Edinburgh St/Swan St #13", "to_stop": "Burnley St/Swan St #14", "minutes": 35.2, "tier": 45, "centre": "southern-cross", "MODE": "METRO TRAM" }, "geometry": { "type": "LineString", "coordinates": [ [ 145.004910979084968, -37.826425879431547 ], [ 145.00509639, -37.82644618 ], [ 145.00687319, -37.82664091 ], [ 145.007370432383823, -37.826695351319913 ] ] } },
{ "type": "Feature", "properties": { "from_stop": "Leslie St/Victoria St #23", "to_stop": "Burnley St/Victoria St #24", "minutes": 32.2, "tier": 45, "centre": "southern-cross", "MODE": "METRO TRAM" }, "geometry": { "type": "LineString", "coordinates": [ [ 145.010118549999987, -37.81147314 ], [ 145.0100276, -37.81146349 ], [ 145.009994049999989, -37.81146094 ], [ 145.00998128, -37.81146271 ], [ 145.00986647, -37.81145302 ], [ 145.009590949999989, -37.8114425 ], [ 145.0093971, -37.81143202 ], [ 145.008579379999986, -37.8113552 ], [ 145.00762273, -37.81126178 ], [ 145.007621996596981, -37.811261710656375 ] ] } },
{ "type": "Feature", "properties": { "from_stop": "Melbourne Showgrounds/Union Rd #33", "to_stop": "Burrowes St/Union Rd #34", "minutes": 49.2, "tier": 60, "centre": "southern-cross", "MODE": "METRO TRAM" }, "geometry": { "type": "LineString", "coordinates": [ [ 144.915059899895567, -37.778645435478339 ], [ 144.91493159, -37.77941976 ], [ 144.914779561329652, -37.780353251535153 ] ] } },
{ "type": "Feature", "properties": { "from_stop": "Manningtree Rd/Glenferrie Rd #72", "to_stop": "Burwood Rd/Glenferrie Rd #73", "minutes": 54.1, "tier": 60, "centre": "southern-cross", "MODE": "METRO TRAM" }, "geometry": { "type": "LineString", "coordinates": [ [ 145.035350590589417, -37.822723973143454 ], [ 145.03511022, -37.82401889 ], [ 145.035081269391839, -37.824175436004772 ] ] } },
{ "type": "Feature", "properties": { "from_stop": "Hawthorn Railway Station/Burwood Rd #26", "to_stop": "Burwood Rd/Power St #27", "minutes": 42.0, "tier": 45, "centre": "southern-cross", "MODE": "METRO TRAM" }, "geometry": { "type": "LineString", "coordinates": [ [ 145.024817219999989, -37.82145268 ], [ 145.02627489, -37.82174748 ] ] } },
{ "type": "Feature", "properties": { "from_stop": "Soudan St/Wattletree Rd #46", "to_stop": "Cabrini Hospital/Wattletree Rd #47", "minutes": 55.6, "tier": 60, "centre": "southern-cross", "MODE": "METRO TRAM" }, "geometry": { "type": "LineString", "coordinates": [ [ 145.03386146741704, -37.863101266764779 ], [ 145.031392348501754, -37.862777794214523 ] ] } },
{ "type": "Feature", "properties": { "from_stop": "South St/Glenferrie Rd #69", "to_stop": "Callantina Rd/Glenferrie Rd #68", "minutes": 51.6, "tier": 60, "centre": "southern-cross", "MODE": "METRO TRAM" }, "geometry": { "type": "LineString", "coordinates": [ [ 145.033756629891343, -37.831404239410524 ], [ 145.03342756, -37.8332227 ], [ 145.033389456894412, -37.833442145937404 ] ] } },
{ "type": "Feature", "properties": { "from_stop": "Melbourne Sports & Aquatic Centre/Albert Rd #131", "to_stop": "Canterbury Rd/Albert Rd #132", "minutes": 14.8, "tier": 15, "centre": "southern-cross", "MODE": "METRO TRAM" }, "geometry": { "type": "LineString", "coordinates": [ [ 144.961156271319254, -37.840745891726712 ], [ 144.96097255, -37.8408892 ], [ 144.96054117, -37.84124481 ], [ 144.9603941, -37.84137347 ], [ 144.96027124, -37.84148957 ], [ 144.95989038, -37.84189193 ], [ 144.95978001, -37.84200041 ], [ 144.959496061665874, -37.842253854214576 ] ] } },
{ "type": "Feature", "properties": { "from_stop": "St Kilda Station/Fitzroy St #132", "to_stop": "Canterbury Rd/Fitzroy St #133", "minutes": 21.4, "tier": 30, "centre": "southern-cross", "MODE": "METRO TRAM" }, "geometry": { "type": "LineString", "coordinates": [ [ 144.976735210504529, -37.860119847899178 ], [ 144.977034519999989, -37.85994035 ], [ 144.97710655, -37.85989581 ], [ 144.97727637, -37.85980014 ], [ 144.97754136, -37.8596405 ], [ 144.977768063790108, -37.859506295246788 ] ] } },
{ "type": "Feature", "properties": { "from_stop": "Mathoura Rd/Malvern Rd #35", "to_stop": "Canterbury Rd/Malvern Rd #36", "minutes": 45.5, "tier": 60, "centre": "southern-cross", "MODE": "METRO TRAM" }, "geometry": { "type": "LineString", "coordinates": [ [ 145.009325554401642, -37.84891117246702 ], [ 145.00667448149764, -37.848561912376184 ] ] } },
{ "type": "Feature", "properties": { "from_stop": "Canterbury Rd/Albert Rd #132", "to_stop": "Canterbury Rd/Mills St #133", "minutes": 14.8, "tier": 15, "centre": "southern-cross", "MODE": "METRO TRAM" }, "geometry": { "type": "LineString", "coordinates": [ [ 144.959521880000011, -37.84228278 ], [ 144.96013177, -37.84406865 ] ] } },
{ "type": "Feature", "properties": { "from_stop": "Grange Rd/Toorak Rd #133", "to_stop": "Canterbury Rd/Toorak Rd #133", "minutes": 46.5, "tier": 60, "centre": "southern-cross", "MODE": "METRO TRAM" }, "geometry": { "type": "LineString", "coordinates": [ [ 145.010893707726439, -37.841335788730653 ], [ 145.01089178, -37.84133556 ], [ 145.010576918401256, -37.841299183537373 ] ] } },
{ "type": "Feature", "properties": { "from_stop": "Orange Gr/Carlisle St #39", "to_stop": "Carlisle Ave/Carlisle St #39", "minutes": 37.9, "tier": 45, "centre": "southern-cross", "MODE": "METRO TRAM" }, "geometry": { "type": "LineString", "coordinates": [ [ 144.996742820821908, -37.869188150100754 ], [ 144.99674282, -37.86918815 ], [ 144.996502227612638, -37.869158105537082 ] ] } },
{ "type": "Feature", "properties": { "from_stop": "St Kilda Town Hall/Carlisle St #36", "to_stop": "Carlisle St/Chapel St #37", "minutes": 32.9, "tier": 45, "centre": "southern-cross", "MODE": "METRO TRAM" }, "geometry": { "type": "LineString", "coordinates": [ [ 144.98868461, -37.86808962 ], [ 144.990231490000014, -37.86847651 ] ] } },
{ "type": "Feature", "properties": { "from_stop": "Inkerman St/St Kilda Rd #34", "to_stop": "Carlisle St/St Kilda Rd #35", "minutes": 32.9, "tier": 45, "centre": "southern-cross", "MODE": "METRO TRAM" }, "geometry": { "type": "LineString", "coordinates": [ [ 144.98587247761381, -37.86512268868875 ], [ 144.986325529999988, -37.86648358 ], [ 144.986487759999989, -37.86690459 ], [ 144.98655645, -37.86707077 ], [ 144.98666602, -37.86729262 ], [ 144.98675265, -37.86745496 ], [ 144.986802957263194, -37.867542645760857 ] ] } },
{ "type": "Feature", "properties": { "from_stop": "Canterbury Rd/Mills St #133", "to_stop": "Carter St/Mills St #134", "minutes": 15.8, "tier": 30, "centre": "southern-cross", "MODE": "METRO TRAM" }, "geometry": { "type": "LineString", "coordinates": [ [ 144.960254320300152, -37.844127714733638 ], [ 144.96024544, -37.84414614 ], [ 144.960223930000012, -37.84417596 ], [ 144.95998488, -37.84446713 ], [ 144.95902603, -37.84562311 ], [ 144.958976835644279, -37.845682420772114 ] ] } },
{ "type": "Feature", "properties": { "from_stop": "Batman Park/Spencer St #124", "to_stop": "Casino/MCEC/Clarendon St #124A", "minutes": 3.6, "tier": 15, "centre": "southern-cross", "MODE": "METRO TRAM" }, "geometry": { "type": "LineString", "coordinates": [ [ 144.95541574, -37.82176925 ], [ 144.95559599, -37.82213312 ], [ 144.95578489, -37.82256644 ], [ 144.956111058014301, -37.823263992163035 ] ] } },
{ "type": "Feature", "properties": { "from_stop": "Flinders St/Queens Bridge St #1", "to_stop": "Casino/Southbank/Queens Bridge St #115", "minutes": 7.9, "tier": 15, "centre": "southern-cross", "MODE": "METRO TRAM" }, "geometry": { "type": "LineString", "coordinates": [ [ 144.961155902290585, -37.822092983586231 ], [ 144.96117536, -37.8220371 ], [ 144.96127547, -37.82171838 ], [ 144.961312779999986, -37.82161332 ], [ 144.961350540000012, -37.82145473 ], [ 144.96136931, -37.82133844 ], [ 144.96137289, -37.82129092 ], [ 144.961380459999987, -37.82108991 ], [ 144.96137514, -37.82092833 ], [ 144.96136497, -37.8200386 ], [ 144.96136193000001, -37.81998818 ], [ 144.96135866, -37.81994613 ], [ 144.96135116, -37.81991292 ], [ 144.9613379, -37.81987466 ], [ 144.961323240000013, -37.81984188 ], [ 144.96129692, -37.81979528 ], [ 144.96118314512222, -37.819537849621646 ] ] } },
{ "type": "Feature", "properties": { "from_stop": "Elmhurst Rd/Balaclava Rd #47", "to_stop": "Caulfield Junior College/Balaclava Rd #47", "minutes": 48.0, "tier": 60, "centre": "southern-cross", "MODE": "METRO TRAM" }, "geometry": { "type": "LineString", "coordinates": [ [ 145.021182585088752, -37.872237059840735 ], [ 145.021089420578875, -37.872225511720046 ] ] } },
{ "type": "Feature", "properties": { "from_stop": "Balaclava Rd/Hawthorn Rd #51", "to_stop": "Caulfield Park Bowling Club/Balaclava Rd #52", "minutes": 51.8, "tier": 60, "centre": "southern-cross", "MODE": "METRO TRAM" }, "geometry": { "type": "LineString", "coordinates": [ [ 145.028149125882692, -37.873097868807911 ], [ 145.02743346, -37.87300737 ], [ 145.024960279999988, -37.87270265 ] ] } },
{ "type": "Feature", "properties": { "from_stop": "Caulfield Park Bowling Club/Balaclava Rd #52", "to_stop": "Caulfield Park/Balaclava Rd #53", "minutes": 52.8, "tier": 60, "centre": "southern-cross", "MODE": "METRO TRAM" }, "geometry": { "type": "LineString", "coordinates": [ [ 145.032049692294095, -37.873577268253818 ], [ 145.032049300000011, -37.87357722 ], [ 145.02815475, -37.87309858 ], [ 145.028149125882692, -37.873097868807911 ] ] } },
{ "type": "Feature", "properties": { "from_stop": "Normanby Rd/Balaclava Rd #55", "to_stop": "Caulfield Racecourse/Normanby Rd #56", "minutes": 57.8, "tier": 60, "centre": "southern-cross", "MODE": "METRO TRAM" }, "geometry": { "type": "LineString", "coordinates": [ [ 145.03769979, -37.87419795 ], [ 145.039101530000011, -37.8753568 ] ] } },
{ "type": "Feature", "properties": { "from_stop": "Clarendon St/Park St #24", "to_stop": "Cecil St/Park St #25", "minutes": 14.4, "tier": 15, "centre": "southern-cross", "MODE": "METRO TRAM" }, "geometry": { "type": "LineString", "coordinates": [ [ 144.958922054845686, -37.835978724540581 ], [ 144.95893062, -37.83597622 ], [ 144.961329546019527, -37.835278399013852 ] ] } },
{ "type": "Feature", "properties": { "from_stop": "Macarthur Rd/Royal Pde #14", "to_stop": "Cemetery Road West/Royal Pde #14", "minutes": 23.3, "tier": 30, "centre": "southern-cross", "MODE": "METRO TRAM" }, "geometry": { "type": "LineString", "coordinates": [ [ 144.958803972944565, -37.789705878064481 ], [ 144.95880306, -37.78971334 ], [ 144.95876391245946, -37.790032154181489 ] ] } },
{ "type": "Feature", "properties": { "from_stop": "Stadium Precinct - Bourke St/Harbour Esp #D3", "to_stop": "Central Pier/Harbour Esp #D2", "minutes": 5.2, "tier": 15, "centre": "southern-cross", "MODE": "METRO TRAM" }, "geometry": { "type": "LineString", "coordinates": [ [ 144.94486239, -37.81472164 ], [ 144.944944060000012, -37.81491438 ], [ 144.945020050000011, -37.8151027 ], [ 144.94505036000001, -37.81518551 ], [ 144.94509273, -37.81527141 ], [ 144.94598108, -37.8172867 ], [ 144.946218179999988, -37.81783109 ], [ 144.946218226120976, -37.81783119725192 ] ] } },
{ "type": "Feature", "properties": { "from_stop": "Brighton Rd/Chapel St #36", "to_stop": "Chapel St/Brighton Rd #37", "minutes": 35.3, "tier": 45, "centre": "southern-cross", "MODE": "METRO TRAM" }, "geometry": { "type": "Point", "coordinates": [ 144.98980634, -37.87115294 ] } },
{ "type": "Feature", "properties": { "from_stop": "Carlisle St/Chapel St #37", "to_stop": "Chapel St/Carlisle St #37", "minutes": 33.1, "tier": 45, "centre": "southern-cross", "MODE": "METRO TRAM" }, "geometry": { "type": "LineString", "coordinates": [ [ 144.990245387791219, -37.868368156634205 ], [ 144.990122156990452, -37.868352350609861 ] ] } },
{ "type": "Feature", "properties": { "from_stop": "Malvern Rd/Chapel St #47", "to_stop": "Chapel St/Commercial Rd #31", "minutes": 34.0, "tier": 45, "centre": "southern-cross", "MODE": "METRO TRAM" }, "geometry": { "type": "LineString", "coordinates": [ [ 144.99418774742702, -37.84668723441488 ], [ 144.99418639000001, -37.84669402 ], [ 144.994167827322627, -37.846789452891556 ] ] } },
{ "type": "Feature", "properties": { "from_stop": "Queens Way/Queens Way #31", "to_stop": "Chapel St/Dandenong Rd #32", "minutes": 34.6, "tier": 45, "centre": "southern-cross", "MODE": "METRO TRAM" }, "geometry": { "type": "LineString", "coordinates": [ [ 144.99170477574782, -37.857402248384446 ], [ 144.99084835, -37.85690661 ], [ 144.990755510000014, -37.85685978 ], [ 144.9906471, -37.85680864 ], [ 144.99052518, -37.85676537 ], [ 144.99040783, -37.85671723 ], [ 144.99026296, -37.85666528 ], [ 144.99002488, -37.85659282 ], [ 144.98972985, -37.85652452 ], [ 144.98961118, -37.85650392 ], [ 144.98951162, -37.85647852 ], [ 144.98749604, -37.85621716 ], [ 144.987399851726536, -37.856204459408538 ] ] } },
{ "type": "Feature", "properties": { "from_stop": "Prahran Station/High St #30", "to_stop": "Chapel St/High St #31", "minutes": 34.8, "tier": 45, "centre": "southern-cross", "MODE": "METRO TRAM" }, "geometry": { "type": "LineString", "coordinates": [ [ 144.989725894221209, -37.851360977265969 ], [ 144.989729180000012, -37.85136141 ], [ 144.9921626, -37.85167906 ], [ 144.99319843, -37.85181739 ], [ 144.993200439431746, -37.851817661918858 ] ] } },
{ "type": "Feature", "properties": { "from_stop": "Prahran Market/Commercial Rd #30", "to_stop": "Chapel St/Malvern Rd #31", "minutes": 33.9, "tier": 45, "centre": "southern-cross", "MODE": "METRO TRAM" }, "geometry": { "type": "LineString", "coordinates": [ [ 144.99227051, -37.84654069 ], [ 144.99421454, -37.8469343 ] ] } },
{ "type": "Feature", "properties": { "from_stop": "Malcolm St/Chapel St #51", "to_stop": "Chapel St/Toorak Rd #128", "minutes": 38.2, "tier": 45, "centre": "southern-cross", "MODE": "METRO TRAM" }, "geometry": { "type": "LineString", "coordinates": [ [ 144.996138829387377, -37.836986233757074 ], [ 144.99566503, -37.83933181 ], [ 144.99564002, -37.83947899 ], [ 144.99562330043463, -37.83956271343213 ] ] } },
{ "type": "Feature", "properties": { "from_stop": "QPO/Cotham Rd #34", "to_stop": "Charles St/Cotham Rd #35", "minutes": 46.0, "tier": 60, "centre": "southern-cross", "MODE": "METRO TRAM" }, "geometry": { "type": "LineString", "coordinates": [ [ 145.035293495475315, -37.807392674777475 ], [ 145.031647253595366, -37.806971234524021 ] ] } },
{ "type": "Feature", "properties": { "from_stop": "Union St/High St #34", "to_stop": "Charles St/High St #35", "minutes": 43.2, "tier": 45, "centre": "southern-cross", "MODE": "METRO TRAM" }, "geometry": { "type": "LineString", "coordinates": [ [ 145.034166199999987, -37.80564013 ], [ 145.035977440000011, -37.80501248 ] ] } },
{ "type": "Feature", "properties": { "from_stop": "Peel St/Smith St #16", "to_stop": "Charles St/Smith St #17", "minutes": 17.1, "tier": 30, "centre": "southern-cross", "MODE": "METRO TRAM" }, "geometry": { "type": "LineString", "coordinates": [ [ 144.983490011903285, -37.803628926034321 ], [ 144.98327477550265, -37.804849024889371 ] ] } },
{ "type": "Feature", "properties": { "from_stop": "Commercial Rd/Chapel St #47", "to_stop": "Chatham St/Chapel St #46", "minutes": 35.8, "tier": 45, "centre": "southern-cross", "MODE": "METRO TRAM" }, "geometry": { "type": "LineString", "coordinates": [ [ 144.994130198981367, -37.846991648651326 ], [ 144.99382473, -37.84894692 ], [ 144.993799282432917, -37.849123442258929 ] ] } },
{ "type": "Feature", "properties": { "from_stop": "Williams Rd/High St #35", "to_stop": "Chatsworth Rd/High St #36", "minutes": 41.6, "tier": 45, "centre": "southern-cross", "MODE": "METRO TRAM" }, "geometry": { "type": "LineString", "coordinates": [ [ 145.002318059152714, -37.853052822353057 ], [ 145.0023204, -37.85305315 ], [ 145.00627188603633, -37.853584747709647 ] ] } },
{ "type": "Feature", "properties": { "from_stop": "Moonee Ponds Junction/Pascoe Vale Rd #32", "to_stop": "Chaucer St/Ascot Vale Rd #33", "minutes": 45.3, "tier": 60, "centre": "southern-cross", "MODE": "METRO TRAM" }, "geometry": { "type": "LineString", "coordinates": [ [ 144.924349957958327, -37.770061933147154 ], [ 144.92435074, -37.77005737 ], [ 144.924378639999986, -37.76989601 ], [ 144.92448442, -37.76922271 ], [ 144.92468251, -37.76813109 ], [ 144.924802089999986, -37.76743127 ], [ 144.92480914, -37.76734146 ], [ 144.92482023, -37.76724108 ], [ 144.924832366146632, -37.766931387671569 ] ] } },
{ "type": "Feature", "properties": { "from_stop": "William St/Victoria St #9", "to_stop": "Chetwynd St/Victoria St #10", "minutes": 15.0, "tier": 15, "centre": "southern-cross", "MODE": "METRO TRAM" }, "geometry": { "type": "LineString", "coordinates": [ [ 144.95390781, -37.80568781 ], [ 144.95239053, -37.80551725 ] ] } },
{ "type": "Feature", "properties": { "from_stop": "Liddiard St/Glenferrie Rd #75", "to_stop": "Chrystobel Cres/Glenferrie Rd #75", "minutes": 57.2, "tier": 60, "centre": "southern-cross", "MODE": "METRO TRAM" }, "geometry": { "type": "LineString", "coordinates": [ [ 145.036125267594798, -37.81858877052592 ], [ 145.03612442, -37.81859329 ], [ 145.036066639223321, -37.818901112259738 ] ] } },
{ "type": "Feature", "properties": { "from_stop": "Bosisto St/Bridge Rd #17", "to_stop": "Church St/Bridge Rd #18", "minutes": 26.8, "tier": 30, "centre": "southern-cross", "MODE": "METRO TRAM" }, "geometry": { "type": "LineString", "coordinates": [ [ 144.996548429518526, -37.818259680329994 ], [ 144.998784702067042, -37.818524468169201 ] ] } },
{ "type": "Feature", "properties": { "from_stop": "Swan St/Church St #57", "to_stop": "Church St/Swan St #11", "minutes": 29.9, "tier": 30, "centre": "southern-cross", "MODE": "METRO TRAM" }, "geometry": { "type": "LineString", "coordinates": [ [ 144.997931188930181, -37.825730929409609 ], [ 144.997904974255079, -37.825880044439714 ] ] } },
{ "type": "Feature", "properties": { "from_stop": "Lennox St/Victoria St #20", "to_stop": "Church St/Victoria St #21", "minutes": 26.2, "tier": 30, "centre": "southern-cross", "MODE": "METRO TRAM" }, "geometry": { "type": "LineString", "coordinates": [ [ 145.000509100357931, -37.810567471653471 ], [ 144.999086979999987, -37.81041918 ], [ 144.996202039999986, -37.8101122 ], [ 144.995752402681262, -37.810064737197145 ] ] } },
{ "type": "Feature", "properties": { "from_stop": "Clarendon St/Whiteman St #125", "to_stop": "City Rd/Clarendon St #126", "minutes": 7.3, "tier": 15, "centre": "southern-cross", "MODE": "METRO TRAM" }, "geometry": { "type": "LineString", "coordinates": [ [ 144.957124453815169, -37.825466067546536 ], [ 144.95714755, -37.82552233 ], [ 144.957658360000011, -37.82664684 ], [ 144.95767103, -37.82666941 ], [ 144.957915948673985, -37.827200945625179 ] ] } },
{ "type": "Feature", "properties": { "from_stop": "Casino/Southbank/Queens Bridge St #115", "to_stop": "City Rd/Kings Way #116", "minutes": 10.9, "tier": 15, "centre": "southern-cross", "MODE": "METRO TRAM" }, "geometry": { "type": "LineString", "coordinates": [ [ 144.961193922161186, -37.822106936550021 ], [ 144.96119239, -37.82211165 ], [ 144.96101875, -37.8226006 ], [ 144.96079749, -37.82332924 ], [ 144.96056375, -37.824082 ], [ 144.96014943, -37.82536052 ], [ 144.960138089999987, -37.82540124 ], [ 144.96012454000001, -37.82548896 ], [ 144.96012486, -37.82556394 ], [ 144.96013131, -37.82560596 ], [ 144.96014316, -37.82564591 ], [ 144.960167219999988, -37.82569237 ], [ 144.96019055, -37.82572387 ], [ 144.960277850000011, -37.8258173 ], [ 144.960647513953916, -37.826190100696195 ] ] } },
{ "type": "Feature", "properties": { "from_stop": "Southbank Tram Depot/Light Rail #125A", "to_stop": "City Rd/Light Rail #126", "minutes": 8.7, "tier": 15, "centre": "southern-cross", "MODE": "METRO TRAM" }, "geometry": { "type": "LineString", "coordinates": [ [ 144.954812274624317, -37.827808796516315 ], [ 144.95473535, -37.8279867 ], [ 144.95467281, -37.82815314 ], [ 144.95459789, -37.8283811 ], [ 144.954547139999988, -37.8285691 ], [ 144.954501740000012, -37.82875684 ], [ 144.95446426, -37.82898256 ], [ 144.95444025, -37.8291895 ], [ 144.954434566862034, -37.829551057249027 ] ] } },
{ "type": "Feature", "properties": { "from_stop": "Swanston St/Flinders St #5", "to_stop": "City Square/Swanston St #11", "minutes": 8.6, "tier": 15, "centre": "southern-cross", "MODE": "METRO TRAM" }, "geometry": { "type": "LineString", "coordinates": [ [ 144.966976307490228, -37.816396358213716 ], [ 144.96739631, -37.81730922 ], [ 144.96743005, -37.81738803 ], [ 144.967438707368501, -37.817405143835465 ] ] } },
{ "type": "Feature", "properties": { "from_stop": "Raglan St/Clarendon St #130a", "to_stop": "Clarendon St/Albert Rd #130", "minutes": 13.4, "tier": 15, "centre": "southern-cross", "MODE": "METRO TRAM" }, "geometry": { "type": "LineString", "coordinates": [ [ 144.96258223000001, -37.83761364 ], [ 144.96287067, -37.8395201 ] ] } },
{ "type": "Feature", "properties": { "from_stop": "Ballantyne St/High St #39", "to_stop": "Clarendon St/High St #38", "minutes": 46.0, "tier": 60, "centre": "southern-cross", "MODE": "METRO TRAM" }, "geometry": { "type": "LineString", "coordinates": [ [ 145.00054929, -37.75832064 ], [ 145.00055301, -37.75944719 ] ] } },
{ "type": "Feature", "properties": { "from_stop": "Dorcas St/Clarendon St #128", "to_stop": "Clarendon St/Park St #24", "minutes": 12.2, "tier": 15, "centre": "southern-cross", "MODE": "METRO TRAM" }, "geometry": { "type": "LineString", "coordinates": [ [ 144.960650363559779, -37.833100557725423 ], [ 144.96154837, -37.83506453 ], [ 144.961559073157702, -37.835087781718883 ] ] } },
{ "type": "Feature", "properties": { "from_stop": "Casino/MCEC/Clarendon St #124A", "to_stop": "Clarendon St/Whiteman St #125", "minutes": 5.6, "tier": 15, "centre": "southern-cross", "MODE": "METRO TRAM" }, "geometry": { "type": "LineString", "coordinates": [ [ 144.95706036730121, -37.82544545914886 ], [ 144.95698578, -37.82530342 ], [ 144.956888959999986, -37.82511078 ], [ 144.95675467, -37.82481836 ], [ 144.956654820000011, -37.82459566 ], [ 144.95658971, -37.82441051 ], [ 144.95634806000001, -37.82385894 ], [ 144.956081829999988, -37.8232837 ], [ 144.956079490063246, -37.823278714436263 ] ] } },
{ "type": "Feature", "properties": { "from_stop": "Westgarth St/High St #27", "to_stop": "Clarke St/High St #30", "minutes": 39.0, "tier": 45, "centre": "southern-cross", "MODE": "METRO TRAM" }, "geometry": { "type": "LineString", "coordinates": [ [ 144.997545566650132, -37.776659693331503 ], [ 144.9974474, -37.77716963 ], [ 144.996843831238664, -37.780315343515788 ] ] } },
{ "type": "Feature", "properties": { "from_stop": "Miller St/St Georges Rd #25", "to_stop": "Clarke St/St Georges Rd #26", "minutes": 35.7, "tier": 45, "centre": "southern-cross", "MODE": "METRO TRAM" }, "geometry": { "type": "LineString", "coordinates": [ [ 144.988335900864001, -37.778048299549376 ], [ 144.9883429, -37.77803995 ], [ 144.989209069999987, -37.77703919 ], [ 144.989476020000012, -37.77674501 ], [ 144.98951487, -37.77669412 ], [ 144.98957381, -37.77660988 ], [ 144.989600599999989, -37.77656392 ], [ 144.98963135, -37.77649749 ], [ 144.98964826, -37.77645173 ], [ 144.98975009, -37.77606641 ], [ 144.989778074650502, -37.775931215351072 ] ] } },
{ "type": "Feature", "properties": { "from_stop": "Orrong Rd/Malvern Rd #37", "to_stop": "Clendon Rd/Malvern Rd #38", "minutes": 48.5, "tier": 60, "centre": "southern-cross", "MODE": "METRO TRAM" }, "geometry": { "type": "LineString", "coordinates": [ [ 145.012070046058057, -37.849237837167699 ], [ 145.0120714, -37.84923801 ], [ 145.01244417, -37.84928873 ], [ 145.015353360403282, -37.849670146673361 ] ] } },
{ "type": "Feature", "properties": { "from_stop": "Malvern Rd/Chapel St #47", "to_stop": "Cliff St/Chapel St #48", "minutes": 36.5, "tier": 45, "centre": "southern-cross", "MODE": "METRO TRAM" }, "geometry": { "type": "LineString", "coordinates": [ [ 144.994754635788524, -37.843853439898567 ], [ 144.99418774742702, -37.84668723441488 ] ] } },
{ "type": "Feature", "properties": { "from_stop": "Michael St/Queens Pde #24", "to_stop": "Clifton Hill Interchange/Queens Pde #25", "minutes": 30.4, "tier": 45, "centre": "southern-cross", "MODE": "METRO TRAM" }, "geometry": { "type": "LineString", "coordinates": [ [ 144.99142827496604, -37.788394262242839 ], [ 144.99143204, -37.78839275 ], [ 144.991683599999988, -37.78828637 ], [ 144.991802580000012, -37.78822856 ], [ 144.99186545, -37.78819223 ], [ 144.99192058, -37.78815677 ], [ 144.99199569000001, -37.78810028 ], [ 144.9920592, -37.78804477 ], [ 144.99238802, -37.78774379 ], [ 144.99308603, -37.78706448 ], [ 144.9932899, -37.7868696 ], [ 144.993332079999988, -37.78682571 ], [ 144.99351678, -37.78665962 ], [ 144.994541592527668, -37.785671195155224 ] ] } },
{ "type": "Feature", "properties": { "from_stop": "Alexandra St/Dandenong Rd #36", "to_stop": "Closeburn Ave/Dandenong Rd #36", "minutes": 41.0, "tier": 45, "centre": "southern-cross", "MODE": "METRO TRAM" }, "geometry": { "type": "LineString", "coordinates": [ [ 145.004303404253676, -37.859392413499087 ], [ 145.00462732, -37.85943629 ], [ 145.004635139365831, -37.859437329661276 ] ] } },
{ "type": "Feature", "properties": { "from_stop": "Station St/High St #41", "to_stop": "Clyde St/High St #41", "minutes": 52.9, "tier": 60, "centre": "southern-cross", "MODE": "METRO TRAM" }, "geometry": { "type": "LineString", "coordinates": [ [ 145.054794362355494, -37.797520498261271 ], [ 145.053904089822282, -37.797914889273812 ] ] } },
{ "type": "Feature", "properties": { "from_stop": "Pakington St/High St #34", "to_stop": "Cobden St/High St #35", "minutes": 43.1, "tier": 45, "centre": "southern-cross", "MODE": "METRO TRAM" }, "geometry": { "type": "LineString", "coordinates": [ [ 145.033837440000013, -37.80561661 ], [ 145.0355465, -37.80498727 ] ] } },
{ "type": "Feature", "properties": { "from_stop": "Munro St/Sydney Rd #32", "to_stop": "Coburg Market/Sydney Rd #33", "minutes": 53.3, "tier": 60, "centre": "southern-cross", "MODE": "METRO TRAM" }, "geometry": { "type": "LineString", "coordinates": [ [ 144.96583797, -37.74506476 ], [ 144.966148440000012, -37.74325874 ] ] } },
{ "type": "Feature", "properties": { "from_stop": "Scott St/Brighton Rd #40", "to_stop": "Coleridge St/Brighton Rd #41", "minutes": 37.8, "tier": 45, "centre": "southern-cross", "MODE": "METRO TRAM" }, "geometry": { "type": "LineString", "coordinates": [ [ 144.99394474866142, -37.878914421518878 ], [ 144.995134278685981, -37.880808071308095 ] ] } },
{ "type": "Feature", "properties": { "from_stop": "Stubbs St/Racecourse Rd #23", "to_stop": "Collett St/Racecourse Rd #24", "minutes": 32.6, "tier": 45, "centre": "southern-cross", "MODE": "METRO TRAM" }, "geometry": { "type": "LineString", "coordinates": [ [ 144.936573787823477, -37.788829847980558 ], [ 144.935485590000013, -37.78871176 ], [ 144.933521760736284, -37.788507287102441 ] ] } },
{ "type": "Feature", "properties": { "from_stop": "Elizabeth St/Collins St #5", "to_stop": "Collins St/Elizabeth St #2", "minutes": 6.9, "tier": 15, "centre": "southern-cross", "MODE": "METRO TRAM" }, "geometry": { "type": "LineString", "coordinates": [ [ 144.96390851082225, -37.816252390408238 ], [ 144.96340092, -37.81639948 ], [ 144.963397006296191, -37.816400614654441 ] ] } },
{ "type": "Feature", "properties": { "from_stop": "Blythe St/High St #41", "to_stop": "Collins St/High St #41", "minutes": 46.3, "tier": 60, "centre": "southern-cross", "MODE": "METRO TRAM" }, "geometry": { "type": "Point", "coordinates": [ 145.001298319999989, -37.75454268 ] } },
{ "type": "Feature", "properties": { "from_stop": "Spencer St/Collins St #1", "to_stop": "Collins St/William St #4", "minutes": 4.2, "tier": 15, "centre": "southern-cross", "MODE": "METRO TRAM" }, "geometry": { "type": "LineString", "coordinates": [ [ 144.959145753984245, -37.817635421016732 ], [ 144.95909369, -37.81765098 ], [ 144.95897431, -37.81768333 ], [ 144.955048144371744, -37.818821929815947 ] ] } },
{ "type": "Feature", "properties": { "from_stop": "Prahran Market/Commercial Rd #30", "to_stop": "Commercial Rd/Chapel St #47", "minutes": 33.9, "tier": 45, "centre": "southern-cross", "MODE": "METRO TRAM" }, "geometry": { "type": "LineString", "coordinates": [ [ 144.99227051, -37.84654069 ], [ 144.99403157, -37.84697624 ] ] } },
{ "type": "Feature", "properties": { "from_stop": "Leopold St/St Kilda Rd #24", "to_stop": "Commercial Rd/St Kilda Rd #25", "minutes": 25.9, "tier": 30, "centre": "southern-cross", "MODE": "METRO TRAM" }, "geometry": { "type": "LineString", "coordinates": [ [ 144.97855736458493, -37.844549898405141 ], [ 144.97835834, -37.84400297 ], [ 144.97813401, -37.84337469 ], [ 144.97743541, -37.84147599 ], [ 144.977331450703645, -37.841184830228876 ] ] } },
{ "type": "Feature", "properties": { "from_stop": "Richmond Town Hall/Bridge Rd #19", "to_stop": "Coppin St/Bridge Rd #20", "minutes": 29.1, "tier": 30, "centre": "southern-cross", "MODE": "METRO TRAM" }, "geometry": { "type": "LineString", "coordinates": [ [ 145.003566668323202, -37.81902096011428 ], [ 145.002333420000014, -37.81889142 ], [ 145.00137295, -37.8187932 ], [ 145.001369081997495, -37.818792796705011 ] ] } },
{ "type": "Feature", "properties": { "from_stop": "Church St/Swan St #11", "to_stop": "Coppin St/Swan St #12", "minutes": 31.0, "tier": 45, "centre": "southern-cross", "MODE": "METRO TRAM" }, "geometry": { "type": "LineString", "coordinates": [ [ 144.998102805933456, -37.825680591102383 ], [ 145.002345170000012, -37.82614495 ], [ 145.002589364924034, -37.826171686806568 ] ] } },
{ "type": "Feature", "properties": { "from_stop": "Glenferrie Rd/Cotham Rd #36", "to_stop": "Cotham Rd/Glenferrie Rd #80", "minutes": 48.3, "tier": 60, "centre": "southern-cross", "MODE": "METRO TRAM" }, "geometry": { "type": "LineString", "coordinates": [ [ 145.038119374494755, -37.807911687803106 ], [ 145.038121530000012, -37.80790066 ] ] } },
{ "type": "Feature", "properties": { "from_stop": "Gibbons St/Church St #55", "to_stop": "Cotter St/Church St #54", "minutes": 30.2, "tier": 45, "centre": "southern-cross", "MODE": "METRO TRAM" }, "geometry": { "type": "LineString", "coordinates": [ [ 144.99745614, -37.82876768 ], [ 144.997057070000011, -37.83050017 ] ] } },
{ "type": "Feature", "properties": { "from_stop": "Fraser St/Park St #140", "to_stop": "Cowderoy St/Park St #141", "minutes": 22.4, "tier": 30, "centre": "southern-cross", "MODE": "METRO TRAM" }, "geometry": { "type": "LineString", "coordinates": [ [ 144.970455846792532, -37.857263176738805 ], [ 144.97017976, -37.85711738 ], [ 144.967604380000012, -37.85577057 ], [ 144.967462250000011, -37.8556981 ], [ 144.967457536491054, -37.855695575208507 ] ] } },
{ "type": "Feature", "properties": { "from_stop": "Northcote Ave/Hawthorn Rd #53", "to_stop": "Crotonhurst Ave/Hawthorn Rd #53", "minutes": 53.1, "tier": 60, "centre": "southern-cross", "MODE": "METRO TRAM" }, "geometry": { "type": "LineString", "coordinates": [ [ 145.023769981991791, -37.877497398335748 ], [ 145.02377156, -37.87748921 ], [ 145.023828063834003, -37.877194049011649 ] ] } },
{ "type": "Feature", "properties": { "from_stop": "Rennie St/Nicholson St #131", "to_stop": "Crozier St/Nicholson St #132", "minutes": 45.7, "tier": 60, "centre": "southern-cross", "MODE": "METRO TRAM" }, "geometry": { "type": "LineString", "coordinates": [ [ 144.976926990706602, -37.749431897372709 ], [ 144.9766309, -37.75121817 ], [ 144.976607975415959, -37.751357390145827 ] ] } },
{ "type": "Feature", "properties": { "from_stop": "North Melbourne Town Hall/Errol St #12", "to_stop": "Curzon St/Queensberry St #13", "minutes": 17.0, "tier": 30, "centre": "southern-cross", "MODE": "METRO TRAM" }, "geometry": { "type": "LineString", "coordinates": [ [ 144.94953494, -37.80322364 ], [ 144.94794449, -37.80282645 ] ] } },
{ "type": "Feature", "properties": { "from_stop": "South Daly St/Dawson St #33", "to_stop": "Daly St/Dawson St #33", "minutes": 33.1, "tier": 45, "centre": "southern-cross", "MODE": "METRO TRAM" }, "geometry": { "type": "LineString", "coordinates": [ [ 144.945345922314544, -37.769625408671352 ], [ 144.94444089000001, -37.76951831 ], [ 144.944433875798069, -37.769517459708524 ] ] } },
{ "type": "Feature", "properties": { "from_stop": "Chapel St/Dandenong Rd #32", "to_stop": "Dandenong Rd/Chapel St #42", "minutes": 35.0, "tier": 45, "centre": "southern-cross", "MODE": "METRO TRAM" }, "geometry": { "type": "LineString", "coordinates": [ [ 144.992326443089382, -37.857540095137288 ], [ 144.992254906877093, -37.857938491131527 ] ] } },
{ "type": "Feature", "properties": { "from_stop": "Dandenong Rd/Hawthorn Rd #48A", "to_stop": "Dandenong Rd/Glenferrie Rd #52", "minutes": 52.2, "tier": 60, "centre": "southern-cross", "MODE": "METRO TRAM" }, "geometry": { "type": "LineString", "coordinates": [ [ 145.025904489999988, -37.86589911 ], [ 145.02781001, -37.86605722 ] ] } },
{ "type": "Feature", "properties": { "from_stop": "Arthur St/Hawthorn Rd #49", "to_stop": "Dandenong Rd/Hawthorn Rd #48A", "minutes": 52.2, "tier": 60, "centre": "southern-cross", "MODE": "METRO TRAM" }, "geometry": { "type": "LineString", "coordinates": [ [ 145.025999250000012, -37.86593458 ], [ 145.025669200723371, -37.867673765329009 ] ] } },
{ "type": "Feature", "properties": { "from_stop": "Richardson St/Mills St #135", "to_stop": "Danks St/Mills St #136", "minutes": 17.8, "tier": 30, "centre": "southern-cross", "MODE": "METRO TRAM" }, "geometry": { "type": "LineString", "coordinates": [ [ 144.955975744373916, -37.849236118174773 ], [ 144.95623095, -37.84894166 ], [ 144.957461140433651, -37.847457843092826 ] ] } },
{ "type": "Feature", "properties": { "from_stop": "Dennis St/High St #35", "to_stop": "Darebin Rd/High St #36", "minutes": 43.7, "tier": 45, "centre": "southern-cross", "MODE": "METRO TRAM" }, "geometry": { "type": "LineString", "coordinates": [ [ 144.999363760010056, -37.765751244348863 ], [ 144.99936599, -37.76573815 ], [ 144.999783577362138, -37.763342298754843 ] ] } },
{ "type": "Feature", "properties": { "from_stop": "Bell St/Plenty Rd #45", "to_stop": "David St/Plenty Rd #47", "minutes": 56.0, "tier": 60, "centre": "southern-cross", "MODE": "METRO TRAM" }, "geometry": { "type": "LineString", "coordinates": [ [ 145.008044003093744, -37.743274925882439 ], [ 145.00701299, -37.74457752 ], [ 145.006879059999989, -37.74475162 ], [ 145.00676576, -37.74488839 ], [ 145.006447970000011, -37.74529928 ], [ 145.00627207, -37.74551466 ], [ 145.006180730000011, -37.74563207 ], [ 145.006063816018184, -37.745806663296555 ] ] } },
{ "type": "Feature", "properties": { "from_stop": "Union Square Shopping Centre/Grantham St #30", "to_stop": "Dawson St/Grantham St #31", "minutes": 31.3, "tier": 45, "centre": "southern-cross", "MODE": "METRO TRAM" }, "geometry": { "type": "LineString", "coordinates": [ [ 144.949436510120705, -37.772237651799188 ], [ 144.949485259999989, -37.7720058 ], [ 144.949550749999986, -37.7716654 ], [ 144.94956, -37.77160193 ], [ 144.9498036, -37.77034957 ], [ 144.949804778906696, -37.770299697879942 ] ] } },
{ "type": "Feature", "properties": { "from_stop": "Sydney Rd/Moreland Rd #132", "to_stop": "De Carle St/Moreland Rd #131", "minutes": 46.5, "tier": 60, "centre": "southern-cross", "MODE": "METRO TRAM" }, "geometry": { "type": "LineString", "coordinates": [ [ 144.964290171108502, -37.75547155749242 ], [ 144.96485555000001, -37.75553902 ], [ 144.96634205, -37.75569915 ], [ 144.966529880987167, -37.755720248236031 ] ] } },
{ "type": "Feature", "properties": { "from_stop": "High St/Glenferrie Rd #57", "to_stop": "De La Salle College/High St #45", "minutes": 57.9, "tier": 60, "centre": "southern-cross", "MODE": "METRO TRAM" }, "geometry": { "type": "LineString", "coordinates": [ [ 145.032371742048497, -37.857031917659434 ], [ 145.02956986, -37.85666659 ] ] } },
{ "type": "Feature", "properties": { "from_stop": "Cowderoy St/Park St #141", "to_stop": "Deakin St/Park St #141", "minutes": 22.5, "tier": 30, "centre": "southern-cross", "MODE": "METRO TRAM" }, "geometry": { "type": "LineString", "coordinates": [ [ 144.970471355521141, -37.857234157936126 ], [ 144.970824481753681, -37.857419442659612 ] ] } },
{ "type": "Feature", "properties": { "from_stop": "Bent St/High St #34", "to_stop": "Dennis St/High St #35", "minutes": 42.0, "tier": 45, "centre": "southern-cross", "MODE": "METRO TRAM" }, "geometry": { "type": "LineString", "coordinates": [ [ 144.99909564, -37.76761424 ], [ 144.99925986, -37.76573355 ] ] } },
{ "type": "Feature", "properties": { "from_stop": "Clendon Rd/Malvern Rd #38", "to_stop": "Densham Rd/Malvern Rd #39", "minutes": 51.1, "tier": 60, "centre": "southern-cross", "MODE": "METRO TRAM" }, "geometry": { "type": "LineString", "coordinates": [ [ 145.015353360403282, -37.849670146673361 ], [ 145.015359030000013, -37.84967089 ], [ 145.018436567328393, -37.85007310937268 ] ] } },
{ "type": "Feature", "properties": { "from_stop": "Bracken Ave/Miller St #36", "to_stop": "Devon St/Miller St #36", "minutes": 50.3, "tier": 60, "centre": "southern-cross", "MODE": "METRO TRAM" }, "geometry": { "type": "LineString", "coordinates": [ [ 144.990938985830013, -37.751315943273958 ], [ 144.99094132, -37.75131618 ], [ 144.991322787241131, -37.751354821740499 ] ] } },
{ "type": "Feature", "properties": { "from_stop": "Cabrini Hospital/Wattletree Rd #47", "to_stop": "Dixon St/Wattletree Rd #48", "minutes": 58.4, "tier": 60, "centre": "southern-cross", "MODE": "METRO TRAM" }, "geometry": { "type": "LineString", "coordinates": [ [ 145.033865655040358, -37.863069618072551 ], [ 145.03662825, -37.86343299 ], [ 145.037093858971616, -37.86349361848437 ] ] } },
{ "type": "Feature", "properties": { "from_stop": "Flemington Bridge Station/Flemington Rd #22", "to_stop": "Djerring Flemington Hub/Mt Alexander Rd  #23", "minutes": 29.1, "tier": 30, "centre": "southern-cross", "MODE": "METRO TRAM" }, "geometry": { "type": "LineString", "coordinates": [ [ 144.940863068379258, -37.78833303764597 ], [ 144.94062577, -37.78804522 ], [ 144.94056212000001, -37.78796967 ], [ 144.94048038, -37.78786244 ], [ 144.940296710000013, -37.78759879 ], [ 144.94000238000001, -37.78719812 ], [ 144.93958756, -37.78666692 ], [ 144.939249499999988, -37.78625863 ], [ 144.9391508, -37.78613281 ], [ 144.939009899244553, -37.785965812534513 ] ] } },
{ "type": "Feature", "properties": { "from_stop": "Harbour Esp/Collins St #D16", "to_stop": "Docklands Park/Harbour Esp #D4", "minutes": 1.1, "tier": 15, "centre": "southern-cross", "MODE": "METRO TRAM" }, "geometry": { "type": "LineString", "coordinates": [ [ 144.947439300673807, -37.820957147246673 ], [ 144.94748648, -37.82113393 ], [ 144.947569570000013, -37.82147286 ], [ 144.94757022413134, -37.821475561822652 ] ] } },
{ "type": "Feature", "properties": { "from_stop": "Central Pier/Harbour Esp #D2", "to_stop": "Docklands Stadium/La Trobe St  #D1", "minutes": 6.2, "tier": 15, "centre": "southern-cross", "MODE": "METRO TRAM" }, "geometry": { "type": "LineString", "coordinates": [ [ 144.94486239, -37.81472164 ], [ 144.944883870000012, -37.81477428 ], [ 144.94492254, -37.81483002 ], [ 144.944943669999986, -37.81485454 ], [ 144.94496403, -37.81487012 ], [ 144.94502381, -37.81490568 ], [ 144.945067099999989, -37.81492194 ], [ 144.94512746, -37.81493254 ], [ 144.94516266, -37.81493334 ], [ 144.94521323, -37.81492818 ], [ 144.945267730000012, -37.81491697 ], [ 144.9455322, -37.81484264 ], [ 144.945847429999986, -37.81476451 ], [ 144.946404519999987, -37.81461238 ], [ 144.946404933175614, -37.814612265002282 ] ] } },
{ "type": "Feature", "properties": { "from_stop": "York St/Clarendon St #127", "to_stop": "Dorcas St/Clarendon St #128", "minutes": 10.3, "tier": 15, "centre": "southern-cross", "MODE": "METRO TRAM" }, "geometry": { "type": "LineString", "coordinates": [ [ 144.95965520581791, -37.830923320549786 ], [ 144.960522309999988, -37.8328205 ], [ 144.960650363559779, -37.833100557725423 ] ] } },
{ "type": "Feature", "properties": { "from_stop": "Sturt St/Kings Way #118", "to_stop": "Dorcas St/Eastern Rd #22", "minutes": 15.8, "tier": 30, "centre": "southern-cross", "MODE": "METRO TRAM" }, "geometry": { "type": "LineString", "coordinates": [ [ 144.965108976374864, -37.830993963118978 ], [ 144.964943150000011, -37.83154344 ], [ 144.96491615, -37.83162462 ], [ 144.96490597, -37.83166013 ], [ 144.96489881, -37.83169731 ], [ 144.964897470000011, -37.83174586 ], [ 144.964900269999987, -37.83176826 ], [ 144.964908900000012, -37.83180968 ], [ 144.96492269, -37.83184939 ], [ 144.965078238992191, -37.832171233607639 ] ] } },
{ "type": "Feature", "properties": { "from_stop": "High St/Chapel St #45", "to_stop": "Duke St/Chapel St #44", "minutes": 36.8, "tier": 45, "centre": "southern-cross", "MODE": "METRO TRAM" }, "geometry": { "type": "LineString", "coordinates": [ [ 144.992920772693253, -37.854119053234811 ], [ 144.992921020000011, -37.85411769 ], [ 144.99306983, -37.85333692 ], [ 144.993323946733028, -37.851963590715513 ] ] } },
{ "type": "Feature", "properties": { "from_stop": "Wattletree Rd/Glenferrie Rd #54", "to_stop": "Duncraig Ave/Wattletree Rd #44", "minutes": 53.7, "tier": 60, "centre": "southern-cross", "MODE": "METRO TRAM" }, "geometry": { "type": "LineString", "coordinates": [ [ 145.028271672866623, -37.862369213223332 ], [ 145.025390065272944, -37.862002106763263 ] ] } },
{ "type": "Feature", "properties": { "from_stop": "Miller St/High St #42", "to_stop": "Dundas St/Plenty Rd #42", "minutes": 48.0, "tier": 60, "centre": "southern-cross", "MODE": "METRO TRAM" }, "geometry": { "type": "LineString", "coordinates": [ [ 145.001598197661281, -37.75249807668304 ], [ 145.00159925, -37.75249163 ] ] } },
{ "type": "Feature", "properties": { "from_stop": "Swan St/Church St #57", "to_stop": "East Richmond Railway Station/Church St #56", "minutes": 29.8, "tier": 30, "centre": "southern-cross", "MODE": "METRO TRAM" }, "geometry": { "type": "LineString", "coordinates": [ [ 144.997887500476054, -37.82565702428839 ], [ 144.997949859549294, -37.825663849961543 ] ] } },
{ "type": "Feature", "properties": { "from_stop": "Coppin St/Swan St #12", "to_stop": "Edinburgh St/Swan St #13", "minutes": 33.1, "tier": 45, "centre": "southern-cross", "MODE": "METRO TRAM" }, "geometry": { "type": "LineString", "coordinates": [ [ 145.004907681412504, -37.826455925753336 ], [ 145.00490708000001, -37.82645586 ], [ 145.002586276127573, -37.826200248209716 ] ] } },
{ "type": "Feature", "properties": { "from_stop": "Wattletree Rd/Glenferrie Rd #54", "to_stop": "Edsall St/Glenferrie Rd #55", "minutes": 53.3, "tier": 60, "centre": "southern-cross", "MODE": "METRO TRAM" }, "geometry": { "type": "LineString", "coordinates": [ [ 145.028257810000014, -37.86247803 ], [ 145.0286714, -37.86103406 ] ] } },
{ "type": "Feature", "properties": { "from_stop": "Reynard St/Sydney Rd #31", "to_stop": "Edward St/Sydney Rd #31", "minutes": 50.6, "tier": 60, "centre": "southern-cross", "MODE": "METRO TRAM" }, "geometry": { "type": "LineString", "coordinates": [ [ 144.965369351201502, -37.748459550391772 ], [ 144.96536719, -37.74847194 ], [ 144.965317692416676, -37.74875925995984 ] ] } },
{ "type": "Feature", "properties": { "from_stop": "Matlock Ct/Dandenong Rd #43", "to_stop": "Egerton Rd/Dandenong Rd #43", "minutes": 53.1, "tier": 60, "centre": "southern-cross", "MODE": "METRO TRAM" }, "geometry": { "type": "LineString", "coordinates": [ [ 145.021933157871729, -37.863776823820238 ], [ 145.022027650000012, -37.86381818 ], [ 145.022036065208454, -37.863821845575103 ] ] } },
{ "type": "Feature", "properties": { "from_stop": "Kooyong Rd/Wattletree Rd #42", "to_stop": "Egerton Rd/Wattletree Rd #43", "minutes": 52.6, "tier": 60, "centre": "southern-cross", "MODE": "METRO TRAM" }, "geometry": { "type": "LineString", "coordinates": [ [ 145.022759711785568, -37.861665584499171 ], [ 145.019910470000013, -37.86129704 ], [ 145.019905848377704, -37.861296430887492 ] ] } },
{ "type": "Feature", "properties": { "from_stop": "Collins St/Elizabeth St #2", "to_stop": "Elizabeth St/Bourke St #5", "minutes": 7.7, "tier": 15, "centre": "southern-cross", "MODE": "METRO TRAM" }, "geometry": { "type": "LineString", "coordinates": [ [ 144.96323573054616, -37.814343370000792 ], [ 144.96366246, -37.8152696 ], [ 144.963722158529123, -37.815404146427262 ] ] } },
{ "type": "Feature", "properties": { "from_stop": "Victoria St/Church St #65", "to_stop": "Elizabeth St/Church St #64", "minutes": 26.2, "tier": 30, "centre": "southern-cross", "MODE": "METRO TRAM" }, "geometry": { "type": "LineString", "coordinates": [ [ 145.00059662000001, -37.8109146 ], [ 145.00016514, -37.81259249 ] ] } },
{ "type": "Feature", "properties": { "from_stop": "William St/Collins St #3", "to_stop": "Elizabeth St/Collins St #5", "minutes": 6.4, "tier": 15, "centre": "southern-cross", "MODE": "METRO TRAM" }, "geometry": { "type": "LineString", "coordinates": [ [ 144.963397006296191, -37.816400614654441 ], [ 144.959414117479866, -37.817555327089551 ] ] } },
{ "type": "Feature", "properties": { "from_stop": "Flinders Street Railway Station/Elizabeth St #1", "to_stop": "Elizabeth St/Flinders St #4", "minutes": 6.7, "tier": 15, "centre": "southern-cross", "MODE": "METRO TRAM" }, "geometry": { "type": "LineString", "coordinates": [ [ 144.96477485, -37.81771606 ], [ 144.964773717266183, -37.817713576762458 ] ] } },
{ "type": "Feature", "properties": { "from_stop": "Abbotsford St Interchange/Abbotsford St #19", "to_stop": "Elliott Ave/Royal Park #24", "minutes": 24.1, "tier": 30, "centre": "southern-cross", "MODE": "METRO TRAM" }, "geometry": { "type": "LineString", "coordinates": [ [ 144.947520270505294, -37.793661422843066 ], [ 144.947510630000011, -37.79365222 ], [ 144.94746852, -37.7936021 ], [ 144.94745849, -37.79356236 ], [ 144.94745728, -37.7935363 ], [ 144.9474612, -37.7934932 ], [ 144.94747543, -37.79345506 ], [ 144.947503860000012, -37.79341248 ], [ 144.94752553, -37.79338879 ], [ 144.948071950000013, -37.79295124 ], [ 144.94818383, -37.79285578 ], [ 144.948274559999987, -37.79276994 ], [ 144.94837227, -37.79266558 ], [ 144.94845412, -37.79256814 ], [ 144.948550610000012, -37.79244204 ], [ 144.94868614, -37.79227191 ], [ 144.94901883, -37.79183 ], [ 144.94920245, -37.79157979 ], [ 144.94930929, -37.79142043 ], [ 144.94940491, -37.79126817 ], [ 144.94969189, -37.79075418 ], [ 144.949737559999988, -37.79066729 ], [ 144.94976845, -37.79059312 ], [ 144.94979254, -37.79051469 ], [ 144.94980727, -37.79044997 ], [ 144.949819350000013, -37.79036628 ], [ 144.94982203, -37.79029 ], [ 144.9498207, -37.79020634 ], [ 144.94976168, -37.78981096 ], [ 144.9497496, -37.78969756 ], [ 144.949745580000013, -37.78958422 ], [ 144.94975047, -37.78949346 ], [ 144.949762990000011, -37.78941456 ], [ 144.949826, -37.78909447 ], [ 144.94983815, -37.78899168 ], [ 144.949843460000011, -37.78889841 ], [ 144.94983811, -37.78877134 ], [ 144.94982744, -37.78866851 ], [ 144.9498059, -37.78856468 ], [ 144.94972458, -37.78826516 ], [ 144.949665649592788, -37.78803765037712 ] ] } },
{ "type": "Feature", "properties": { "from_stop": "Kooyong Rd/Balaclava Rd #46", "to_stop": "Elmhurst Rd/Balaclava Rd #47", "minutes": 47.9, "tier": 60, "centre": "southern-cross", "MODE": "METRO TRAM" }, "geometry": { "type": "LineString", "coordinates": [ [ 145.017615731183099, -37.871764684541759 ], [ 145.021093215811192, -37.872194981371884 ] ] } },
{ "type": "Feature", "properties": { "from_stop": "Brighton Rd/Glenhuntly Rd #43", "to_stop": "Elsternwick Railway Station/Glenhuntly Rd #44", "minutes": 44.0, "tier": 45, "centre": "southern-cross", "MODE": "METRO TRAM" }, "geometry": { "type": "LineString", "coordinates": [ [ 145.000565063265014, -37.88424885244816 ], [ 144.997584839801561, -37.88385224389004 ] ] } },
{ "type": "Feature", "properties": { "from_stop": "Elsternwick Railway Station/Glenhuntly Rd #44", "to_stop": "Elsternwick Shopping Centre/Glenhuntly Rd #45", "minutes": 47.0, "tier": 60, "centre": "southern-cross", "MODE": "METRO TRAM" }, "geometry": { "type": "LineString", "coordinates": [ [ 145.000569158886947, -37.884220179459419 ], [ 145.001327800000013, -37.88432362 ], [ 145.00194403, -37.88440509 ], [ 145.002804950000012, -37.88452451 ], [ 145.00380594, -37.88465721 ], [ 145.003954994495331, -37.88467700009744 ] ] } },
{ "type": "Feature", "properties": { "from_stop": "Hotham St/Balaclava Rd #40", "to_stop": "Empress Rd/Balaclava Rd #41", "minutes": 41.3, "tier": 45, "centre": "southern-cross", "MODE": "METRO TRAM" }, "geometry": { "type": "LineString", "coordinates": [ [ 145.001567181080873, -37.869788711044215 ], [ 144.99963409, -37.8695476 ], [ 144.999632669925262, -37.869547420641162 ] ] } },
{ "type": "Feature", "properties": { "from_stop": "Bowen St/Maribyrnong Rd #39", "to_stop": "Epsom Rd/Maribyrnong Rd #40", "minutes": 57.6, "tier": 60, "centre": "southern-cross", "MODE": "METRO TRAM" }, "geometry": { "type": "LineString", "coordinates": [ [ 144.905115933806911, -37.770480218289414 ], [ 144.90511713, -37.77048035 ], [ 144.908997129999989, -37.77091129 ], [ 144.908997596233604, -37.770911341451196 ] ] } },
{ "type": "Feature", "properties": { "from_stop": "Punt Rd/Bridge Rd #14", "to_stop": "Epworth Hospital/Bridge Rd #15", "minutes": 25.1, "tier": 30, "centre": "southern-cross", "MODE": "METRO TRAM" }, "geometry": { "type": "LineString", "coordinates": [ [ 144.990225445381412, -37.817469361138578 ], [ 144.99027236, -37.8174758 ], [ 144.990443309999989, -37.81751026 ], [ 144.99068014, -37.81756981 ], [ 144.99091048, -37.81761718 ], [ 144.99103605, -37.8176368 ], [ 144.99130790000001, -37.81767001 ], [ 144.993113810000011, -37.81786716 ], [ 144.99380376, -37.81794488 ], [ 144.993803867114252, -37.817944891523609 ] ] } },
{ "type": "Feature", "properties": { "from_stop": "Chetwynd St/Victoria St #10", "to_stop": "Errol St/Victoria St #11", "minutes": 17.0, "tier": 30, "centre": "southern-cross", "MODE": "METRO TRAM" }, "geometry": { "type": "LineString", "coordinates": [ [ 144.949465665262778, -37.805126815442961 ], [ 144.94952747, -37.80514418 ], [ 144.94958584, -37.80515277 ], [ 144.95203657, -37.80542837 ], [ 144.952395967143531, -37.805468247133554 ] ] } },
{ "type": "Feature", "properties": { "from_stop": "Wellington St/Mt Alexander Rd #26", "to_stop": "Essendon Tram Depot/Mt Alexander Rd #27", "minutes": 35.1, "tier": 45, "centre": "southern-cross", "MODE": "METRO TRAM" }, "geometry": { "type": "LineString", "coordinates": [ [ 144.932546399704819, -37.781186484014462 ], [ 144.93230094, -37.78089371 ], [ 144.93160176, -37.78004181 ], [ 144.93137421, -37.7797735 ] ] } },
{ "type": "Feature", "properties": { "from_stop": "City Square/Swanston St #11", "to_stop": "Exhibition St/Collins St #7", "minutes": 9.6, "tier": 15, "centre": "southern-cross", "MODE": "METRO TRAM" }, "geometry": { "type": "LineString", "coordinates": [ [ 144.970729001875554, -37.814274722622635 ], [ 144.97049417, -37.81434363 ], [ 144.968866420000012, -37.81482202 ], [ 144.966745593156759, -37.815430045417266 ] ] } },
{ "type": "Feature", "properties": { "from_stop": "Victoria St/La Trobe St #9", "to_stop": "Exhibition St/La Trobe St #8", "minutes": 14.1, "tier": 15, "centre": "southern-cross", "MODE": "METRO TRAM" }, "geometry": { "type": "LineString", "coordinates": [ [ 144.970285016479266, -37.807720498915423 ], [ 144.96898762, -37.80809466 ], [ 144.96883263, -37.80814246 ], [ 144.96870253, -37.80817743 ], [ 144.967629819379113, -37.808489082266242 ] ] } },
{ "type": "Feature", "properties": { "from_stop": "Toorak Rd/St Kilda Rd #22", "to_stop": "Fawkner Park/Toorak Rd #123", "minutes": 25.8, "tier": 30, "centre": "southern-cross", "MODE": "METRO TRAM" }, "geometry": { "type": "LineString", "coordinates": [ [ 144.975462801807026, -37.835916336581057 ], [ 144.97556078, -37.83609287 ], [ 144.975601360000013, -37.83615863 ], [ 144.975641950000011, -37.83621169 ], [ 144.97571781, -37.83628824 ], [ 144.97578674, -37.83634367 ], [ 144.975844779999989, -37.83638207 ], [ 144.97671903, -37.83689419 ], [ 144.97690443, -37.83697893 ], [ 144.977165539999987, -37.83707074 ], [ 144.97729895, -37.83710773 ], [ 144.977447579999989, -37.83714092 ], [ 144.97774224, -37.83719438 ], [ 144.97800687, -37.83723677 ], [ 144.97903587, -37.83737547 ], [ 144.980710396085129, -37.837585876597444 ] ] } },
{ "type": "Feature", "properties": { "from_stop": "Swanston St/Flinders St #5", "to_stop": "Federation Square/Swanston St #13", "minutes": 7.8, "tier": 15, "centre": "southern-cross", "MODE": "METRO TRAM" }, "geometry": { "type": "LineString", "coordinates": [ [ 144.967906170011815, -37.81851041756741 ], [ 144.96769862, -37.81805404 ] ] } },
{ "type": "Feature", "properties": { "from_stop": "Melbourne Cemetery/Lygon St #115", "to_stop": "Fenwick St/Lygon St #116", "minutes": 25.7, "tier": 30, "centre": "southern-cross", "MODE": "METRO TRAM" }, "geometry": { "type": "LineString", "coordinates": [ [ 144.968830192355426, -37.789585908862669 ], [ 144.96883132, -37.78957932 ], [ 144.969029440000014, -37.78846528 ], [ 144.96913466, -37.7878323 ], [ 144.969216273367181, -37.787375308968457 ] ] } },
{ "type": "Feature", "properties": { "from_stop": "Union Rd/Maribyrnong Rd #37", "to_stop": "Ferguson St/Maribyrnong Rd #38", "minutes": 53.6, "tier": 60, "centre": "southern-cross", "MODE": "METRO TRAM" }, "geometry": { "type": "LineString", "coordinates": [ [ 144.912767245245334, -37.771330085432766 ], [ 144.91309571, -37.77137121 ], [ 144.91369598, -37.77143808 ], [ 144.915938541188865, -37.771706092095648 ] ] } },
{ "type": "Feature", "properties": { "from_stop": "South Melbourne Station/Light Rail #127", "to_stop": "Ferrars St/Park St #26", "minutes": 13.0, "tier": 15, "centre": "southern-cross", "MODE": "METRO TRAM" }, "geometry": { "type": "LineString", "coordinates": [ [ 144.95690582665452, -37.836402449070434 ], [ 144.95542788293767, -37.833184463243569 ] ] } },
{ "type": "Feature", "properties": { "from_stop": "Findon St/Barkers Rd #27", "to_stop": "Findon Cres/Barkers Rd #27", "minutes": 35.2, "tier": 45, "centre": "southern-cross", "MODE": "METRO TRAM" }, "geometry": { "type": "Point", "coordinates": [ 145.02060992, -37.81276347 ] } },
{ "type": "Feature", "properties": { "from_stop": "River Bvd/Victoria St #25", "to_stop": "Findon St/Barkers Rd #27", "minutes": 35.2, "tier": 45, "centre": "southern-cross", "MODE": "METRO TRAM" }, "geometry": { "type": "LineString", "coordinates": [ [ 145.013235149153587, -37.811797424925601 ], [ 145.01324008, -37.81179809 ], [ 145.013733050000013, -37.81186661 ], [ 145.01390236, -37.81189398 ], [ 145.014000470000013, -37.81191212 ], [ 145.014337759999989, -37.81198306 ], [ 145.01446289, -37.81200617 ], [ 145.014589269999988, -37.8120247 ], [ 145.01906394, -37.81256291 ], [ 145.02060992, -37.81276347 ] ] } },
{ "type": "Feature", "properties": { "from_stop": "Newry St/Brunswick St #19", "to_stop": "Fitzroy Bowls Club/Brunswick St #20", "minutes": 26.7, "tier": 30, "centre": "southern-cross", "MODE": "METRO TRAM" }, "geometry": { "type": "LineString", "coordinates": [ [ 144.980190068696004, -37.78831243494669 ], [ 144.979814229999988, -37.79052954 ], [ 144.979764901973141, -37.790820431438817 ] ] } },
{ "type": "Feature", "properties": { "from_stop": "Park St/Fitzroy St #134", "to_stop": "Fitzroy St/Park St #143", "minutes": 21.8, "tier": 30, "centre": "southern-cross", "MODE": "METRO TRAM" }, "geometry": { "type": "Point", "coordinates": [ 144.974430680000012, -37.86100708 ] } },
{ "type": "Feature", "properties": { "from_stop": "Wellington St/Glenferrie Rd #79", "to_stop": "Fitzwilliam St/Glenferrie Rd #78", "minutes": 51.1, "tier": 60, "centre": "southern-cross", "MODE": "METRO TRAM" }, "geometry": { "type": "LineString", "coordinates": [ [ 145.037712902657574, -37.810100925983591 ], [ 145.03735409, -37.81201224 ], [ 145.037330435008471, -37.812138992155717 ] ] } },
{ "type": "Feature", "properties": { "from_stop": "Flagstaff Station/La Trobe St  #3", "to_stop": "Flagstaff Railway Station/William St #7", "minutes": 8.0, "tier": 15, "centre": "southern-cross", "MODE": "METRO TRAM" }, "geometry": { "type": "Point", "coordinates": [ 144.95677555, -37.81246867 ] } },
{ "type": "Feature", "properties": { "from_stop": "William St/Bourke St #3", "to_stop": "Flagstaff Station/La Trobe St  #3", "minutes": 8.0, "tier": 15, "centre": "southern-cross", "MODE": "METRO TRAM" }, "geometry": { "type": "LineString", "coordinates": [ [ 144.95677555, -37.81246867 ], [ 144.95740211, -37.81382517 ], [ 144.95779783, -37.81473366 ], [ 144.95812734, -37.81545617 ], [ 144.958201120826857, -37.815616598813527 ] ] } },
{ "type": "Feature", "properties": { "from_stop": "Melrose St/Flemington Rd #20", "to_stop": "Flemington Bridge Station/Flemington Rd #22", "minutes": 28.1, "tier": 30, "centre": "southern-cross", "MODE": "METRO TRAM" }, "geometry": { "type": "LineString", "coordinates": [ [ 144.940827096752571, -37.789247525385569 ], [ 144.941852399999988, -37.78935823 ], [ 144.941950350000013, -37.7893721 ], [ 144.94206915, -37.78940004 ], [ 144.94213387, -37.78942082 ], [ 144.942188249999987, -37.78944169 ], [ 144.94228338, -37.78948796 ], [ 144.942324320000012, -37.7895103 ], [ 144.94241195, -37.78956473 ], [ 144.94288569, -37.78994636 ], [ 144.943473942593982, -37.790407665798639 ] ] } },
{ "type": "Feature", "properties": { "from_stop": "Flemington Racecourse/Racecourse Rd #29", "to_stop": "Flemington Racecourse/Epsom Rd #30", "minutes": 43.7, "tier": 45, "centre": "southern-cross", "MODE": "METRO TRAM" }, "geometry": { "type": "LineString", "coordinates": [ [ 144.919980098110813, -37.786049488040199 ], [ 144.92112228, -37.78722792 ], [ 144.92119335000001, -37.78729712 ], [ 144.92125055, -37.78733878 ], [ 144.921290699999986, -37.78736066 ], [ 144.92134871, -37.78738151 ], [ 144.92139407, -37.78739168 ], [ 144.92145206, -37.78739721 ], [ 144.92148733, -37.78739883 ], [ 144.922006835324623, -37.787380683258149 ] ] } },
{ "type": "Feature", "properties": { "from_stop": "Smithfield Rd/Racecourse Rd #28", "to_stop": "Flemington Racecourse/Racecourse Rd #29", "minutes": 41.4, "tier": 45, "centre": "southern-cross", "MODE": "METRO TRAM" }, "geometry": { "type": "LineString", "coordinates": [ [ 144.924943242138369, -37.787691921306049 ], [ 144.92247247, -37.7874245 ], [ 144.92230716, -37.78741158 ], [ 144.92220665, -37.7874081 ], [ 144.92206639, -37.78740914 ], [ 144.922007998540835, -37.787411268656122 ] ] } },
{ "type": "Feature", "properties": { "from_stop": "Pelham St/Elizabeth St #9", "to_stop": "Flemington Rd/Peel St #12", "minutes": 15.7, "tier": 30, "centre": "southern-cross", "MODE": "METRO TRAM" }, "geometry": { "type": "LineString", "coordinates": [ [ 144.956685721246799, -37.801809160544302 ], [ 144.956747137415903, -37.801461431224993 ] ] } },
{ "type": "Feature", "properties": { "from_stop": "Nicholson St/Fletcher St #40", "to_stop": "Fletcher St/Napier St #41", "minutes": 56.1, "tier": 60, "centre": "southern-cross", "MODE": "METRO TRAM" }, "geometry": { "type": "LineString", "coordinates": [ [ 144.917593670751813, -37.754942526454691 ], [ 144.91759474, -37.75494309 ], [ 144.917606260000014, -37.75494915 ], [ 144.91766938, -37.7549692 ], [ 144.917752439999987, -37.75498616 ], [ 144.91780006, -37.75499196 ], [ 144.92019266, -37.75525709 ], [ 144.920195540778877, -37.755257410921899 ] ] } },
{ "type": "Feature", "properties": { "from_stop": "Buckley St/Pascoe Vale Rd #37", "to_stop": "Fletcher St/Pascoe Vale Rd #38", "minutes": 50.5, "tier": 60, "centre": "southern-cross", "MODE": "METRO TRAM" }, "geometry": { "type": "LineString", "coordinates": [ [ 144.926414387935921, -37.758265627496705 ], [ 144.92641623, -37.75825498 ], [ 144.92642527000001, -37.75819152 ], [ 144.92642805, -37.75814056 ], [ 144.926423840000012, -37.75801513 ], [ 144.926415960000014, -37.75791911 ], [ 144.92624892, -37.75699498 ], [ 144.92611774, -37.75621739 ], [ 144.92610328, -37.75610521 ], [ 144.926103196182567, -37.756104554722704 ] ] } },
{ "type": "Feature", "properties": { "from_stop": "Melbourne Aquarium/Flinders St #2", "to_stop": "Flinders St/Queens Bridge St #1", "minutes": 5.6, "tier": 15, "centre": "southern-cross", "MODE": "METRO TRAM" }, "geometry": { "type": "LineString", "coordinates": [ [ 144.96117944312229, -37.819301430795086 ], [ 144.960897960000011, -37.81938167 ], [ 144.96056056, -37.81946018 ], [ 144.96014627, -37.81957097 ], [ 144.95908458, -37.81988294 ], [ 144.95861073, -37.82003576 ], [ 144.957810646301681, -37.820275032196498 ] ] } },
{ "type": "Feature", "properties": { "from_stop": "Elizabeth St/Collins St #5", "to_stop": "Flinders Street Railway Station/Elizabeth St #1", "minutes": 6.7, "tier": 15, "centre": "southern-cross", "MODE": "METRO TRAM" }, "geometry": { "type": "LineString", "coordinates": [ [ 144.964773717266183, -37.817713576762458 ], [ 144.96456913, -37.81726507 ], [ 144.964536790000011, -37.81720584 ], [ 144.96447781, -37.81713219 ], [ 144.96444055, -37.81707 ], [ 144.96402852, -37.81618549 ], [ 144.964013600984771, -37.816151940765202 ] ] } },
{ "type": "Feature", "properties": { "from_stop": "Victoria Police Centre/Flinders St #D6", "to_stop": "Flinders Street West/Flinders St #D6", "minutes": 2.1, "tier": 15, "centre": "southern-cross", "MODE": "METRO TRAM" }, "geometry": { "type": "Point", "coordinates": [ 144.953625069999987, -37.82149383 ] } },
{ "type": "Feature", "properties": { "from_stop": "McKay St/Victoria St #22", "to_stop": "Flockhart St/Victoria St #23", "minutes": 29.6, "tier": 30, "centre": "southern-cross", "MODE": "METRO TRAM" }, "geometry": { "type": "LineString", "coordinates": [ [ 145.004035500164605, -37.810882535645625 ], [ 145.006868389904241, -37.811157397583173 ] ] } },
{ "type": "Feature", "properties": { "from_stop": "Marshall Ave/Cotham Rd #38", "to_stop": "Florence Ave/Cotham Rd #39", "minutes": 56.2, "tier": 60, "centre": "southern-cross", "MODE": "METRO TRAM" }, "geometry": { "type": "LineString", "coordinates": [ [ 145.049267433958875, -37.809015873315168 ], [ 145.04768723, -37.80882682 ], [ 145.0469028, -37.80872766 ], [ 145.04618059, -37.80864205 ], [ 145.045826116137391, -37.808600381296287 ] ] } },
{ "type": "Feature", "properties": { "from_stop": "Through St/Riversdale Rd #30", "to_stop": "Fordholm Rd/Riversdale Rd #31", "minutes": 48.1, "tier": 60, "centre": "southern-cross", "MODE": "METRO TRAM" }, "geometry": { "type": "LineString", "coordinates": [ [ 145.031634292428777, -37.82844992396295 ], [ 145.02908345, -37.82816292 ], [ 145.029073617751976, -37.828161808131128 ] ] } },
{ "type": "Feature", "properties": { "from_stop": "Bendigo St/Malvern Rd #32", "to_stop": "Francis St/Malvern Rd #33", "minutes": 39.3, "tier": 45, "centre": "southern-cross", "MODE": "METRO TRAM" }, "geometry": { "type": "LineString", "coordinates": [ [ 145.00042401578591, -37.84772869267217 ], [ 144.99804966, -37.84740773 ], [ 144.998047625867031, -37.847407452215023 ] ] } },
{ "type": "Feature", "properties": { "from_stop": "De La Salle College/High St #45", "to_stop": "Fraser St/High St #46", "minutes": 59.9, "tier": 60, "centre": "southern-cross", "MODE": "METRO TRAM" }, "geometry": { "type": "LineString", "coordinates": [ [ 145.035601648953104, -37.85745541249338 ], [ 145.033299559999989, -37.85715333 ], [ 145.03290046, -37.85710322 ], [ 145.032524919999986, -37.85705189 ], [ 145.032371742048497, -37.857031917659434 ] ] } },
{ "type": "Feature", "properties": { "from_stop": "Middle Park Station/Light Rail #130", "to_stop": "Fraser St/Light Rail #131", "minutes": 18.5, "tier": 30, "centre": "southern-cross", "MODE": "METRO TRAM" }, "geometry": { "type": "LineString", "coordinates": [ [ 144.965638712703338, -37.849676631572436 ], [ 144.966178609999986, -37.8501558 ], [ 144.966535459999989, -37.85045404 ], [ 144.966897179999989, -37.8507528 ], [ 144.967253480000011, -37.85104247 ], [ 144.9677896, -37.85145527 ], [ 144.96835098, -37.85186733 ], [ 144.96912322, -37.85242343 ], [ 144.97034789, -37.85331653 ], [ 144.971004810000011, -37.85378926 ], [ 144.971007481743499, -37.853791058395416 ] ] } },
{ "type": "Feature", "properties": { "from_stop": "Fraser St/Patterson St #140", "to_stop": "Fraser St/Park St #140", "minutes": 21.4, "tier": 30, "centre": "southern-cross", "MODE": "METRO TRAM" }, "geometry": { "type": "LineString", "coordinates": [ [ 144.967103328927749, -37.855472310637019 ], [ 144.967472530609285, -37.855665442618921 ] ] } },
{ "type": "Feature", "properties": { "from_stop": "Langridge St/Patterson St #139", "to_stop": "Fraser St/Patterson St #140", "minutes": 21.4, "tier": 30, "centre": "southern-cross", "MODE": "METRO TRAM" }, "geometry": { "type": "LineString", "coordinates": [ [ 144.967088597168328, -37.855500859724174 ], [ 144.965619909999987, -37.85473662 ], [ 144.965616077808676, -37.854734556155258 ] ] } },
{ "type": "Feature", "properties": { "from_stop": "Alexandra Pde/Nicholson St #15", "to_stop": "Freeman St/Nicholson St #16", "minutes": 18.0, "tier": 30, "centre": "southern-cross", "MODE": "METRO TRAM" }, "geometry": { "type": "LineString", "coordinates": [ [ 144.975870783372443, -37.792008026932145 ], [ 144.975924490000011, -37.79172027 ], [ 144.97593874, -37.79164752 ], [ 144.97601248, -37.79134644 ], [ 144.97602973, -37.79126788 ], [ 144.97622027, -37.7902822 ], [ 144.97648505, -37.78886811 ], [ 144.976496534370938, -37.788804513049776 ] ] } },
{ "type": "Feature", "properties": { "from_stop": "Gladstone Ave/St Georges Rd #30", "to_stop": "Gadd St/St Georges Rd #31", "minutes": 42.1, "tier": 45, "centre": "southern-cross", "MODE": "METRO TRAM" }, "geometry": { "type": "LineString", "coordinates": [ [ 144.991926642232556, -37.765289058961528 ], [ 144.99192727, -37.76528598 ], [ 144.99194565, -37.76518572 ], [ 144.992258850000013, -37.76361993 ], [ 144.99227955, -37.7634925 ], [ 144.992431720000013, -37.762718 ], [ 144.992458541164325, -37.762590093101579 ] ] } },
{ "type": "Feature", "properties": { "from_stop": "Callantina Rd/Glenferrie Rd #68", "to_stop": "Gardiner Rd/Glenferrie Rd #67", "minutes": 52.3, "tier": 60, "centre": "southern-cross", "MODE": "METRO TRAM" }, "geometry": { "type": "LineString", "coordinates": [ [ 145.033389456894412, -37.833442145937404 ], [ 145.033040949999986, -37.83544929 ], [ 145.033019860314454, -37.835570787227724 ] ] } },
{ "type": "Feature", "properties": { "from_stop": "Morrah St/Royal Pde #12", "to_stop": "Gatehouse St/Royal Pde #13", "minutes": 21.7, "tier": 30, "centre": "southern-cross", "MODE": "METRO TRAM" }, "geometry": { "type": "LineString", "coordinates": [ [ 144.958035925785452, -37.795666947433944 ], [ 144.958037389999987, -37.79565496 ], [ 144.95816829, -37.7945677 ], [ 144.95822954, -37.79408772 ], [ 144.958401082487001, -37.792690356669901 ] ] } },
{ "type": "Feature", "properties": { "from_stop": "Brunswick St/Gertrude St #13", "to_stop": "Gertrude St/Brunswick St #13", "minutes": 14.5, "tier": 15, "centre": "southern-cross", "MODE": "METRO TRAM" }, "geometry": { "type": "LineString", "coordinates": [ [ 144.977130090387647, -37.805750158233472 ], [ 144.977047740355403, -37.805741683994718 ] ] } },
{ "type": "Feature", "properties": { "from_stop": "Smith St/Gertrude St #15", "to_stop": "Gertrude St/Smith St #15", "minutes": 17.0, "tier": 30, "centre": "southern-cross", "MODE": "METRO TRAM" }, "geometry": { "type": "LineString", "coordinates": [ [ 144.982657272851014, -37.806306778756678 ], [ 144.98274557, -37.80631603 ], [ 144.98280391, -37.80631757 ], [ 144.98285383000001, -37.80631121 ], [ 144.98289774, -37.80630052 ], [ 144.98293708, -37.80628236 ], [ 144.98296549, -37.80626518 ], [ 144.982992309999986, -37.80623942 ], [ 144.98300864, -37.80620707 ] ] } },
{ "type": "Feature", "properties": { "from_stop": "East Richmond Railway Station/Church St #56", "to_stop": "Gibbons St/Church St #55", "minutes": 30.2, "tier": 45, "centre": "southern-cross", "MODE": "METRO TRAM" }, "geometry": { "type": "LineString", "coordinates": [ [ 144.997773786449102, -37.826626270496092 ], [ 144.99777334, -37.82662881 ], [ 144.99747596, -37.82833284 ], [ 144.997399255243351, -37.828757402764737 ] ] } },
{ "type": "Feature", "properties": { "from_stop": "Swan St/Church St #57", "to_stop": "Gipps St/Church St #58", "minutes": 29.8, "tier": 30, "centre": "southern-cross", "MODE": "METRO TRAM" }, "geometry": { "type": "LineString", "coordinates": [ [ 144.997863880000011, -37.82587282 ], [ 144.99816288, -37.82405752 ] ] } },
{ "type": "Feature", "properties": { "from_stop": "Arthurton Rd/St Georges Rd #29", "to_stop": "Gladstone Ave/St Georges Rd #30", "minutes": 39.7, "tier": 45, "centre": "southern-cross", "MODE": "METRO TRAM" }, "geometry": { "type": "LineString", "coordinates": [ [ 144.991271684316587, -37.768561524534562 ], [ 144.99127249, -37.76855829 ], [ 144.99130635, -37.76840197 ], [ 144.99180869, -37.76586757 ], [ 144.991926642232556, -37.765289058961528 ] ] } },
{ "type": "Feature", "properties": { "from_stop": "Parkhill Rd/High St #36", "to_stop": "Gladstone St/High St #36", "minutes": 46.1, "tier": 60, "centre": "southern-cross", "MODE": "METRO TRAM" }, "geometry": { "type": "LineString", "coordinates": [ [ 145.039771318706187, -37.803532425930818 ], [ 145.03977802, -37.80352982 ], [ 145.039984757702399, -37.803455737648591 ] ] } },
{ "type": "Feature", "properties": { "from_stop": "Wimbledon Ave/Brighton Rd #38", "to_stop": "Glen Eira Rd/Brighton Rd #39", "minutes": 36.3, "tier": 45, "centre": "southern-cross", "MODE": "METRO TRAM" }, "geometry": { "type": "LineString", "coordinates": [ [ 144.990131375091465, -37.872846895553586 ], [ 144.992067091652132, -37.875928653508915 ] ] } },
{ "type": "Feature", "properties": { "from_stop": "Crotonhurst Ave/Hawthorn Rd #53", "to_stop": "Glen Eira Rd/Hawthorn Rd #54", "minutes": 54.1, "tier": 60, "centre": "southern-cross", "MODE": "METRO TRAM" }, "geometry": { "type": "LineString", "coordinates": [ [ 145.023260748538974, -37.880139027557334 ], [ 145.02326231, -37.88013084 ], [ 145.023280989999989, -37.88002328 ], [ 145.023299290000011, -37.87994257 ], [ 145.02362211, -37.87825297 ], [ 145.02363534, -37.87819606 ], [ 145.023769981991791, -37.877497398335748 ] ] } },
{ "type": "Feature", "properties": { "from_stop": "Moonga Rd/Toorak Rd #138", "to_stop": "Glenbervie Rd/Toorak Rd #139", "minutes": 53.4, "tier": 60, "centre": "southern-cross", "MODE": "METRO TRAM" }, "geometry": { "type": "LineString", "coordinates": [ [ 145.026257906759213, -37.843152419281289 ], [ 145.02668848, -37.84320804 ], [ 145.02810929, -37.84338838 ], [ 145.028618169999987, -37.84344827 ], [ 145.029820930730693, -37.843581458722319 ] ] } },
{ "type": "Feature", "properties": { "from_stop": "Burwood Rd/Glenferrie Rd #73", "to_stop": "Glenferrie Railway Station/Glenferrie Rd #74", "minutes": 55.3, "tier": 60, "centre": "southern-cross", "MODE": "METRO TRAM" }, "geometry": { "type": "LineString", "coordinates": [ [ 145.035312819820888, -37.822716888538721 ], [ 145.03531437, -37.82270846 ], [ 145.035577061093903, -37.821303335644771 ] ] } },
{ "type": "Feature", "properties": { "from_stop": "Charles St/Cotham Rd #35", "to_stop": "Glenferrie Rd/Cotham Rd #36", "minutes": 48.3, "tier": 60, "centre": "southern-cross", "MODE": "METRO TRAM" }, "geometry": { "type": "LineString", "coordinates": [ [ 145.035297217124224, -37.807360585329953 ], [ 145.0379007, -37.80766087 ], [ 145.037902908902623, -37.807661124449794 ] ] } },
{ "type": "Feature", "properties": { "from_stop": "High St/Glenferrie Rd #57", "to_stop": "Glenferrie Rd/High St #44", "minutes": 55.5, "tier": 60, "centre": "southern-cross", "MODE": "METRO TRAM" }, "geometry": { "type": "Point", "coordinates": [ 145.02956986, -37.85666659 ] } },
{ "type": "Feature", "properties": { "from_stop": "Malvern Rd/Glenferrie Rd #59", "to_stop": "Glenferrie Rd/Malvern Rd #43", "minutes": 58.9, "tier": 60, "centre": "southern-cross", "MODE": "METRO TRAM" }, "geometry": { "type": "Point", "coordinates": [ 145.03030437000001, -37.85168211 ] } },
{ "type": "Feature", "properties": { "from_stop": "Riversdale Rd/Glenferrie Rd #70", "to_stop": "Glenferrie Rd/Riversdale Rd #32", "minutes": 48.6, "tier": 60, "centre": "southern-cross", "MODE": "METRO TRAM" }, "geometry": { "type": "LineString", "coordinates": [ [ 145.034151460957986, -37.82899193542962 ], [ 145.034152580000011, -37.82898564 ], [ 145.034181280000013, -37.82884193 ], [ 145.03418923512001, -37.82879448908399 ] ] } },
{ "type": "Feature", "properties": { "from_stop": "Toorak Rd/Glenferrie Rd #63", "to_stop": "Glenferrie Rd/Toorak Rd #139", "minutes": 53.4, "tier": 60, "centre": "southern-cross", "MODE": "METRO TRAM" }, "geometry": { "type": "LineString", "coordinates": [ [ 145.03143361, -37.84393985 ], [ 145.02998756, -37.84361827 ] ] } },
{ "type": "Feature", "properties": { "from_stop": "Edsall St/Glenferrie Rd #55", "to_stop": "Glenferrie Rd/Wattletree Rd #45", "minutes": 53.3, "tier": 60, "centre": "southern-cross", "MODE": "METRO TRAM" }, "geometry": { "type": "LineString", "coordinates": [ [ 145.0286714, -37.86103406 ], [ 145.02850849, -37.8624552 ] ] } },
{ "type": "Feature", "properties": { "from_stop": "Glenferrie Railway Station/Glenferrie Rd #74", "to_stop": "Glenferrie Station/Glenferrie Rd #74", "minutes": 56.0, "tier": 60, "centre": "southern-cross", "MODE": "METRO TRAM" }, "geometry": { "type": "LineString", "coordinates": [ [ 145.035756869042189, -37.820551387016707 ], [ 145.035614579999987, -37.82130942 ], [ 145.035614411080701, -37.821310324181766 ] ] } },
{ "type": "Feature", "properties": { "from_stop": "Hawthorn Rd/Glenhuntly Rd #51", "to_stop": "Glenhuntly Rd/Hawthorn Rd #57", "minutes": 57.4, "tier": 60, "centre": "southern-cross", "MODE": "METRO TRAM" }, "geometry": { "type": "LineString", "coordinates": [ [ 145.021987752518044, -37.886942637896553 ], [ 145.021957509544166, -37.887101547986873 ] ] } },
{ "type": "Feature", "properties": { "from_stop": "Jasmine St/Glenhuntly Rd #52", "to_stop": "Glenhuntly Tram Depot/Glenhuntly Rd #53", "minutes": 58.2, "tier": 60, "centre": "southern-cross", "MODE": "METRO TRAM" }, "geometry": { "type": "LineString", "coordinates": [ [ 145.024149475065968, -37.887155087911495 ], [ 145.024830040000012, -37.8872431 ], [ 145.02675084, -37.88748421 ], [ 145.027120104647423, -37.887531509717306 ] ] } },
{ "type": "Feature", "properties": { "from_stop": "Weston St/Lygon St #121", "to_stop": "Glenlyon Rd/Lygon St #122", "minutes": 30.9, "tier": 45, "centre": "southern-cross", "MODE": "METRO TRAM" }, "geometry": { "type": "LineString", "coordinates": [ [ 144.971510877504414, -37.772752508636579 ], [ 144.97106402, -37.77554758 ], [ 144.971043154118746, -37.775678781549111 ] ] } },
{ "type": "Feature", "properties": { "from_stop": "Miller St/Nicholson St #20", "to_stop": "Glenlyon Rd/Nicholson St #21", "minutes": 24.1, "tier": 30, "centre": "southern-cross", "MODE": "METRO TRAM" }, "geometry": { "type": "LineString", "coordinates": [ [ 144.97862276179049, -37.776773627403962 ], [ 144.97871225, -37.77624303 ], [ 144.978892019999989, -37.77522859 ], [ 144.97907554, -37.77413455 ], [ 144.979236496962159, -37.773180181557393 ] ] } },
{ "type": "Feature", "properties": { "from_stop": "Brunswick Town Hall/Sydney Rd #21", "to_stop": "Glenlyon Rd/Sydney Rd #21", "minutes": 33.9, "tier": 45, "centre": "southern-cross", "MODE": "METRO TRAM" }, "geometry": { "type": "LineString", "coordinates": [ [ 144.96141167388231, -37.771356447384512 ], [ 144.96140994000001, -37.77136658 ], [ 144.961361828339562, -37.771659206156102 ] ] } },
{ "type": "Feature", "properties": { "from_stop": "Wellington St/Queens Pde #23", "to_stop": "Gold St/Queens Pde #24", "minutes": 25.6, "tier": 30, "centre": "southern-cross", "MODE": "METRO TRAM" }, "geometry": { "type": "LineString", "coordinates": [ [ 144.990255626697746, -37.788916613416085 ], [ 144.99025537, -37.78891672 ], [ 144.98909606, -37.78939456 ], [ 144.98889625000001, -37.78948073 ], [ 144.988772837513665, -37.789532386146334 ] ] } },
{ "type": "Feature", "properties": { "from_stop": "Normanby Ave/High St #38", "to_stop": "Gooch St/High St #39", "minutes": 46.0, "tier": 60, "centre": "southern-cross", "MODE": "METRO TRAM" }, "geometry": { "type": "LineString", "coordinates": [ [ 145.00032051, -37.75965052 ], [ 145.0007412, -37.75835995 ] ] } },
{ "type": "Feature", "properties": { "from_stop": "David St/Plenty Rd #47", "to_stop": "Gower St/Plenty Rd #48", "minutes": 58.3, "tier": 60, "centre": "southern-cross", "MODE": "METRO TRAM" }, "geometry": { "type": "LineString", "coordinates": [ [ 145.009675765503601, -37.741220476198748 ], [ 145.0083769, -37.74285434 ], [ 145.008044003093744, -37.743274925882439 ] ] } },
{ "type": "Feature", "properties": { "from_stop": "North Port Station/Light Rail #127", "to_stop": "Graham St/Light Rail #128", "minutes": 11.7, "tier": 15, "centre": "southern-cross", "MODE": "METRO TRAM" }, "geometry": { "type": "LineString", "coordinates": [ [ 144.937206665314818, -37.837081500880082 ], [ 144.93721409, -37.83707697 ], [ 144.93729724, -37.83702868 ], [ 144.94095152, -37.83479918 ], [ 144.943507198160944, -37.833237046380553 ] ] } },
{ "type": "Feature", "properties": { "from_stop": "Richardson St/Victoria Ave #30", "to_stop": "Graham St/Victoria Ave #31", "minutes": 24.9, "tier": 30, "centre": "southern-cross", "MODE": "METRO TRAM" }, "geometry": { "type": "LineString", "coordinates": [ [ 144.951366480030686, -37.844013040105686 ], [ 144.95126244, -37.84413577 ], [ 144.95088561, -37.84459133 ], [ 144.950012570000013, -37.84563546 ], [ 144.94994316, -37.84572887 ], [ 144.949922598330176, -37.845753833330591 ] ] } },
{ "type": "Feature", "properties": { "from_stop": "Toorak Village/Toorak Rd #132", "to_stop": "Grange Rd/Toorak Rd #133", "minutes": 46.4, "tier": 60, "centre": "southern-cross", "MODE": "METRO TRAM" }, "geometry": { "type": "LineString", "coordinates": [ [ 145.008461311665002, -37.841017664709646 ], [ 145.01058033611875, -37.84126859402636 ] ] } },
{ "type": "Feature", "properties": { "from_stop": "Arts Precinct/St Kilda Rd #14", "to_stop": "Grant St-Police Memorial/St Kilda Rd #17", "minutes": 12.2, "tier": 15, "centre": "southern-cross", "MODE": "METRO TRAM" }, "geometry": { "type": "LineString", "coordinates": [ [ 144.969481785881726, -37.821860653447828 ], [ 144.96979425, -37.82253839 ], [ 144.96983533, -37.82261895 ], [ 144.96987477, -37.82268893 ], [ 144.969907690000014, -37.82275609 ], [ 144.970100620000011, -37.82317819 ], [ 144.97013623, -37.82327154 ], [ 144.97020554, -37.82343287 ], [ 144.970586462142677, -37.824261740975402 ] ] } },
{ "type": "Feature", "properties": { "from_stop": "Arts Precinct/Sturt St #17", "to_stop": "Grant St/Sturt St #18", "minutes": 16.0, "tier": 30, "centre": "southern-cross", "MODE": "METRO TRAM" }, "geometry": { "type": "LineString", "coordinates": [ [ 144.967301644582022, -37.82381284554976 ], [ 144.967213500000014, -37.82410093 ], [ 144.967159329999987, -37.82426996 ], [ 144.96707171, -37.82450248 ], [ 144.96696426, -37.82485361 ], [ 144.96684418000001, -37.82527131 ], [ 144.966756839999988, -37.8255269 ], [ 144.966682481946577, -37.825792681138239 ] ] } },
{ "type": "Feature", "properties": { "from_stop": "Dawson St/Grantham St #31", "to_stop": "Grantham St/Dawson St #31", "minutes": 31.3, "tier": 45, "centre": "southern-cross", "MODE": "METRO TRAM" }, "geometry": { "type": "LineString", "coordinates": [ [ 144.949804778906696, -37.770299697879942 ], [ 144.949804949999987, -37.77029246 ], [ 144.94980525, -37.77028156 ], [ 144.94979611, -37.7702385 ], [ 144.94977425, -37.77020379 ], [ 144.949743149999989, -37.77017468 ], [ 144.94969821, -37.77015362 ], [ 144.94963623000001, -37.77014119 ], [ 144.949522919824176, -37.77012754246693 ] ] } },
{ "type": "Feature", "properties": { "from_stop": "Hawthorn Bridge/Bridge Rd #23", "to_stop": "Grattan St/Church St #24", "minutes": 36.1, "tier": 45, "centre": "southern-cross", "MODE": "METRO TRAM" }, "geometry": { "type": "LineString", "coordinates": [ [ 145.016370972617949, -37.819961808537862 ], [ 145.01637888, -37.81996184 ], [ 145.0164258, -37.819962 ], [ 145.01648418, -37.81995803 ], [ 145.016521039999986, -37.8199518 ], [ 145.01658402000001, -37.8199333 ], [ 145.01662363, -37.81991766 ], [ 145.01666386, -37.81989617 ], [ 145.01670316, -37.81987087 ], [ 145.01674949, -37.81983363 ], [ 145.01685511, -37.81973699 ], [ 145.01707339, -37.81952727 ], [ 145.018650667108545, -37.817949575527742 ] ] } },
{ "type": "Feature", "properties": { "from_stop": "Mitchell St/Carlisle St #34", "to_stop": "Greeves St/Carlisle St #34", "minutes": 31.3, "tier": 45, "centre": "southern-cross", "MODE": "METRO TRAM" }, "geometry": { "type": "LineString", "coordinates": [ [ 144.983979951762137, -37.867513730778136 ], [ 144.984000110000011, -37.86751644 ], [ 144.9840012527049, -37.867516591644609 ] ] } },
{ "type": "Feature", "properties": { "from_stop": "Fletcher St/Napier St #41", "to_stop": "Grice Cres/Mt Alexander Rd #42", "minutes": 58.7, "tier": 60, "centre": "southern-cross", "MODE": "METRO TRAM" }, "geometry": { "type": "LineString", "coordinates": [ [ 144.915859045543527, -37.752684305526913 ], [ 144.91594394, -37.75282416 ], [ 144.9160272, -37.75296757 ], [ 144.91617020000001, -37.75318233 ], [ 144.91690583, -37.75421304 ], [ 144.91704474, -37.75438744 ], [ 144.91719849, -37.75456733 ], [ 144.91741933, -37.75481536 ], [ 144.91745387, -37.75485067 ], [ 144.91749084, -37.75488394 ], [ 144.91753725, -37.75491279 ], [ 144.917593670751813, -37.754942526454691 ] ] } },
{ "type": "Feature", "properties": { "from_stop": "Arden St/Abbotsford St #15", "to_stop": "Haines St/Abbotsford St #16", "minutes": 21.3, "tier": 30, "centre": "southern-cross", "MODE": "METRO TRAM" }, "geometry": { "type": "LineString", "coordinates": [ [ 144.945806389988519, -37.800989094585347 ], [ 144.94586284, -37.8006705 ], [ 144.94628751545244, -37.798273660844671 ] ] } },
{ "type": "Feature", "properties": { "from_stop": "Balaclava Rd/Hawthorn Rd #51", "to_stop": "Halstead St/Hawthorn Rd #52", "minutes": 51.1, "tier": 60, "centre": "southern-cross", "MODE": "METRO TRAM" }, "geometry": { "type": "LineString", "coordinates": [ [ 145.024690679416892, -37.872905216852637 ], [ 145.02429788, -37.87493934 ], [ 145.024234944872433, -37.875266530884083 ] ] } },
{ "type": "Feature", "properties": { "from_stop": "Brunswick St/Gertrude St #13", "to_stop": "Hanover St/Brunswick St #14", "minutes": 17.0, "tier": 30, "centre": "southern-cross", "MODE": "METRO TRAM" }, "geometry": { "type": "LineString", "coordinates": [ [ 144.97772338925563, -37.802854093571931 ], [ 144.97726035, -37.8055903 ], [ 144.977244067484094, -37.805686818662309 ] ] } },
{ "type": "Feature", "properties": { "from_stop": "Batman's Hill/Collins St #D15", "to_stop": "Harbour Esp/Collins St #D16", "minutes": 0.7, "tier": 15, "centre": "southern-cross", "MODE": "METRO TRAM" }, "geometry": { "type": "LineString", "coordinates": [ [ 144.950125558003464, -37.820246636902276 ], [ 144.95011821, -37.82024877 ], [ 144.94931055, -37.82048433 ], [ 144.94884427, -37.82061328 ], [ 144.94855521, -37.82069737 ], [ 144.94811736, -37.82082933 ], [ 144.948052379428162, -37.820848265879654 ] ] } },
{ "type": "Feature", "properties": { "from_stop": "Crozier St/Nicholson St #132", "to_stop": "Harding St/Nicholson St #133", "minutes": 48.5, "tier": 60, "centre": "southern-cross", "MODE": "METRO TRAM" }, "geometry": { "type": "LineString", "coordinates": [ [ 144.976887936291092, -37.749425132491417 ], [ 144.976888159999987, -37.74942373 ], [ 144.97702356, -37.74852793 ], [ 144.97726738, -37.74704669 ], [ 144.977372528211902, -37.746380570199179 ] ] } },
{ "type": "Feature", "properties": { "from_stop": "Munro St/Sydney Rd #32", "to_stop": "Harding St/Sydney Rd #32", "minutes": 53.5, "tier": 60, "centre": "southern-cross", "MODE": "METRO TRAM" }, "geometry": { "type": "LineString", "coordinates": [ [ 144.965921394618448, -37.745079309917934 ], [ 144.96592253, -37.7450728 ], [ 144.965957683567495, -37.744870797556111 ] ] } },
{ "type": "Feature", "properties": { "from_stop": "Mills St/Danks St #136", "to_stop": "Harold St/Danks St #137", "minutes": 18.8, "tier": 30, "centre": "southern-cross", "MODE": "METRO TRAM" }, "geometry": { "type": "LineString", "coordinates": [ [ 144.956122859237752, -37.84965212887176 ], [ 144.95686609, -37.85004256 ], [ 144.95797418, -37.85061457 ], [ 144.95883686, -37.85106543 ], [ 144.959228049082498, -37.851270209185252 ] ] } },
{ "type": "Feature", "properties": { "from_stop": "Victoria Park/High St #38", "to_stop": "Harp Rd/High St #39", "minutes": 50.7, "tier": 60, "centre": "southern-cross", "MODE": "METRO TRAM" }, "geometry": { "type": "LineString", "coordinates": [ [ 145.04599517922469, -37.801298892818849 ], [ 145.04600405, -37.8012957 ], [ 145.04617316, -37.80123578 ], [ 145.04645159, -37.80112153 ], [ 145.04657092, -37.80107539 ], [ 145.04935278, -37.79986083 ], [ 145.04954489, -37.79978101 ], [ 145.050060019999989, -37.79959686 ], [ 145.05024821, -37.79951914 ], [ 145.05039958, -37.79945082 ], [ 145.05044386230395, -37.799428874932026 ] ] } },
{ "type": "Feature", "properties": { "from_stop": "Harp Rd/High St #39", "to_stop": "Harp Village/High St #40", "minutes": 51.1, "tier": 60, "centre": "southern-cross", "MODE": "METRO TRAM" }, "geometry": { "type": "LineString", "coordinates": [ [ 145.052063008393134, -37.798714912014454 ], [ 145.051598899999988, -37.79892409 ], [ 145.0512041, -37.79908924 ], [ 145.05102553, -37.79916838 ], [ 145.0508643, -37.79924439 ], [ 145.05053860000001, -37.79941599 ], [ 145.050458176528963, -37.799456758072154 ] ] } },
{ "type": "Feature", "properties": { "from_stop": "Tooronga Rd/Riversdale Rd #37", "to_stop": "Hastings Rd/Riversdale Rd #38", "minutes": 59.5, "tier": 60, "centre": "southern-cross", "MODE": "METRO TRAM" }, "geometry": { "type": "LineString", "coordinates": [ [ 145.051332425319288, -37.830755174584894 ], [ 145.047846420000013, -37.83034556 ], [ 145.04768786, -37.83032617 ], [ 145.047629709614256, -37.830320155253027 ] ] } },
{ "type": "Feature", "properties": { "from_stop": "Luna Park/The Esplanade #138", "to_stop": "Havelock St/Carlisle St #32", "minutes": 26.5, "tier": 30, "centre": "southern-cross", "MODE": "METRO TRAM" }, "geometry": { "type": "LineString", "coordinates": [ [ 144.97720659, -37.86701201 ], [ 144.9772486, -37.86702219 ], [ 144.97737555, -37.86704393 ], [ 144.977474, -37.86705202 ], [ 144.97773511, -37.86704795 ], [ 144.97793184, -37.86704132 ], [ 144.978079689999987, -37.86702611 ], [ 144.97856142, -37.86695643 ], [ 144.978574091580953, -37.866954917273048 ] ] } },
{ "type": "Feature", "properties": { "from_stop": "Tivoli Rd/Toorak Rd #129", "to_stop": "Hawksburn Rd/Toorak Rd #130", "minutes": 42.4, "tier": 45, "centre": "southern-cross", "MODE": "METRO TRAM" }, "geometry": { "type": "LineString", "coordinates": [ [ 144.998676244577268, -37.839838564443944 ], [ 144.99942463, -37.83992799 ], [ 145.00189394, -37.8402301 ], [ 145.002345553671574, -37.84028401906302 ] ] } },
{ "type": "Feature", "properties": { "from_stop": "Yarra Bvd/Bridge Rd #22", "to_stop": "Hawthorn Bridge/Bridge Rd #23", "minutes": 35.1, "tier": 45, "centre": "southern-cross", "MODE": "METRO TRAM" }, "geometry": { "type": "LineString", "coordinates": [ [ 145.013965006113494, -37.82013045498136 ], [ 145.01397047, -37.82013131 ], [ 145.014284339999989, -37.82017877 ], [ 145.01441093, -37.82019434 ], [ 145.0145248, -37.82019734 ], [ 145.01458326, -37.82019481 ], [ 145.01463894, -37.82019007 ], [ 145.01472125, -37.82017929 ], [ 145.01477755, -37.82016817 ], [ 145.016007230000014, -37.81996801 ], [ 145.016067819999989, -37.81996246 ], [ 145.01612001, -37.81996081 ], [ 145.016370972617949, -37.819961808537862 ] ] } },
{ "type": "Feature", "properties": { "from_stop": "St James Park/Burwood Rd #25", "to_stop": "Hawthorn Railway Station/Burwood Rd #26", "minutes": 42.0, "tier": 45, "centre": "southern-cross", "MODE": "METRO TRAM" }, "geometry": { "type": "LineString", "coordinates": [ [ 145.021027615483206, -37.820877985872023 ], [ 145.02184114, -37.82101142 ], [ 145.02212787, -37.8210458 ], [ 145.02221737, -37.82105929 ], [ 145.024176649999987, -37.82128828 ], [ 145.02422235, -37.82129157 ], [ 145.024579569999986, -37.8213328 ], [ 145.024828028818291, -37.821362619286582 ] ] } },
{ "type": "Feature", "properties": { "from_stop": "Balaclava Rd/Hawthorn Rd #51", "to_stop": "Hawthorn Rd/Balaclava Rd #51", "minutes": 49.0, "tier": 60, "centre": "southern-cross", "MODE": "METRO TRAM" }, "geometry": { "type": "Point", "coordinates": [ 145.024960279999988, -37.87270265 ] } },
{ "type": "Feature", "properties": { "from_stop": "Dandenong Rd/Hawthorn Rd #48A", "to_stop": "Hawthorn Rd/Dandenong Rd #48", "minutes": 52.3, "tier": 60, "centre": "southern-cross", "MODE": "METRO TRAM" }, "geometry": { "type": "LineString", "coordinates": [ [ 145.02608174, -37.8658126 ], [ 145.02605753, -37.86583382 ], [ 145.02603679, -37.86585717 ], [ 145.02601986, -37.86588248 ], [ 145.025999250000012, -37.86593458 ] ] } },
{ "type": "Feature", "properties": { "from_stop": "Briggs St/Hawthorn Rd #56", "to_stop": "Hawthorn Rd/Glenhuntly Rd #51", "minutes": 57.3, "tier": 60, "centre": "southern-cross", "MODE": "METRO TRAM" }, "geometry": { "type": "LineString", "coordinates": [ [ 145.021952118024103, -37.886933038801786 ], [ 145.02195943000001, -37.88689659 ], [ 145.022038689999988, -37.88647581 ], [ 145.02212011, -37.88607192 ], [ 145.02215881, -37.88585359 ], [ 145.02222894, -37.8855061 ], [ 145.022359516313571, -37.884821940121107 ] ] } },
{ "type": "Feature", "properties": { "from_stop": "Brunswick Rd/Grantham St #29", "to_stop": "Heller St/Grantham St #29", "minutes": 29.9, "tier": 30, "centre": "southern-cross", "MODE": "METRO TRAM" }, "geometry": { "type": "LineString", "coordinates": [ [ 144.948958638864781, -37.774953431807226 ], [ 144.948847891762597, -37.775524673862321 ] ] } },
{ "type": "Feature", "properties": { "from_stop": "Findon St/Barkers Rd #27", "to_stop": "High St/Barkers Rd #29", "minutes": 36.2, "tier": 45, "centre": "southern-cross", "MODE": "METRO TRAM" }, "geometry": { "type": "LineString", "coordinates": [ [ 145.020786004429681, -37.81278507364042 ], [ 145.02126605, -37.81284397 ], [ 145.02206802, -37.81293756 ], [ 145.023173476447454, -37.813070936081111 ] ] } },
{ "type": "Feature", "properties": { "from_stop": "Chapel St/High St #31", "to_stop": "High St/Chapel St #45", "minutes": 34.9, "tier": 45, "centre": "southern-cross", "MODE": "METRO TRAM" }, "geometry": { "type": "LineString", "coordinates": [ [ 144.993295474985757, -37.851859800832031 ], [ 144.993196872392645, -37.851846879582062 ] ] } },
{ "type": "Feature", "properties": { "from_stop": "Kew Junction/High St #32", "to_stop": "High St/Cotham Rd #34", "minutes": 42.6, "tier": 45, "centre": "southern-cross", "MODE": "METRO TRAM" }, "geometry": { "type": "LineString", "coordinates": [ [ 145.031183123013335, -37.806662740393413 ], [ 145.03092407, -37.80675723 ], [ 145.0305071, -37.80691968 ], [ 145.03002043, -37.80709782 ], [ 145.02950822, -37.80727949 ], [ 145.02912569, -37.80741926 ], [ 145.02894795, -37.80748252 ], [ 145.028851620000012, -37.80752588 ], [ 145.028802109999987, -37.80755506 ], [ 145.02875615, -37.80758772 ], [ 145.02871645, -37.8076241 ], [ 145.02868163, -37.80765226 ], [ 145.028665527660394, -37.807669543721047 ] ] } },
{ "type": "Feature", "properties": { "from_stop": "Malvern Tram Depot/Glenferrie Rd #56", "to_stop": "High St/Glenferrie Rd #57", "minutes": 55.5, "tier": 60, "centre": "southern-cross", "MODE": "METRO TRAM" }, "geometry": { "type": "LineString", "coordinates": [ [ 145.029274071393331, -37.856840317762725 ], [ 145.028946389999987, -37.85883556 ] ] } },
{ "type": "Feature", "properties": { "from_stop": "Lorne St/St Kilda Rd #27", "to_stop": "High St/St Kilda Rd #27", "minutes": 27.0, "tier": 30, "centre": "southern-cross", "MODE": "METRO TRAM" }, "geometry": { "type": "LineString", "coordinates": [ [ 144.980500965812496, -37.8498833157796 ], [ 144.980305613869575, -37.849350909560734 ] ] } },
{ "type": "Feature", "properties": { "from_stop": "Kent St/Church St #63", "to_stop": "Highett St/Church St #62", "minutes": 26.2, "tier": 30, "centre": "southern-cross", "MODE": "METRO TRAM" }, "geometry": { "type": "LineString", "coordinates": [ [ 145.00003874, -37.81432962 ], [ 144.999574380000013, -37.81596188 ] ] } },
{ "type": "Feature", "properties": { "from_stop": "Grattan St/Church St #24", "to_stop": "Hill St/Church St #24", "minutes": 36.1, "tier": 45, "centre": "southern-cross", "MODE": "METRO TRAM" }, "geometry": { "type": "LineString", "coordinates": [ [ 145.018718736212293, -37.817935880333351 ], [ 145.01870526, -37.81794883 ], [ 145.018678539700886, -37.817976076348693 ] ] } },
{ "type": "Feature", "properties": { "from_stop": "Francis St/Malvern Rd #33", "to_stop": "Hobson St/Malvern Rd #33", "minutes": 40.0, "tier": 45, "centre": "southern-cross", "MODE": "METRO TRAM" }, "geometry": { "type": "LineString", "coordinates": [ [ 145.000428143057718, -37.84769818531008 ], [ 145.001166707336722, -37.84779796938777 ] ] } },
{ "type": "Feature", "properties": { "from_stop": "Pascoe Vale Rd/Fletcher St #38", "to_stop": "Hoddle St/Fletcher St #39", "minutes": 51.6, "tier": 60, "centre": "southern-cross", "MODE": "METRO TRAM" }, "geometry": { "type": "LineString", "coordinates": [ [ 144.922753788659037, -37.755542402514109 ], [ 144.922756099999987, -37.75554266 ], [ 144.92559354, -37.75585697 ], [ 144.925813688061879, -37.755869397874179 ] ] } },
{ "type": "Feature", "properties": { "from_stop": "Wellington St/Victoria Pde #16", "to_stop": "Hoddle St/Victoria Pde #18", "minutes": 19.3, "tier": 30, "centre": "southern-cross", "MODE": "METRO TRAM" }, "geometry": { "type": "LineString", "coordinates": [ [ 144.990638040299245, -37.809787817293412 ], [ 144.9904192, -37.80976556 ], [ 144.989150849999987, -37.80962396 ], [ 144.98722963, -37.80942703 ], [ 144.986131658000431, -37.80931045647025 ] ] } },
{ "type": "Feature", "properties": { "from_stop": "Charles St/Smith St #17", "to_stop": "Hodgson St/Smith St #18", "minutes": 18.9, "tier": 30, "centre": "southern-cross", "MODE": "METRO TRAM" }, "geometry": { "type": "LineString", "coordinates": [ [ 144.98345286871492, -37.803622050317493 ], [ 144.98345396, -37.8036157 ], [ 144.983595150000014, -37.80281769 ], [ 144.983701129999986, -37.80217822 ], [ 144.983802249982062, -37.80158942448454 ] ] } },
{ "type": "Feature", "properties": { "from_stop": "Scotchmer St/Nicholson St #18", "to_stop": "Holden St/Nicholson St #19", "minutes": 21.0, "tier": 30, "centre": "southern-cross", "MODE": "METRO TRAM" }, "geometry": { "type": "LineString", "coordinates": [ [ 144.978178253008792, -37.779938659673213 ], [ 144.97817698, -37.77994555 ], [ 144.977759529999986, -37.78221017 ], [ 144.97769725, -37.78266618 ], [ 144.977677230000012, -37.78278029 ], [ 144.97761967, -37.78307146 ], [ 144.97761907546672, -37.783074697582812 ] ] } },
{ "type": "Feature", "properties": { "from_stop": "Park St/St Georges Rd #23", "to_stop": "Holden St/St Georges Rd #24", "minutes": 32.9, "tier": 45, "centre": "southern-cross", "MODE": "METRO TRAM" }, "geometry": { "type": "LineString", "coordinates": [ [ 144.986587835335683, -37.780129111384255 ], [ 144.985347800811724, -37.781569996460767 ] ] } },
{ "type": "Feature", "properties": { "from_stop": "Victoria St/Melville Rd #35", "to_stop": "Hope St/Melville Rd #36", "minutes": 35.6, "tier": 45, "centre": "southern-cross", "MODE": "METRO TRAM" }, "geometry": { "type": "LineString", "coordinates": [ [ 144.943776750130695, -37.764686623812224 ], [ 144.94390476, -37.76400789 ], [ 144.944228790000011, -37.76216937 ], [ 144.944255644932241, -37.762017437732297 ] ] } },
{ "type": "Feature", "properties": { "from_stop": "Dandenong Rd/Chapel St #42", "to_stop": "Hornby St/Dandenong Rd #33", "minutes": 38.1, "tier": 45, "centre": "southern-cross", "MODE": "METRO TRAM" }, "geometry": { "type": "LineString", "coordinates": [ [ 144.992249714633033, -37.857623765963702 ], [ 144.99228886, -37.85763626 ], [ 144.992437349999989, -37.85767638 ], [ 144.99273635, -37.85776628 ], [ 144.99288464, -37.85780521 ], [ 144.993064769999989, -37.85784388 ], [ 144.99312685000001, -37.85785566 ], [ 144.993543530000011, -37.85791467 ], [ 144.99568869, -37.8582332 ], [ 144.995753233109753, -37.858241538724513 ] ] } },
{ "type": "Feature", "properties": { "from_stop": "High St/Chapel St #45", "to_stop": "Hornby St/High St #32", "minutes": 35.9, "tier": 45, "centre": "southern-cross", "MODE": "METRO TRAM" }, "geometry": { "type": "LineString", "coordinates": [ [ 144.993299769809227, -37.851831103431856 ], [ 144.99642187, -37.85225359 ], [ 144.996428330644733, -37.852254465075504 ] ] } },
{ "type": "Feature", "properties": { "from_stop": "Hotham St/Carlisle St #40", "to_stop": "Hotham St/Balaclava Rd #40", "minutes": 40.2, "tier": 45, "centre": "southern-cross", "MODE": "METRO TRAM" }, "geometry": { "type": "LineString", "coordinates": [ [ 144.999283544596409, -37.869472965809997 ], [ 144.999636362578485, -37.869516922228954 ] ] } },
{ "type": "Feature", "properties": { "from_stop": "Coleridge St/Brighton Rd #41", "to_stop": "Hotham St/Brighton Rd #42", "minutes": 39.8, "tier": 45, "centre": "southern-cross", "MODE": "METRO TRAM" }, "geometry": { "type": "LineString", "coordinates": [ [ 144.99637300813842, -37.882846102413502 ], [ 144.99510987, -37.88083854 ], [ 144.995103076212729, -37.880827702071414 ] ] } },
{ "type": "Feature", "properties": { "from_stop": "Carlisle Ave/Carlisle St #39", "to_stop": "Hotham St/Carlisle St #40", "minutes": 40.1, "tier": 45, "centre": "southern-cross", "MODE": "METRO TRAM" }, "geometry": { "type": "LineString", "coordinates": [ [ 144.999279702618367, -37.869502840026122 ], [ 144.99828273, -37.86937692 ], [ 144.996742820821908, -37.869188150100754 ] ] } },
{ "type": "Feature", "properties": { "from_stop": "Ferguson St/Maribyrnong Rd #38", "to_stop": "Hotham St/Maribyrnong Rd #38", "minutes": 53.7, "tier": 60, "centre": "southern-cross", "MODE": "METRO TRAM" }, "geometry": { "type": "LineString", "coordinates": [ [ 144.912762806578257, -37.771359183035145 ], [ 144.912322018113258, -37.771310283613474 ] ] } },
{ "type": "Feature", "properties": { "from_stop": "Cotter St/Church St #54", "to_stop": "Howard St/Church St #53", "minutes": 32.2, "tier": 45, "centre": "southern-cross", "MODE": "METRO TRAM" }, "geometry": { "type": "LineString", "coordinates": [ [ 144.997091550158615, -37.830506232498351 ], [ 144.99684665, -37.83189909 ], [ 144.996762280000013, -37.83234653 ], [ 144.99675575, -37.83239481 ], [ 144.996734479999986, -37.83264777 ], [ 144.996723777613795, -37.832794487209107 ] ] } },
{ "type": "Feature", "properties": { "from_stop": "William St/Victoria St #9", "to_stop": "Howard St/Victoria St #9", "minutes": 15.2, "tier": 30, "centre": "southern-cross", "MODE": "METRO TRAM" }, "geometry": { "type": "LineString", "coordinates": [ [ 144.953910084112607, -37.805667138306966 ], [ 144.953905099999986, -37.80566659 ], [ 144.9534959627847, -37.805621262192183 ] ] } },
{ "type": "Feature", "properties": { "from_stop": "Kooyong Rd/High St #41", "to_stop": "Huntingtower Rd/High St #42", "minutes": 52.7, "tier": 60, "centre": "southern-cross", "MODE": "METRO TRAM" }, "geometry": { "type": "LineString", "coordinates": [ [ 145.023663166467145, -37.855901720888269 ], [ 145.02308822, -37.85582452 ], [ 145.02081193, -37.85552808 ], [ 145.020570511246916, -37.855496092224236 ] ] } },
{ "type": "Feature", "properties": { "from_stop": "Normanby Ave/St Georges Rd #32", "to_stop": "Hutton St/St Georges Rd #33", "minutes": 46.0, "tier": 60, "centre": "southern-cross", "MODE": "METRO TRAM" }, "geometry": { "type": "LineString", "coordinates": [ [ 144.994144108729387, -37.755457088558799 ], [ 144.99384684, -37.75694431 ], [ 144.99353715, -37.75846682 ], [ 144.993432077718211, -37.758989024189006 ] ] } },
{ "type": "Feature", "properties": { "from_stop": "Walker St/Royal Pde #16", "to_stop": "Ievers St/Royal Pde #17", "minutes": 27.3, "tier": 30, "centre": "southern-cross", "MODE": "METRO TRAM" }, "geometry": { "type": "LineString", "coordinates": [ [ 144.959394471583124, -37.784574973560147 ], [ 144.959729960016887, -37.781899334830698 ] ] } },
{ "type": "Feature", "properties": { "from_stop": "Hawthorn Rd/Balaclava Rd #51", "to_stop": "Inkerman Rd/Hawthorn Rd #50", "minutes": 49.6, "tier": 60, "centre": "southern-cross", "MODE": "METRO TRAM" }, "geometry": { "type": "LineString", "coordinates": [ [ 145.02469706, -37.87254224 ], [ 145.0247149, -37.87251731 ], [ 145.02473333, -37.87247824 ], [ 145.024993529999989, -37.87107884 ], [ 145.025244891705341, -37.869709313442229 ] ] } },
{ "type": "Feature", "properties": { "from_stop": "Chapel St/Carlisle St #37", "to_stop": "Inkerman St/Chapel St #38", "minutes": 35.6, "tier": 45, "centre": "southern-cross", "MODE": "METRO TRAM" }, "geometry": { "type": "LineString", "coordinates": [ [ 144.990351819358182, -37.868294954724163 ], [ 144.990381969999987, -37.86815114 ], [ 144.990714239999988, -37.86632707 ], [ 144.9908662423029, -37.865453123569196 ] ] } },
{ "type": "Feature", "properties": { "from_stop": "Argyle St/St Kilda Rd #33", "to_stop": "Inkerman St/St Kilda Rd #34", "minutes": 31.9, "tier": 45, "centre": "southern-cross", "MODE": "METRO TRAM" }, "geometry": { "type": "LineString", "coordinates": [ [ 144.985834536706335, -37.865134774737626 ], [ 144.985697179999988, -37.86471176 ], [ 144.98565288, -37.86459799 ], [ 144.985622150000012, -37.86447824 ], [ 144.98547541, -37.86406894 ], [ 144.984931062517205, -37.862469507396185 ] ] } },
{ "type": "Feature", "properties": { "from_stop": "Densham Rd/Malvern Rd #39", "to_stop": "Irving Rd/Malvern Rd #39", "minutes": 51.4, "tier": 60, "centre": "southern-cross", "MODE": "METRO TRAM" }, "geometry": { "type": "LineString", "coordinates": [ [ 145.018667677602394, -37.850134653603426 ], [ 145.018432617673028, -37.850103709440226 ] ] } },
{ "type": "Feature", "properties": { "from_stop": "Woorigoleen Rd/Toorak Rd #135", "to_stop": "Irving Rd/Toorak Rd #136", "minutes": 50.4, "tier": 60, "centre": "southern-cross", "MODE": "METRO TRAM" }, "geometry": { "type": "LineString", "coordinates": [ [ 145.020092071234131, -37.842411215105145 ], [ 145.01758855, -37.84212018 ], [ 145.017588119454047, -37.842120130129729 ] ] } },
{ "type": "Feature", "properties": { "from_stop": "Clyde St/High St #41", "to_stop": "Irymple Ave/High St #42", "minutes": 55.2, "tier": 60, "centre": "southern-cross", "MODE": "METRO TRAM" }, "geometry": { "type": "LineString", "coordinates": [ [ 145.054781804887995, -37.797490915360406 ], [ 145.05479293, -37.79748587 ], [ 145.05490613, -37.79743962 ], [ 145.057180237454844, -37.796445393738601 ] ] } },
{ "type": "Feature", "properties": { "from_stop": "Acland St/Fitzroy St #135", "to_stop": "Jacka Bvd/Fitzroy St #135", "minutes": 22.4, "tier": 30, "centre": "southern-cross", "MODE": "METRO TRAM" }, "geometry": { "type": "LineString", "coordinates": [ [ 144.97344915703016, -37.862112682727279 ], [ 144.97307451, -37.86233513 ], [ 144.972990021766293, -37.862391301856711 ] ] } },
{ "type": "Feature", "properties": { "from_stop": "Albion St/Melville Rd #37", "to_stop": "Jacobs Reserve/Melville Rd #38", "minutes": 38.6, "tier": 45, "centre": "southern-cross", "MODE": "METRO TRAM" }, "geometry": { "type": "LineString", "coordinates": [ [ 144.945297743979381, -37.756606060052398 ], [ 144.94529595, -37.75661508 ], [ 144.944911549915673, -37.758547326443804 ] ] } },
{ "type": "Feature", "properties": { "from_stop": "Hawthorn Rd/Glenhuntly Rd #51", "to_stop": "Jasmine St/Glenhuntly Rd #52", "minutes": 57.6, "tier": 60, "centre": "southern-cross", "MODE": "METRO TRAM" }, "geometry": { "type": "LineString", "coordinates": [ [ 145.02414264, -37.8871847 ], [ 145.022231063203833, -37.88694575414889 ] ] } },
{ "type": "Feature", "properties": { "from_stop": "Barkers Rd/Glenferrie Rd #77", "to_stop": "Johnson St/Glenferrie Rd #76", "minutes": 55.4, "tier": 60, "centre": "southern-cross", "MODE": "METRO TRAM" }, "geometry": { "type": "LineString", "coordinates": [ [ 145.036827750495064, -37.814832322203721 ], [ 145.036567639999987, -37.81622461 ], [ 145.03646527, -37.816761 ], [ 145.036444295463127, -37.816875090976673 ] ] } },
{ "type": "Feature", "properties": { "from_stop": "Bell St/Brunswick St #15", "to_stop": "Johnston St/Brunswick St #16", "minutes": 19.8, "tier": 30, "centre": "southern-cross", "MODE": "METRO TRAM" }, "geometry": { "type": "LineString", "coordinates": [ [ 144.978095179628212, -37.800454719963021 ], [ 144.97809615, -37.800449 ], [ 144.978419953214768, -37.798540784646811 ] ] } },
{ "type": "Feature", "properties": { "from_stop": "Moor St/Nicholson St #12", "to_stop": "Johnston St/Nicholson St #13", "minutes": 15.0, "tier": 15, "centre": "southern-cross", "MODE": "METRO TRAM" }, "geometry": { "type": "LineString", "coordinates": [ [ 144.974852155193844, -37.798361564325987 ], [ 144.97478788, -37.79869352 ], [ 144.974567080000014, -37.80000374 ], [ 144.97436595, -37.80122146 ], [ 144.97432949, -37.80147524 ], [ 144.97425518, -37.80189634 ], [ 144.974255053655099, -37.80189695357906 ] ] } },
{ "type": "Feature", "properties": { "from_stop": "Hodgson St/Smith St #18", "to_stop": "Johnston St/Smith St #19", "minutes": 19.3, "tier": 30, "centre": "southern-cross", "MODE": "METRO TRAM" }, "geometry": { "type": "LineString", "coordinates": [ [ 144.983802249982062, -37.80158942448454 ], [ 144.98380341, -37.80158267 ], [ 144.984231495828055, -37.799092935891146 ] ] } },
{ "type": "Feature", "properties": { "from_stop": "Lansdowne St/Wellington Pde #9", "to_stop": "Jolimont Rd/Wellington Pde #10", "minutes": 15.9, "tier": 30, "centre": "southern-cross", "MODE": "METRO TRAM" }, "geometry": { "type": "LineString", "coordinates": [ [ 144.977162317804272, -37.815468815553942 ], [ 144.97717065, -37.81546973 ], [ 144.97978486, -37.8157572 ], [ 144.979790577501291, -37.815757831176377 ] ] } },
{ "type": "Feature", "properties": { "from_stop": "Jolimont Rd/Wellington Pde #10", "to_stop": "Jolimont Station-MCG/Wellington Pde #11", "minutes": 19.6, "tier": 30, "centre": "southern-cross", "MODE": "METRO TRAM" }, "geometry": { "type": "LineString", "coordinates": [ [ 144.984768164229706, -37.816361193615634 ], [ 144.983986890000011, -37.81627242 ], [ 144.98383213, -37.81625725 ], [ 144.98362498, -37.8162346 ], [ 144.98274203, -37.81611178 ], [ 144.979787218813613, -37.815788611018128 ] ] } },
{ "type": "Feature", "properties": { "from_stop": "Caulfield Park/Balaclava Rd #53", "to_stop": "Kambrook Rd/Balaclava Rd #54", "minutes": 56.4, "tier": 60, "centre": "southern-cross", "MODE": "METRO TRAM" }, "geometry": { "type": "LineString", "coordinates": [ [ 145.03205339713935, -37.873547950861777 ], [ 145.035279870000011, -37.87394814 ], [ 145.035810559999987, -37.87401224 ], [ 145.03597242, -37.87403054 ], [ 145.036143905940634, -37.87405196771325 ] ] } },
{ "type": "Feature", "properties": { "from_stop": "Rose St/Smith St #20", "to_stop": "Keele St/Smith St #20", "minutes": 20.3, "tier": 30, "centre": "southern-cross", "MODE": "METRO TRAM" }, "geometry": { "type": "LineString", "coordinates": [ [ 144.984628288204732, -37.796789792404709 ], [ 144.98462945, -37.79678153 ], [ 144.98464394818933, -37.796679048381023 ] ] } },
{ "type": "Feature", "properties": { "from_stop": "Otira Rd/Balaclava Rd #44", "to_stop": "Kent Gr/Balaclava Rd #45", "minutes": 44.5, "tier": 45, "centre": "southern-cross", "MODE": "METRO TRAM" }, "geometry": { "type": "LineString", "coordinates": [ [ 145.012391819837802, -37.871108392688868 ], [ 145.014724441210177, -37.87140245764094 ] ] } },
{ "type": "Feature", "properties": { "from_stop": "Tweedie Pl/Church St #63", "to_stop": "Kent St/Church St #63", "minutes": 26.2, "tier": 30, "centre": "southern-cross", "MODE": "METRO TRAM" }, "geometry": { "type": "LineString", "coordinates": [ [ 144.999971432755501, -37.814316902682208 ], [ 144.999969779999986, -37.81432565 ], [ 144.999968117693868, -37.814334484550898 ] ] } },
{ "type": "Feature", "properties": { "from_stop": "Canterbury Rd/Albert Rd #132", "to_stop": "Kerferd Rd/Canterbury Rd #132", "minutes": 14.8, "tier": 15, "centre": "southern-cross", "MODE": "METRO TRAM" }, "geometry": { "type": "LineString", "coordinates": [ [ 144.95967945304875, -37.842258564273656 ], [ 144.959650452232722, -37.84220842022907 ] ] } },
{ "type": "Feature", "properties": { "from_stop": "Gladstone St/High St #36", "to_stop": "Kew Cemetery/High St #37", "minutes": 47.1, "tier": 60, "centre": "southern-cross", "MODE": "METRO TRAM" }, "geometry": { "type": "LineString", "coordinates": [ [ 145.039984757702399, -37.803455737648591 ], [ 145.04120365, -37.80301896 ], [ 145.042581764497385, -37.80252160647067 ] ] } },
{ "type": "Feature", "properties": { "from_stop": "Woodlands Ave/High St #42", "to_stop": "Kew High School/High St #43", "minutes": 58.1, "tier": 60, "centre": "southern-cross", "MODE": "METRO TRAM" }, "geometry": { "type": "LineString", "coordinates": [ [ 145.057637648074746, -37.796245591788505 ], [ 145.05847986, -37.79587771 ], [ 145.06080246, -37.79485221 ], [ 145.06107556, -37.79472729 ], [ 145.061114165340115, -37.794711197835646 ] ] } },
{ "type": "Feature", "properties": { "from_stop": "Stevenson St/High St #31", "to_stop": "Kew Junction/High St #32", "minutes": 42.1, "tier": 45, "centre": "southern-cross", "MODE": "METRO TRAM" }, "geometry": { "type": "LineString", "coordinates": [ [ 145.026194484995557, -37.810259423611782 ], [ 145.02620459, -37.81024863 ], [ 145.02630492, -37.81014487 ], [ 145.027473859999986, -37.80890343 ], [ 145.02863878, -37.80764902 ] ] } },
{ "type": "Feature", "properties": { "from_stop": "Kew Junction/High St #32", "to_stop": "Kew Shopping Centre/High St #33", "minutes": 42.6, "tier": 45, "centre": "southern-cross", "MODE": "METRO TRAM" }, "geometry": { "type": "LineString", "coordinates": [ [ 145.031279652421773, -37.806928613574506 ], [ 145.030978979999986, -37.80689216 ], [ 145.03080996, -37.80687527 ], [ 145.03077932, -37.80687431 ], [ 145.03069721, -37.80687834 ], [ 145.03065985, -37.80688213 ], [ 145.03059242, -37.80689344 ], [ 145.03055364, -37.80690379 ], [ 145.0305071, -37.80691968 ], [ 145.03002043, -37.80709782 ], [ 145.02950822, -37.80727949 ], [ 145.02912569, -37.80741926 ], [ 145.02894795, -37.80748252 ], [ 145.028851620000012, -37.80752588 ], [ 145.028802109999987, -37.80755506 ], [ 145.02875615, -37.80758772 ], [ 145.02871645, -37.8076241 ], [ 145.02868163, -37.80765226 ], [ 145.028665527660394, -37.807669543721047 ] ] } },
{ "type": "Feature", "properties": { "from_stop": "St George's Hospital/Cotham Rd #40", "to_stop": "Kew Traffic School/Cotham Rd #41", "minutes": 59.4, "tier": 60, "centre": "southern-cross", "MODE": "METRO TRAM" }, "geometry": { "type": "LineString", "coordinates": [ [ 145.052905966072473, -37.809422285932328 ], [ 145.05554465, -37.80973717 ], [ 145.05765691, -37.80998624 ], [ 145.05766118027114, -37.809986746178502 ] ] } },
{ "type": "Feature", "properties": { "from_stop": "Hanover St/Brunswick St #14", "to_stop": "King William St/Brunswick St #14", "minutes": 17.0, "tier": 30, "centre": "southern-cross", "MODE": "METRO TRAM" }, "geometry": { "type": "LineString", "coordinates": [ [ 144.977750555197872, -37.802693578920881 ], [ 144.97774973, -37.80269844 ], [ 144.97772338925563, -37.802854093571931 ] ] } },
{ "type": "Feature", "properties": { "from_stop": "Sturt St/Kings Way #118", "to_stop": "Kings Way/Sturt St #20", "minutes": 16.0, "tier": 30, "centre": "southern-cross", "MODE": "METRO TRAM" }, "geometry": { "type": "LineString", "coordinates": [ [ 144.964915213080587, -37.830507071114226 ], [ 144.96503135, -37.83062414 ], [ 144.965425632925587, -37.831024967040541 ] ] } },
{ "type": "Feature", "properties": { "from_stop": "Vision Australia/Glenferrie Rd #66", "to_stop": "Kooyong Railway Station/Glenferrie Rd #65", "minutes": 54.8, "tier": 60, "centre": "southern-cross", "MODE": "METRO TRAM" }, "geometry": { "type": "LineString", "coordinates": [ [ 145.03261666, -37.83833625 ], [ 145.03243108, -37.83933346 ] ] } },
{ "type": "Feature", "properties": { "from_stop": "Kent Gr/Balaclava Rd #45", "to_stop": "Kooyong Rd/Balaclava Rd #46", "minutes": 47.0, "tier": 60, "centre": "southern-cross", "MODE": "METRO TRAM" }, "geometry": { "type": "LineString", "coordinates": [ [ 145.017612005204086, -37.871794121886751 ], [ 145.01510833, -37.87148127 ], [ 145.014720690311208, -37.871432633284954 ] ] } },
{ "type": "Feature", "properties": { "from_stop": "Kooyong Rd/Wattletree Rd #42", "to_stop": "Kooyong Rd/Dandenong Rd #42", "minutes": 50.0, "tier": 60, "centre": "southern-cross", "MODE": "METRO TRAM" }, "geometry": { "type": "LineString", "coordinates": [ [ 145.019899259999988, -37.86134642 ], [ 145.01883375, -37.86250903 ] ] } },
{ "type": "Feature", "properties": { "from_stop": "Parkside St/Glenhuntly Rd #48", "to_stop": "Kooyong Rd/Glenhuntly Rd #49", "minutes": 53.5, "tier": 60, "centre": "southern-cross", "MODE": "METRO TRAM" }, "geometry": { "type": "LineString", "coordinates": [ [ 145.015091103839495, -37.886060598936865 ], [ 145.01508464, -37.8860598 ], [ 145.01225267, -37.885722 ], [ 145.012245486538148, -37.885721141034821 ] ] } },
{ "type": "Feature", "properties": { "from_stop": "Armadale Station/High St #40", "to_stop": "Kooyong Rd/High St #41", "minutes": 50.0, "tier": 60, "centre": "southern-cross", "MODE": "METRO TRAM" }, "geometry": { "type": "LineString", "coordinates": [ [ 145.020570511246916, -37.855496092224236 ], [ 145.019050560000011, -37.8552947 ], [ 145.018410710000012, -37.85521219 ], [ 145.018237995983327, -37.85518925141966 ] ] } },
{ "type": "Feature", "properties": { "from_stop": "Irving Rd/Malvern Rd #39", "to_stop": "Kooyong Rd/Malvern Rd #40", "minutes": 53.7, "tier": 60, "centre": "southern-cross", "MODE": "METRO TRAM" }, "geometry": { "type": "LineString", "coordinates": [ [ 145.018671781651989, -37.850103850756973 ], [ 145.01867805, -37.85010467 ], [ 145.021299485218805, -37.850451050528697 ] ] } },
{ "type": "Feature", "properties": { "from_stop": "Irving Rd/Toorak Rd #136", "to_stop": "Kooyong Rd/Toorak Rd #137", "minutes": 51.4, "tier": 60, "centre": "southern-cross", "MODE": "METRO TRAM" }, "geometry": { "type": "LineString", "coordinates": [ [ 145.020096019394742, -37.842381870956871 ], [ 145.02118803, -37.84251624 ], [ 145.022814110000013, -37.84271984 ], [ 145.023076197460455, -37.842752418562696 ] ] } },
{ "type": "Feature", "properties": { "from_stop": "Armadale St/Wattletree Rd #41", "to_stop": "Kooyong Rd/Wattletree Rd #42", "minutes": 50.0, "tier": 60, "centre": "southern-cross", "MODE": "METRO TRAM" }, "geometry": { "type": "LineString", "coordinates": [ [ 145.017790150179309, -37.860984681233681 ], [ 145.019622129999988, -37.86122794 ], [ 145.019909781793018, -37.861265208086863 ] ] } },
{ "type": "Feature", "properties": { "from_stop": "Warra St/Glenferrie Rd #65", "to_stop": "Kooyong Tennis Centre/Glenferrie Rd #66", "minutes": 54.8, "tier": 60, "centre": "southern-cross", "MODE": "METRO TRAM" }, "geometry": { "type": "LineString", "coordinates": [ [ 145.03213956, -37.84004052 ], [ 145.03235111, -37.83849403 ] ] } },
{ "type": "Feature", "properties": { "from_stop": "Berkeley St/Riversdale Rd #33", "to_stop": "Kooyongkoot Rd/Riversdale Rd #34", "minutes": 49.8, "tier": 60, "centre": "southern-cross", "MODE": "METRO TRAM" }, "geometry": { "type": "LineString", "coordinates": [ [ 145.03846451424883, -37.82924786906041 ], [ 145.037263797366734, -37.829105524333926 ] ] } },
{ "type": "Feature", "properties": { "from_stop": "Lonsdale St/Spencer St #120", "to_stop": "La Trobe St/Spencer St #119", "minutes": 5.8, "tier": 15, "centre": "southern-cross", "MODE": "METRO TRAM" }, "geometry": { "type": "LineString", "coordinates": [ [ 144.951561758159727, -37.813377194694802 ], [ 144.951750409999988, -37.81377827 ], [ 144.95186436, -37.81405701 ], [ 144.952280050000013, -37.81497217 ], [ 144.95240465, -37.81523577 ], [ 144.952430362982682, -37.815289166315878 ] ] } },
{ "type": "Feature", "properties": { "from_stop": "Nicholson St/Victoria Pde #10", "to_stop": "La Trobe St/Victoria St #9", "minutes": 13.1, "tier": 15, "centre": "southern-cross", "MODE": "METRO TRAM" }, "geometry": { "type": "LineString", "coordinates": [ [ 144.970980415968825, -37.807565501302953 ], [ 144.97103254000001, -37.8075747 ], [ 144.97155516, -37.80769031 ], [ 144.97178566, -37.80773853 ], [ 144.97186355, -37.80775222 ], [ 144.97204663, -37.8077779 ], [ 144.97282926, -37.8078641 ] ] } },
{ "type": "Feature", "properties": { "from_stop": "Armstrong St/Danks St #138", "to_stop": "Langridge St/Patterson St #139", "minutes": 20.4, "tier": 30, "centre": "southern-cross", "MODE": "METRO TRAM" }, "geometry": { "type": "LineString", "coordinates": [ [ 144.962505200231845, -37.852973423672012 ], [ 144.96352739, -37.85350512 ], [ 144.963603369999987, -37.85354843 ], [ 144.96366759, -37.85359361 ], [ 144.96370823, -37.85362874 ], [ 144.96377583, -37.8536956 ], [ 144.96382821, -37.85374166 ], [ 144.96390329, -37.85379703 ], [ 144.963978020000013, -37.85384013 ], [ 144.96417476, -37.85394339 ], [ 144.96526751, -37.85451164 ], [ 144.965631753728758, -37.854703676575426 ] ] } },
{ "type": "Feature", "properties": { "from_stop": "Closeburn Ave/Dandenong Rd #36", "to_stop": "Lansdowne Rd/Dandenong Rd #37", "minutes": 43.3, "tier": 45, "centre": "southern-cross", "MODE": "METRO TRAM" }, "geometry": { "type": "LineString", "coordinates": [ [ 145.004635139365831, -37.859437329661276 ], [ 145.007097390000013, -37.85976471 ], [ 145.007282481999965, -37.859788399587906 ] ] } },
{ "type": "Feature", "properties": { "from_stop": "St Vincent Plaza/Victoria St  #12", "to_stop": "Lansdowne St/Victoria Pde #13", "minutes": 14.8, "tier": 15, "centre": "southern-cross", "MODE": "METRO TRAM" }, "geometry": { "type": "LineString", "coordinates": [ [ 144.97634656478553, -37.808231428408398 ], [ 144.97645387, -37.80824276 ], [ 144.978342898165437, -37.808443491040585 ] ] } },
{ "type": "Feature", "properties": { "from_stop": "Spring St/Flinders St #8", "to_stop": "Lansdowne St/Wellington Pde #9", "minutes": 14.9, "tier": 15, "centre": "southern-cross", "MODE": "METRO TRAM" }, "geometry": { "type": "LineString", "coordinates": [ [ 144.97483257, -37.81511349 ], [ 144.97487053, -37.8151501 ], [ 144.97491075, -37.81517918 ], [ 144.97493053, -37.81519079 ], [ 144.97496225, -37.81520674 ], [ 144.975013319999988, -37.81522492 ], [ 144.97506513, -37.81523717 ], [ 144.97509782, -37.81524224 ], [ 144.977162317804272, -37.815468815553942 ] ] } },
{ "type": "Feature", "properties": { "from_stop": "Oakover Rd/Gilbert Rd #38", "to_stop": "Latona Ave/Gilbert Rd #39", "minutes": 54.5, "tier": 60, "centre": "southern-cross", "MODE": "METRO TRAM" }, "geometry": { "type": "LineString", "coordinates": [ [ 144.988458251875954, -37.748096798215116 ], [ 144.98845861, -37.7480946 ], [ 144.98863323, -37.74703184 ], [ 144.9887663, -37.7461869 ], [ 144.98885861677465, -37.745648637550836 ] ] } },
{ "type": "Feature", "properties": { "from_stop": "Albany Rd/Malvern Rd #41", "to_stop": "Lauriston Girls School/Malvern Rd #42", "minutes": 58.0, "tier": 60, "centre": "southern-cross", "MODE": "METRO TRAM" }, "geometry": { "type": "LineString", "coordinates": [ [ 145.02395038457658, -37.850802685966244 ], [ 145.02613288, -37.85109252 ], [ 145.026135971595693, -37.851092931874753 ] ] } },
{ "type": "Feature", "properties": { "from_stop": "Johnston St/Brunswick St #16", "to_stop": "Leicester St/Brunswick St #17", "minutes": 20.8, "tier": 30, "centre": "southern-cross", "MODE": "METRO TRAM" }, "geometry": { "type": "LineString", "coordinates": [ [ 144.978946519643671, -37.795644906009635 ], [ 144.978519870000014, -37.7981589 ], [ 144.978454137615955, -37.798546573382005 ] ] } },
{ "type": "Feature", "properties": { "from_stop": "Richmond Station/Swan St #8", "to_stop": "Lennox St/Swan St #9", "minutes": 26.0, "tier": 30, "centre": "southern-cross", "MODE": "METRO TRAM" }, "geometry": { "type": "LineString", "coordinates": [ [ 144.98906289445199, -37.824632221923544 ], [ 144.98955848, -37.8246944 ], [ 144.9899193, -37.82474499 ], [ 144.990258610000012, -37.82478854 ], [ 144.991163629999988, -37.82489752 ], [ 144.99304064, -37.82511464 ], [ 144.99327592, -37.8251401 ], [ 144.99348305, -37.82516462 ], [ 144.993492177329529, -37.825165604939549 ] ] } },
{ "type": "Feature", "properties": { "from_stop": "North Richmond Railway Station/Victoria St #19", "to_stop": "Lennox St/Victoria St #20", "minutes": 23.9, "tier": 30, "centre": "southern-cross", "MODE": "METRO TRAM" }, "geometry": { "type": "LineString", "coordinates": [ [ 144.995752402681262, -37.810064737197145 ], [ 144.99459174, -37.80994222 ], [ 144.993849399999988, -37.80986802 ], [ 144.992953964561821, -37.809773814948223 ] ] } },
{ "type": "Feature", "properties": { "from_stop": "Cemetery Road West/Royal Pde #14", "to_stop": "Leonard St/Royal Pde #15", "minutes": 24.4, "tier": 30, "centre": "southern-cross", "MODE": "METRO TRAM" }, "geometry": { "type": "LineString", "coordinates": [ [ 144.959019250884523, -37.787946307775719 ], [ 144.958803972944565, -37.789705878064481 ] ] } },
{ "type": "Feature", "properties": { "from_stop": "Arthur St/St Kilda Rd #23", "to_stop": "Leopold St/St Kilda Rd #24", "minutes": 24.0, "tier": 30, "centre": "southern-cross", "MODE": "METRO TRAM" }, "geometry": { "type": "LineString", "coordinates": [ [ 144.977331450703645, -37.841184830228876 ], [ 144.97665439, -37.83928858 ], [ 144.97657856, -37.83907784 ], [ 144.97650470082678, -37.838879659042554 ] ] } },
{ "type": "Feature", "properties": { "from_stop": "Flockhart St/Victoria St #23", "to_stop": "Leslie St/Victoria St #23", "minutes": 30.2, "tier": 45, "centre": "southern-cross", "MODE": "METRO TRAM" }, "geometry": { "type": "LineString", "coordinates": [ [ 145.007621996596981, -37.811261710656375 ], [ 145.006865405350283, -37.811190174569276 ] ] } },
{ "type": "Feature", "properties": { "from_stop": "Prahran RSL/High St  #33", "to_stop": "Lewisham Rd/High St #34", "minutes": 38.8, "tier": 45, "centre": "southern-cross", "MODE": "METRO TRAM" }, "geometry": { "type": "LineString", "coordinates": [ [ 144.999675332138963, -37.852724774939986 ], [ 144.99861216, -37.85257878 ], [ 144.998079046494411, -37.852506657119051 ] ] } },
{ "type": "Feature", "properties": { "from_stop": "Johnson St/Glenferrie Rd #76", "to_stop": "Liddiard St/Glenferrie Rd #75", "minutes": 56.9, "tier": 60, "centre": "southern-cross", "MODE": "METRO TRAM" }, "geometry": { "type": "LineString", "coordinates": [ [ 145.036087524878923, -37.818581313947945 ], [ 145.036146589999987, -37.81827112 ], [ 145.03617945, -37.81808567 ], [ 145.036407248375014, -37.816868599836475 ] ] } },
{ "type": "Feature", "properties": { "from_stop": "Queensberry St/Swanston St #4", "to_stop": "Lincoln Square/Swanston St #3", "minutes": 17.7, "tier": 30, "centre": "southern-cross", "MODE": "METRO TRAM" }, "geometry": { "type": "LineString", "coordinates": [ [ 144.963662669491953, -37.802365525368373 ], [ 144.96366203, -37.80236925 ], [ 144.96331228, -37.80440896 ], [ 144.963084954808295, -37.805690066896268 ] ] } },
{ "type": "Feature", "properties": { "from_stop": "Wattletree Rd/Glenferrie Rd #54", "to_stop": "Llaneast St/Glenferrie Rd #55", "minutes": 53.3, "tier": 60, "centre": "southern-cross", "MODE": "METRO TRAM" }, "geometry": { "type": "LineString", "coordinates": [ [ 145.028257810000014, -37.86247803 ], [ 145.02846377, -37.86114774 ] ] } },
{ "type": "Feature", "properties": { "from_stop": "Sylverly Gr/Hawthorn Rd #55", "to_stop": "Lockhart St/Hawthorn Rd #56", "minutes": 55.4, "tier": 60, "centre": "southern-cross", "MODE": "METRO TRAM" }, "geometry": { "type": "LineString", "coordinates": [ [ 145.0224039, -37.88458939 ], [ 145.02243672, -37.884408 ], [ 145.02250945, -37.88404821 ], [ 145.02261823, -37.88346707 ], [ 145.02270821, -37.88301493 ], [ 145.022787270677156, -37.882593286149991 ] ] } },
{ "type": "Feature", "properties": { "from_stop": "Spencer St/Bourke St #1", "to_stop": "Lonsdale St/Spencer St #120", "minutes": 4.0, "tier": 15, "centre": "southern-cross", "MODE": "METRO TRAM" }, "geometry": { "type": "LineString", "coordinates": [ [ 144.952430362982682, -37.815289166315878 ], [ 144.952825249999989, -37.8161092 ], [ 144.95320845, -37.81694242 ], [ 144.95322601, -37.81696498 ], [ 144.95327025, -37.817 ], [ 144.953306739999988, -37.81701982 ], [ 144.95334513, -37.8170241 ], [ 144.95342355, -37.81701852 ], [ 144.95347732, -37.81700918 ], [ 144.953497030616177, -37.817003467247567 ] ] } },
{ "type": "Feature", "properties": { "from_stop": "Williams Rd/Malvern Rd #34", "to_stop": "Lorne Rd/Malvern Rd #35", "minutes": 44.7, "tier": 45, "centre": "southern-cross", "MODE": "METRO TRAM" }, "geometry": { "type": "LineString", "coordinates": [ [ 145.006496215557661, -37.84853843756359 ], [ 145.00533639, -37.84838763 ], [ 145.00497361, -37.8483376 ], [ 145.00446951, -37.84827282 ], [ 145.003413880000011, -37.84813209 ], [ 145.003039536920028, -37.848081614810994 ] ] } },
{ "type": "Feature", "properties": { "from_stop": "Moubray St/St Kilda Rd #26", "to_stop": "Lorne St/St Kilda Rd #27", "minutes": 26.5, "tier": 30, "centre": "southern-cross", "MODE": "METRO TRAM" }, "geometry": { "type": "LineString", "coordinates": [ [ 144.97971927, -37.84755154 ], [ 144.98029512, -37.84935476 ] ] } },
{ "type": "Feature", "properties": { "from_stop": "Alfred Square/The Esplanade #136", "to_stop": "Luna Park/The Esplanade #138", "minutes": 25.3, "tier": 30, "centre": "southern-cross", "MODE": "METRO TRAM" }, "geometry": { "type": "LineString", "coordinates": [ [ 144.973521917332022, -37.865143082974718 ], [ 144.97363614, -37.86521944 ], [ 144.97377187, -37.86530667 ], [ 144.97405889, -37.86550194 ], [ 144.97418708, -37.865582 ], [ 144.97490367, -37.86606376 ], [ 144.97503851, -37.86615024 ], [ 144.97521298, -37.86625084 ], [ 144.975387070000011, -37.86634423 ], [ 144.97555739, -37.8664261 ], [ 144.97575275, -37.86651101 ], [ 144.975957630000011, -37.86659672 ], [ 144.97629792, -37.86672766 ], [ 144.97657455, -37.86682929 ], [ 144.97681505, -37.86690948 ], [ 144.976853269730611, -37.866919855469682 ] ] } },
{ "type": "Feature", "properties": { "from_stop": "Melbourne University/Swanston St #1", "to_stop": "Lygon St/Elgin St #112", "minutes": 22.2, "tier": 30, "centre": "southern-cross", "MODE": "METRO TRAM" }, "geometry": { "type": "LineString", "coordinates": [ [ 144.967156063544991, -37.797143518474414 ], [ 144.96646838, -37.79706925 ], [ 144.96611278, -37.7970285 ], [ 144.96491838, -37.79686296 ], [ 144.96484444, -37.79686331 ], [ 144.964789520000011, -37.7968738 ], [ 144.96475121, -37.79688756 ], [ 144.964708019999989, -37.7969097 ], [ 144.96465741, -37.79694947 ], [ 144.96462942, -37.79698431 ], [ 144.96460993, -37.7970284 ], [ 144.96460013, -37.79705869 ], [ 144.96436409, -37.79842936 ], [ 144.964341420000011, -37.79862651 ], [ 144.96423975, -37.79920646 ], [ 144.964223427780553, -37.799310440046888 ] ] } },
{ "type": "Feature", "properties": { "from_stop": "Lygon St/Elgin St #112", "to_stop": "Lytton St/Lygon St #113", "minutes": 22.9, "tier": 30, "centre": "southern-cross", "MODE": "METRO TRAM" }, "geometry": { "type": "LineString", "coordinates": [ [ 144.967161870675795, -37.797089747208382 ], [ 144.96716523, -37.79709011 ], [ 144.967259320000011, -37.7971003 ], [ 144.9673095, -37.79710098 ], [ 144.967356560000013, -37.7970954 ], [ 144.9674233, -37.79707618 ], [ 144.96744388, -37.79706681 ], [ 144.96748292, -37.79704306 ], [ 144.96751894, -37.79701331 ], [ 144.967545050000012, -37.79698069 ], [ 144.96755504, -37.7969641 ], [ 144.96757206, -37.79691924 ], [ 144.96758538, -37.79685594 ], [ 144.96770156, -37.79618026 ], [ 144.968050021404565, -37.794131103827823 ] ] } },
{ "type": "Feature", "properties": { "from_stop": "Rod Laver Arena/MCG Gates 1-3 #7B", "to_stop": "MCG Gates 4-7/John Cain Arena #7C", "minutes": 19.0, "tier": 30, "centre": "southern-cross", "MODE": "METRO TRAM" }, "geometry": { "type": "LineString", "coordinates": [ [ 144.98281938, -37.82211243 ], [ 144.982607839999986, -37.82200418 ], [ 144.98248713000001, -37.82193542 ], [ 144.98235831, -37.82185589 ], [ 144.9821867, -37.82174148 ], [ 144.98158184, -37.82131251 ], [ 144.98136464000001, -37.82115361 ], [ 144.98116615, -37.82099998 ], [ 144.9807155, -37.82063232 ], [ 144.98044323, -37.82041407 ], [ 144.980315780000012, -37.82032186 ], [ 144.98015485, -37.820216 ], [ 144.97996984, -37.82010162 ], [ 144.97977799, -37.81999253 ], [ 144.97960373, -37.81990032 ], [ 144.97924963, -37.81972546 ], [ 144.979098776649238, -37.819648334966033 ] ] } },
{ "type": "Feature", "properties": { "from_stop": "Gatehouse St/Royal Pde #13", "to_stop": "Macarthur Rd/Royal Pde #14", "minutes": 23.0, "tier": 30, "centre": "southern-cross", "MODE": "METRO TRAM" }, "geometry": { "type": "LineString", "coordinates": [ [ 144.958401082487001, -37.792690356669901 ], [ 144.95840243, -37.79267938 ], [ 144.95848132, -37.79199991 ], [ 144.958727320348288, -37.790027823476379 ] ] } },
{ "type": "Feature", "properties": { "from_stop": "Park Gr/Swan St #16", "to_stop": "Madden Gr/Swan St #17", "minutes": 42.0, "tier": 45, "centre": "southern-cross", "MODE": "METRO TRAM" }, "geometry": { "type": "LineString", "coordinates": [ [ 145.011787401714145, -37.827179009978614 ], [ 145.01227775000001, -37.82723271 ], [ 145.01300401, -37.8273122 ], [ 145.01367622, -37.82739023 ], [ 145.01480385, -37.82750928 ], [ 145.01499825, -37.82752598 ], [ 145.01517114, -37.82753583 ], [ 145.01533561, -37.82754167 ], [ 145.01550036, -37.82753742 ], [ 145.0158635, -37.82751083 ], [ 145.01603347, -37.82748539 ], [ 145.01622359000001, -37.82745426 ], [ 145.016493170430067, -37.827392367535893 ] ] } },
{ "type": "Feature", "properties": { "from_stop": "Howard St/Church St #53", "to_stop": "Malcolm St/Chapel St #51", "minutes": 35.9, "tier": 45, "centre": "southern-cross", "MODE": "METRO TRAM" }, "geometry": { "type": "LineString", "coordinates": [ [ 144.99610102149154, -37.836978084247491 ], [ 144.99610363, -37.83696476 ], [ 144.99611646, -37.83691028 ], [ 144.99622965, -37.83635158 ], [ 144.99651594, -37.83490439 ], [ 144.99653895, -37.83477627 ], [ 144.99655221, -37.83463492 ], [ 144.996620979999989, -37.83371833 ], [ 144.996686078375461, -37.832791743214756 ] ] } },
{ "type": "Feature", "properties": { "from_stop": "Dandenong Rd/Hawthorn Rd #48A", "to_stop": "Malvern Railway Station/Glenferrie Rd #53", "minutes": 52.2, "tier": 60, "centre": "southern-cross", "MODE": "METRO TRAM" }, "geometry": { "type": "LineString", "coordinates": [ [ 145.025904489999988, -37.86589911 ], [ 145.02777434, -37.86526359 ] ] } },
{ "type": "Feature", "properties": { "from_stop": "Prahran Market/Commercial Rd #30", "to_stop": "Malvern Rd/Chapel St #47", "minutes": 33.9, "tier": 45, "centre": "southern-cross", "MODE": "METRO TRAM" }, "geometry": { "type": "LineString", "coordinates": [ [ 144.99227051, -37.84654069 ], [ 144.99425496, -37.84670068 ] ] } },
{ "type": "Feature", "properties": { "from_stop": "Sorrett Ave/Glenferrie Rd #58", "to_stop": "Malvern Rd/Glenferrie Rd #59", "minutes": 58.9, "tier": 60, "centre": "southern-cross", "MODE": "METRO TRAM" }, "geometry": { "type": "LineString", "coordinates": [ [ 145.030031415782929, -37.851853358203812 ], [ 145.03001212, -37.85195712 ], [ 145.029693718281038, -37.854083016122324 ] ] } },
{ "type": "Feature", "properties": { "from_stop": "Edsall St/Glenferrie Rd #55", "to_stop": "Malvern Tram Depot/Glenferrie Rd #56", "minutes": 55.1, "tier": 60, "centre": "southern-cross", "MODE": "METRO TRAM" }, "geometry": { "type": "LineString", "coordinates": [ [ 145.02854739923535, -37.861013621352036 ], [ 145.028875030748878, -37.859025889175165 ] ] } },
{ "type": "Feature", "properties": { "from_stop": "Urquhart St/Glenferrie Rd #71", "to_stop": "Manningtree Rd/Glenferrie Rd #72", "minutes": 52.8, "tier": 60, "centre": "southern-cross", "MODE": "METRO TRAM" }, "geometry": { "type": "LineString", "coordinates": [ [ 145.034696988369404, -37.826056856026675 ], [ 145.03469823, -37.82605013 ], [ 145.03481555, -37.8254009 ], [ 145.035045709666576, -37.824169003346618 ] ] } },
{ "type": "Feature", "properties": { "from_stop": "Gooch St/High St #39", "to_stop": "Mansfield St/High St #40", "minutes": 46.0, "tier": 60, "centre": "southern-cross", "MODE": "METRO TRAM" }, "geometry": { "type": "LineString", "coordinates": [ [ 145.0007412, -37.75835995 ], [ 145.00083072000001, -37.7567213 ] ] } },
{ "type": "Feature", "properties": { "from_stop": "Epsom Rd/Maribyrnong Rd #40", "to_stop": "Maribyrnong Park/Maribyrnong Rd #41", "minutes": 58.0, "tier": 60, "centre": "southern-cross", "MODE": "METRO TRAM" }, "geometry": { "type": "LineString", "coordinates": [ [ 144.902581224463944, -37.770201126190926 ], [ 144.905115933806911, -37.770480218289414 ] ] } },
{ "type": "Feature", "properties": { "from_stop": "Chaucer St/Ascot Vale Rd #33", "to_stop": "Maribyrnong Rd/Ascot Vale Rd #34", "minutes": 47.4, "tier": 60, "centre": "southern-cross", "MODE": "METRO TRAM" }, "geometry": { "type": "LineString", "coordinates": [ [ 144.923929442314147, -37.772411090821691 ], [ 144.92393758, -37.77239242 ], [ 144.92394694, -37.77236204 ], [ 144.924003160000012, -37.77208547 ], [ 144.924349957958327, -37.770061933147154 ] ] } },
{ "type": "Feature", "properties": { "from_stop": "Warrick St/Mt Alexander Rd #29", "to_stop": "Maribyrnong Rd/Mt Alexander Rd #30", "minutes": 39.7, "tier": 45, "centre": "southern-cross", "MODE": "METRO TRAM" }, "geometry": { "type": "LineString", "coordinates": [ [ 144.927044472328589, -37.772966860542219 ], [ 144.92708962, -37.77307128 ], [ 144.927339030000013, -37.77353131 ], [ 144.92781254, -37.77443901 ], [ 144.92786035, -37.77454042 ], [ 144.9281062, -37.77498587 ], [ 144.928235199999989, -37.77519217 ], [ 144.9284817, -37.77556572 ], [ 144.928488508411647, -37.775575199324287 ] ] } },
{ "type": "Feature", "properties": { "from_stop": "Moore St/Maribyrnong Rd #35", "to_stop": "Maribyrnong Rd/Union Rd #37", "minutes": 50.7, "tier": 60, "centre": "southern-cross", "MODE": "METRO TRAM" }, "geometry": { "type": "LineString", "coordinates": [ [ 144.921127785455923, -37.772282533630353 ], [ 144.919572749999986, -37.77211517 ], [ 144.91825474, -37.77196707 ], [ 144.916320539999987, -37.77176931 ], [ 144.916176259999986, -37.77175648 ], [ 144.916085224251304, -37.7717455126364 ] ] } },
{ "type": "Feature", "properties": { "from_stop": "Flinders St/Queens Bridge St #1", "to_stop": "Market St/Flinders St #3", "minutes": 5.8, "tier": 15, "centre": "southern-cross", "MODE": "METRO TRAM" }, "geometry": { "type": "LineString", "coordinates": [ [ 144.961148465617242, -37.819369489173312 ], [ 144.96115157, -37.81937606 ], [ 144.96121226, -37.81951535 ], [ 144.961215693907633, -37.819523266872032 ] ] } },
{ "type": "Feature", "properties": { "from_stop": "Belmont Ave/Cotham Rd #37", "to_stop": "Marshall Ave/Cotham Rd #38", "minutes": 55.1, "tier": 60, "centre": "southern-cross", "MODE": "METRO TRAM" }, "geometry": { "type": "LineString", "coordinates": [ [ 145.045826116137391, -37.808600381296287 ], [ 145.04278725, -37.80824316 ], [ 145.042469860000011, -37.80820517 ], [ 145.042305196911173, -37.808186761931772 ] ] } },
{ "type": "Feature", "properties": { "from_stop": "Fitzroy St/Park St #143", "to_stop": "Mary St/Park St #142", "minutes": 23.3, "tier": 30, "centre": "southern-cross", "MODE": "METRO TRAM" }, "geometry": { "type": "LineString", "coordinates": [ [ 144.974430680000012, -37.86100708 ], [ 144.97417266, -37.86073733 ], [ 144.974115759999989, -37.8606858 ], [ 144.974061049999989, -37.86064133 ], [ 144.974009810000013, -37.86059061 ], [ 144.973387159999987, -37.85993069 ], [ 144.97323086, -37.85976921 ], [ 144.973225466389323, -37.85976313440392 ] ] } },
{ "type": "Feature", "properties": { "from_stop": "Lorne Rd/Malvern Rd #35", "to_stop": "Mathoura Rd/Malvern Rd #35", "minutes": 44.7, "tier": 45, "centre": "southern-cross", "MODE": "METRO TRAM" }, "geometry": { "type": "LineString", "coordinates": [ [ 145.00650037269159, -37.848507753359279 ], [ 145.00667811, -37.84853121 ], [ 145.006678517727238, -37.848531263727175 ] ] } },
{ "type": "Feature", "properties": { "from_stop": "Kooyong Rd/Dandenong Rd #42", "to_stop": "Matlock Ct/Dandenong Rd #43", "minutes": 53.0, "tier": 60, "centre": "southern-cross", "MODE": "METRO TRAM" }, "geometry": { "type": "LineString", "coordinates": [ [ 145.018867572941787, -37.86243322071207 ], [ 145.01921088, -37.86258639 ], [ 145.019309600000014, -37.86263122 ], [ 145.019635380000011, -37.86277116 ], [ 145.021933157871729, -37.863776823820238 ] ] } },
{ "type": "Feature", "properties": { "from_stop": "Toorak Rd/Glenferrie Rd #63", "to_stop": "Mayfield Ave/Glenferrie Rd #62", "minutes": 55.0, "tier": 60, "centre": "southern-cross", "MODE": "METRO TRAM" }, "geometry": { "type": "LineString", "coordinates": [ [ 145.031152178347838, -37.845746265673263 ], [ 145.03149335, -37.8439541 ], [ 145.031493964883055, -37.843950670190253 ] ] } },
{ "type": "Feature", "properties": { "from_stop": "Arthurton Rd/High St #33", "to_stop": "McCutcheon St/High St #34", "minutes": 42.0, "tier": 45, "centre": "southern-cross", "MODE": "METRO TRAM" }, "geometry": { "type": "LineString", "coordinates": [ [ 144.99889957, -37.76941329 ], [ 144.99928108, -37.7674732 ] ] } },
{ "type": "Feature", "properties": { "from_stop": "Victoria St/Church St #65", "to_stop": "McKay St/Victoria St #22", "minutes": 27.1, "tier": 30, "centre": "southern-cross", "MODE": "METRO TRAM" }, "geometry": { "type": "LineString", "coordinates": [ [ 145.000631743998468, -37.810549616814846 ], [ 145.00296784, -37.81077443 ], [ 145.003225, -37.81080438 ], [ 145.004032349999989, -37.81088223 ], [ 145.004035500164605, -37.810882535645625 ] ] } },
{ "type": "Feature", "properties": { "from_stop": "Spencer St/Flinders St #1", "to_stop": "Melbourne Aquarium/Flinders St #2", "minutes": 5.1, "tier": 15, "centre": "southern-cross", "MODE": "METRO TRAM" }, "geometry": { "type": "LineString", "coordinates": [ [ 144.955855234080559, -37.82084335432927 ], [ 144.95585813, -37.8208425 ], [ 144.95725776, -37.82042972 ], [ 144.957472270000011, -37.82035856 ], [ 144.95761345, -37.82030612 ], [ 144.957798972119065, -37.820243938677763 ] ] } },
{ "type": "Feature", "properties": { "from_stop": "Princes St/Lygon St #114", "to_stop": "Melbourne Cemetery/Lygon St #115", "minutes": 25.3, "tier": 30, "centre": "southern-cross", "MODE": "METRO TRAM" }, "geometry": { "type": "LineString", "coordinates": [ [ 144.968297537776408, -37.792694119318419 ], [ 144.968299050000013, -37.79268534 ], [ 144.96831998, -37.79256801 ], [ 144.9683373, -37.79244566 ], [ 144.96838072, -37.79221219 ], [ 144.968830192355426, -37.789585908862669 ] ] } },
{ "type": "Feature", "properties": { "from_stop": "Melbourne Central Station/Swanston St #8", "to_stop": "Melbourne Central & State Library stations/La Trobe St (Melb... #6", "minutes": 11.1, "tier": 15, "centre": "southern-cross", "MODE": "METRO TRAM" }, "geometry": { "type": "LineString", "coordinates": [ [ 144.964109968824317, -37.809523568775788 ], [ 144.96410254, -37.80952572 ], [ 144.964029475593435, -37.809547092721225 ] ] } },
{ "type": "Feature", "properties": { "from_stop": "Bourke Street Mall/Elizabeth St #3", "to_stop": "Melbourne Central Station/Elizabeth St #5", "minutes": 10.2, "tier": 15, "centre": "southern-cross", "MODE": "METRO TRAM" }, "geometry": { "type": "LineString", "coordinates": [ [ 144.961483465357475, -37.81053360906489 ], [ 144.96174972, -37.81111471 ], [ 144.96180193, -37.81124448 ], [ 144.96262828, -37.81303833 ], [ 144.96273312, -37.8132576 ], [ 144.96280946101831, -37.813423698750519 ] ] } },
{ "type": "Feature", "properties": { "from_stop": "Flagstaff Station/La Trobe St  #3", "to_stop": "Melbourne Central Station/La Trobe St  #5", "minutes": 10.2, "tier": 15, "centre": "southern-cross", "MODE": "METRO TRAM" }, "geometry": { "type": "LineString", "coordinates": [ [ 144.956743563542744, -37.811615360535768 ], [ 144.961032130097607, -37.810374464892021 ] ] } },
{ "type": "Feature", "properties": { "from_stop": "Bourke Street Mall/Swanston St #10", "to_stop": "Melbourne Central Station/Swanston St #8", "minutes": 11.0, "tier": 15, "centre": "southern-cross", "MODE": "METRO TRAM" }, "geometry": { "type": "LineString", "coordinates": [ [ 144.964222473903931, -37.810406035550393 ], [ 144.964805469999988, -37.81167069 ], [ 144.96517646, -37.81248176 ], [ 144.9652257, -37.81258291 ], [ 144.96551573, -37.81321929 ], [ 144.965519244538541, -37.813227078625914 ] ] } },
{ "type": "Feature", "properties": { "from_stop": "Nicholson St/Victoria Pde #10", "to_stop": "Melbourne Museum/Nicholson St #11", "minutes": 13.4, "tier": 15, "centre": "southern-cross", "MODE": "METRO TRAM" }, "geometry": { "type": "LineString", "coordinates": [ [ 144.973169015093845, -37.807938487956548 ], [ 144.973224929999986, -37.80766662 ], [ 144.973228, -37.80763333 ], [ 144.97327784, -37.8073103 ], [ 144.973370390000014, -37.80676668 ], [ 144.97341823, -37.80634647 ], [ 144.973522940611986, -37.805744423987619 ] ] } },
{ "type": "Feature", "properties": { "from_stop": "Sandown Rd/Epsom Rd #32", "to_stop": "Melbourne Showgrounds/Union Rd #33", "minutes": 47.6, "tier": 60, "centre": "southern-cross", "MODE": "METRO TRAM" }, "geometry": { "type": "LineString", "coordinates": [ [ 144.914779561329652, -37.780353251535153 ], [ 144.91477913, -37.7803559 ], [ 144.91476377, -37.78046242 ], [ 144.91476074, -37.78049742 ], [ 144.91476193, -37.78052376 ], [ 144.91477121, -37.78056502 ], [ 144.91477866, -37.78058678 ], [ 144.91479603, -37.78061926 ], [ 144.91481173, -37.78064233 ], [ 144.91505955, -37.78091049 ], [ 144.916416950000013, -37.7823298 ], [ 144.916468650000013, -37.78237722 ], [ 144.91655635, -37.78246456 ], [ 144.916686489999989, -37.78260141 ], [ 144.916691479773334, -37.782606643140518 ] ] } },
{ "type": "Feature", "properties": { "from_stop": "Clarendon St/Albert Rd #130", "to_stop": "Melbourne Sports & Aquatic Centre/Albert Rd #131", "minutes": 14.4, "tier": 15, "centre": "southern-cross", "MODE": "METRO TRAM" }, "geometry": { "type": "LineString", "coordinates": [ [ 144.96290311492092, -37.839578609310855 ], [ 144.96286876, -37.83959766 ], [ 144.9625398, -37.83979122 ], [ 144.962325240000013, -37.83992412 ], [ 144.96211385, -37.8400615 ], [ 144.96189704, -37.84021428 ], [ 144.96163425, -37.84038996 ], [ 144.96142054, -37.84054541 ], [ 144.9612004, -37.84071147 ], [ 144.961156271319254, -37.840745891726712 ] ] } },
{ "type": "Feature", "properties": { "from_stop": "Canterbury Rd/Mills St #133", "to_stop": "Melbourne Sports and Aquatic Centre/Light Rail #129", "minutes": 16.4, "tier": 30, "centre": "southern-cross", "MODE": "METRO TRAM" }, "geometry": { "type": "LineString", "coordinates": [ [ 144.960598295397233, -37.843792110181624 ], [ 144.96075095, -37.84404964 ], [ 144.96123867, -37.84475217 ], [ 144.96156314000001, -37.84520946 ], [ 144.96162143, -37.84528806 ], [ 144.961627407153486, -37.845296125641049 ] ] } },
{ "type": "Feature", "properties": { "from_stop": "Collins St/Elizabeth St #2", "to_stop": "Melbourne Town Hall/Collins St #6", "minutes": 8.2, "tier": 15, "centre": "southern-cross", "MODE": "METRO TRAM" }, "geometry": { "type": "LineString", "coordinates": [ [ 144.963900302978374, -37.816222850354727 ], [ 144.965944372630446, -37.815629614798816 ] ] } },
{ "type": "Feature", "properties": { "from_stop": "Lincoln Square/Swanston St #3", "to_stop": "Melbourne University/Swanston St #1", "minutes": 19.0, "tier": 30, "centre": "southern-cross", "MODE": "METRO TRAM" }, "geometry": { "type": "LineString", "coordinates": [ [ 144.964223229999988, -37.7993117 ], [ 144.96420175, -37.79944038 ], [ 144.96417276, -37.79954487 ], [ 144.964141, -37.79963876 ], [ 144.96412514, -37.79969508 ], [ 144.96410373, -37.79979663 ], [ 144.963662669491953, -37.802365525368373 ] ] } },
{ "type": "Feature", "properties": { "from_stop": "State Netball Hockey Centre/Royal Park #25", "to_stop": "Melbourne Zoo/Royal Park #26", "minutes": 26.9, "tier": 30, "centre": "southern-cross", "MODE": "METRO TRAM" }, "geometry": { "type": "LineString", "coordinates": [ [ 144.949190393078737, -37.78259389076031 ], [ 144.94918592, -37.78259936 ], [ 144.94905032, -37.78276461 ], [ 144.9489772, -37.78286716 ], [ 144.948872810000012, -37.78303296 ], [ 144.948805560000011, -37.7831739 ], [ 144.94875249, -37.78331482 ], [ 144.94871454, -37.7834433 ], [ 144.94869327, -37.78354702 ], [ 144.94867434, -37.78368979 ], [ 144.948667269999987, -37.78380187 ], [ 144.94867065, -37.78394224 ], [ 144.948680849999988, -37.78406624 ], [ 144.948693060000011, -37.78414621 ], [ 144.94870475, -37.78419976 ], [ 144.94879081, -37.78454506 ], [ 144.948793050599079, -37.784553626162349 ] ] } },
{ "type": "Feature", "properties": { "from_stop": "Abbotsford St Interchange/Abbotsford St #19", "to_stop": "Melrose St/Flemington Rd #20", "minutes": 27.1, "tier": 30, "centre": "southern-cross", "MODE": "METRO TRAM" }, "geometry": { "type": "LineString", "coordinates": [ [ 144.947422746957642, -37.793601622887181 ], [ 144.94737324, -37.79356953 ], [ 144.947159559999989, -37.7933953 ], [ 144.94581883, -37.79233386 ], [ 144.943476550000014, -37.79045756 ], [ 144.943450575057454, -37.790436948890118 ] ] } },
{ "type": "Feature", "properties": { "from_stop": "Huntingtower Rd/High St #42", "to_stop": "Mercer Rd/High St #43", "minutes": 54.8, "tier": 60, "centre": "southern-cross", "MODE": "METRO TRAM" }, "geometry": { "type": "LineString", "coordinates": [ [ 145.023667387151278, -37.855871268673411 ], [ 145.02366755, -37.85587129 ], [ 145.025929749999989, -37.85616834 ], [ 145.025932032054612, -37.856168632828641 ] ] } },
{ "type": "Feature", "properties": { "from_stop": "Docklands Park/Harbour Esp #D4", "to_stop": "Merchant St/Collins St #D17", "minutes": 2.1, "tier": 15, "centre": "southern-cross", "MODE": "METRO TRAM" }, "geometry": { "type": "LineString", "coordinates": [ [ 144.945409717110039, -37.821457702463157 ], [ 144.94552639, -37.82144741 ], [ 144.94585423, -37.82141583 ], [ 144.94592884, -37.82140433 ], [ 144.94605236000001, -37.82137891 ], [ 144.94620179, -37.82134448 ], [ 144.94634781, -37.82130629 ], [ 144.94744871, -37.82099242 ], [ 144.947470157176866, -37.820986164261257 ] ] } },
{ "type": "Feature", "properties": { "from_stop": "Toorak Rd/Glenferrie Rd #63", "to_stop": "Mernda Rd/Glenferrie Rd #64", "minutes": 54.7, "tier": 60, "centre": "southern-cross", "MODE": "METRO TRAM" }, "geometry": { "type": "LineString", "coordinates": [ [ 145.031493964883055, -37.843950670190253 ], [ 145.031755661953184, -37.842490927274824 ] ] } },
{ "type": "Feature", "properties": { "from_stop": "Harding St/Nicholson St #133", "to_stop": "Merribell Ave/Nicholson St #134", "minutes": 49.5, "tier": 60, "centre": "southern-cross", "MODE": "METRO TRAM" }, "geometry": { "type": "LineString", "coordinates": [ [ 144.977372528211902, -37.746380570199179 ], [ 144.977373809999989, -37.74637245 ], [ 144.977525359999987, -37.7454289 ], [ 144.97754145, -37.74534221 ], [ 144.97757264, -37.74524704 ], [ 144.97760119, -37.7451739 ], [ 144.97768593, -37.74499611 ], [ 144.97771343, -37.74492394 ], [ 144.97773267, -37.74484218 ], [ 144.97779895, -37.74437109 ], [ 144.977799211707946, -37.744369227063558 ] ] } },
{ "type": "Feature", "properties": { "from_stop": "Gold St/Queens Pde #24", "to_stop": "Michael St/Queens Pde #24", "minutes": 26.7, "tier": 30, "centre": "southern-cross", "MODE": "METRO TRAM" }, "geometry": { "type": "LineString", "coordinates": [ [ 144.990241045556417, -37.788881806694448 ], [ 144.99069696, -37.78869148 ], [ 144.99080763, -37.78864704 ], [ 144.99091829, -37.7885991 ], [ 144.99142827496604, -37.788394262242839 ] ] } },
{ "type": "Feature", "properties": { "from_stop": "Melbourne Sports and Aquatic Centre/Light Rail #129", "to_stop": "Middle Park Station/Light Rail #130", "minutes": 17.3, "tier": 30, "centre": "southern-cross", "MODE": "METRO TRAM" }, "geometry": { "type": "LineString", "coordinates": [ [ 144.961627407153486, -37.845296125641049 ], [ 144.96201326, -37.8458168 ], [ 144.96231064, -37.84618071 ], [ 144.962654250000014, -37.84659552 ], [ 144.962943349999989, -37.84693864 ], [ 144.96356003, -37.84763934 ], [ 144.96382782, -37.84792279 ], [ 144.96448465, -37.84860219 ], [ 144.96514966, -37.84923694 ], [ 144.9656219, -37.84966171 ], [ 144.965638712703338, -37.849676631572436 ] ] } },
{ "type": "Feature", "properties": { "from_stop": "Essendon Tram Depot/Mt Alexander Rd #27", "to_stop": "Middle St/Mt Alexander Rd #28", "minutes": 36.1, "tier": 45, "centre": "southern-cross", "MODE": "METRO TRAM" }, "geometry": { "type": "LineString", "coordinates": [ [ 144.929763765067548, -37.777503651702261 ], [ 144.929927279999987, -37.77774539 ], [ 144.930387380000013, -37.77843981 ], [ 144.93068804, -37.77885477 ], [ 144.93089753000001, -37.77912322 ], [ 144.93117252, -37.77946166 ] ] } },
{ "type": "Feature", "properties": { "from_stop": "Kings Way/Sturt St #20", "to_stop": "Miles St/Sturt St #19", "minutes": 17.0, "tier": 30, "centre": "southern-cross", "MODE": "METRO TRAM" }, "geometry": { "type": "LineString", "coordinates": [ [ 144.96587562940536, -37.828467938974562 ], [ 144.96559858, -37.82938609 ], [ 144.965389174503059, -37.830107329740784 ] ] } },
{ "type": "Feature", "properties": { "from_stop": "Devon St/Miller St #36", "to_stop": "Miller St/Gilbert Rd #37", "minutes": 52.7, "tier": 60, "centre": "southern-cross", "MODE": "METRO TRAM" }, "geometry": { "type": "LineString", "coordinates": [ [ 144.988128351383779, -37.750326390112129 ], [ 144.98808435, -37.7505991 ], [ 144.988061179999988, -37.75073353 ], [ 144.98805854, -37.75076421 ], [ 144.988060499999989, -37.75082156 ], [ 144.9880669, -37.75084916 ], [ 144.98807976, -37.75088137 ], [ 144.98810835, -37.75092809 ], [ 144.98813569, -37.75095802 ], [ 144.98815067000001, -37.75097044 ], [ 144.988197179999986, -37.75100062 ], [ 144.98825539, -37.75102657 ], [ 144.9883424, -37.75104473 ], [ 144.9883915, -37.75105053 ], [ 144.98902263, -37.75111492 ], [ 144.990056759999987, -37.75122647 ], [ 144.990938985830013, -37.751315943273958 ] ] } },
{ "type": "Feature", "properties": { "from_stop": "Blythe St/High St #41", "to_stop": "Miller St/High St #42", "minutes": 48.0, "tier": 60, "centre": "southern-cross", "MODE": "METRO TRAM" }, "geometry": { "type": "LineString", "coordinates": [ [ 145.001644469267774, -37.752506006691959 ], [ 145.00143008, -37.75375061 ], [ 145.001326500189521, -37.754373275911313 ] ] } },
{ "type": "Feature", "properties": { "from_stop": "Brunswick Rd/Nicholson St #19", "to_stop": "Miller St/Nicholson St #20", "minutes": 23.1, "tier": 30, "centre": "southern-cross", "MODE": "METRO TRAM" }, "geometry": { "type": "LineString", "coordinates": [ [ 144.978216593071608, -37.779331779110144 ], [ 144.978247649999986, -37.77914786 ], [ 144.97825567000001, -37.77905788 ], [ 144.97825943, -37.77895314 ], [ 144.978268539999988, -37.77886867 ], [ 144.978621940000011, -37.7767785 ], [ 144.97862276179049, -37.776773627403962 ] ] } },
{ "type": "Feature", "properties": { "from_stop": "Holden St/St Georges Rd #24", "to_stop": "Miller St/St Georges Rd #25", "minutes": 35.3, "tier": 45, "centre": "southern-cross", "MODE": "METRO TRAM" }, "geometry": { "type": "LineString", "coordinates": [ [ 144.988361423240548, -37.77807112011552 ], [ 144.986830450000014, -37.7798472 ], [ 144.986587835335683, -37.780129111384255 ] ] } },
{ "type": "Feature", "properties": { "from_stop": "Hutton St/St Georges Rd #33", "to_stop": "Miller St/St Georges Rd #34", "minutes": 47.0, "tier": 60, "centre": "southern-cross", "MODE": "METRO TRAM" }, "geometry": { "type": "LineString", "coordinates": [ [ 144.993906022733881, -37.75540932873686 ], [ 144.9939068, -37.75540557 ], [ 144.993935959999988, -37.75526322 ], [ 144.9939853, -37.7550585 ], [ 144.99402666, -37.75489708 ], [ 144.99410192, -37.75463612 ], [ 144.994483769999988, -37.75345017 ], [ 144.99455751, -37.75320756 ], [ 144.994926369226306, -37.75204645010929 ] ] } },
{ "type": "Feature", "properties": { "from_stop": "Danks St/Mills St #136", "to_stop": "Mills St/Danks St #136", "minutes": 17.8, "tier": 30, "centre": "southern-cross", "MODE": "METRO TRAM" }, "geometry": { "type": "LineString", "coordinates": [ [ 144.956001518969572, -37.849258267876657 ], [ 144.95598296, -37.84927962 ], [ 144.95594542, -37.8493261 ], [ 144.955920240000012, -37.84936964 ], [ 144.95590833, -37.84940602 ], [ 144.9559064, -37.84942239 ], [ 144.955907419999988, -37.84945512 ], [ 144.95592036, -37.84949698 ], [ 144.95594266, -37.84953332 ], [ 144.9559624, -37.84955502 ], [ 144.955985489999989, -37.8495748 ], [ 144.95601683000001, -37.84959643 ], [ 144.956122859237752, -37.84965212887176 ] ] } },
{ "type": "Feature", "properties": { "from_stop": "Barkly St/Carlisle St #33", "to_stop": "Mitchell St/Carlisle St #34", "minutes": 31.3, "tier": 45, "centre": "southern-cross", "MODE": "METRO TRAM" }, "geometry": { "type": "LineString", "coordinates": [ [ 144.981076205230494, -37.867128009267837 ], [ 144.981079200000011, -37.86712843 ], [ 144.981928180000011, -37.86724347 ], [ 144.98338068000001, -37.86743319 ], [ 144.983979951762137, -37.867513730778136 ] ] } },
{ "type": "Feature", "properties": { "from_stop": "Northcote Town Hall/High St #31", "to_stop": "Mitchell St/High St #32", "minutes": 40.5, "tier": 45, "centre": "southern-cross", "MODE": "METRO TRAM" }, "geometry": { "type": "LineString", "coordinates": [ [ 144.9979032004359, -37.774725638358881 ], [ 144.99790468, -37.77471834 ], [ 144.99853902000001, -37.77160191 ], [ 144.998633080453232, -37.771151273193475 ] ] } },
{ "type": "Feature", "properties": { "from_stop": "Albion St/Holmes St #127", "to_stop": "Mitchell St/Holmes St #128", "minutes": 39.6, "tier": 45, "centre": "southern-cross", "MODE": "METRO TRAM" }, "geometry": { "type": "LineString", "coordinates": [ [ 144.9739604213012, -37.761868381389476 ], [ 144.97401202, -37.76159528 ], [ 144.974155450000012, -37.76074018 ], [ 144.97426015, -37.7601435 ], [ 144.974386693108841, -37.759395768653405 ] ] } },
{ "type": "Feature", "properties": { "from_stop": "Bridport St/Montague St #28", "to_stop": "Montague St/Bridport St #28", "minutes": 18.2, "tier": 30, "centre": "southern-cross", "MODE": "METRO TRAM" }, "geometry": { "type": "LineString", "coordinates": [ [ 144.955407698684354, -37.840758043261125 ], [ 144.95542488000001, -37.84075296 ], [ 144.95547295, -37.8407364 ], [ 144.955518039999987, -37.84071268 ], [ 144.955538100000012, -37.84069798 ], [ 144.95555687, -37.84068902 ], [ 144.95557955000001, -37.84065364 ], [ 144.95558979, -37.84063264 ], [ 144.95559835, -37.84061071 ], [ 144.95560523, -37.84058388 ], [ 144.95560515, -37.84053323 ], [ 144.95560015, -37.84050836 ], [ 144.955594029999986, -37.84049141 ], [ 144.95559064493483, -37.840484138705527 ] ] } },
{ "type": "Feature", "properties": { "from_stop": "Southbank Tram Depot/Light Rail #125A", "to_stop": "Montague St/Light Rail #126", "minutes": 8.7, "tier": 15, "centre": "southern-cross", "MODE": "METRO TRAM" }, "geometry": { "type": "LineString", "coordinates": [ [ 144.954016994200316, -37.827511932162864 ], [ 144.953691490000011, -37.82766856 ], [ 144.953500850000012, -37.82775906 ], [ 144.95319738, -37.82789473 ], [ 144.95295535, -37.82800677 ], [ 144.95263184, -37.82816894 ], [ 144.95209316, -37.82841632 ], [ 144.95120221, -37.8288341 ], [ 144.950306899999987, -37.8292491 ], [ 144.949983370000012, -37.8294155 ], [ 144.94962368, -37.82962407 ], [ 144.94941451, -37.82973488 ], [ 144.94910733, -37.82992607 ], [ 144.94873881, -37.83016594 ], [ 144.948508214654254, -37.830305130507668 ] ] } },
{ "type": "Feature", "properties": { "from_stop": "Ferrars St/Park St #26", "to_stop": "Montague St/Park St #27", "minutes": 14.8, "tier": 15, "centre": "southern-cross", "MODE": "METRO TRAM" }, "geometry": { "type": "LineString", "coordinates": [ [ 144.954446856711769, -37.837264545241837 ], [ 144.956421829209944, -37.836690005144249 ] ] } },
{ "type": "Feature", "properties": { "from_stop": "Ormond Rd/Mt Alexander Rd #30", "to_stop": "Montgomery St/Mt Alexander Rd #31", "minutes": 41.9, "tier": 45, "centre": "southern-cross", "MODE": "METRO TRAM" }, "geometry": { "type": "LineString", "coordinates": [ [ 144.926162678594153, -37.770625855867173 ], [ 144.9262388, -37.77082094 ], [ 144.92684917, -37.77244929 ], [ 144.926850227569531, -37.772452155148251 ] ] } },
{ "type": "Feature", "properties": { "from_stop": "Djerring Flemington Hub/Mt Alexander Rd  #23", "to_stop": "Mooltan St/Mt Alexander Rd #24", "minutes": 30.1, "tier": 45, "centre": "southern-cross", "MODE": "METRO TRAM" }, "geometry": { "type": "LineString", "coordinates": [ [ 144.939009899244553, -37.785965812534513 ], [ 144.9388884, -37.78582181 ], [ 144.93875053, -37.78564259 ], [ 144.93833677, -37.78509437 ], [ 144.93797064, -37.78465071 ], [ 144.93781549, -37.78450128 ], [ 144.9376934, -37.78439182 ], [ 144.93760078, -37.78432531 ], [ 144.93752342, -37.78428151 ], [ 144.93745514, -37.78424616 ], [ 144.93722502, -37.7841384 ], [ 144.936961535353902, -37.784016047311255 ] ] } },
{ "type": "Feature", "properties": { "from_stop": "Montgomery St/Mt Alexander Rd #31", "to_stop": "Moonee Ponds Junction/Pascoe Vale Rd #32", "minutes": 44.2, "tier": 45, "centre": "southern-cross", "MODE": "METRO TRAM" }, "geometry": { "type": "LineString", "coordinates": [ [ 144.92487307297597, -37.766931886349077 ], [ 144.92487261, -37.76693903 ], [ 144.92486885, -37.76702458 ], [ 144.92487105, -37.76705174 ], [ 144.924879120000014, -37.76711208 ], [ 144.92489763, -37.76719333 ], [ 144.925052990000012, -37.76767838 ], [ 144.925136470000012, -37.76787162 ], [ 144.92530125, -37.76832466 ], [ 144.925910140000013, -37.76994344 ], [ 144.9261603, -37.77061976 ], [ 144.926162678594153, -37.770625855867173 ] ] } },
{ "type": "Feature", "properties": { "from_stop": "Moonee Ponds Junction/Pascoe Vale Rd #32", "to_stop": "Moonee Valley Civic Centre/Pascoe Vale Rd #34", "minutes": 46.6, "tier": 60, "centre": "southern-cross", "MODE": "METRO TRAM" }, "geometry": { "type": "LineString", "coordinates": [ [ 144.925404931279843, -37.764304035380725 ], [ 144.92540351, -37.76431217 ], [ 144.925271259999988, -37.76505169 ], [ 144.92519435, -37.76540306 ], [ 144.92511572, -37.7658564 ], [ 144.92505696, -37.76614339 ], [ 144.92502525, -37.76625034 ], [ 144.924995700000011, -37.76633254 ], [ 144.92497716, -37.76637448 ], [ 144.9249558, -37.76641187 ], [ 144.92493375, -37.76645726 ], [ 144.92491547, -37.76650235 ], [ 144.92490161, -37.76656763 ], [ 144.92489157, -37.76664648 ], [ 144.92487307297597, -37.766931886349077 ] ] } },
{ "type": "Feature", "properties": { "from_stop": "Kooyong Rd/Toorak Rd #137", "to_stop": "Moonga Rd/Toorak Rd #138", "minutes": 52.4, "tier": 60, "centre": "southern-cross", "MODE": "METRO TRAM" }, "geometry": { "type": "LineString", "coordinates": [ [ 145.026253991376706, -37.843182437965311 ], [ 145.02625097, -37.84318205 ], [ 145.02450636, -37.84296102 ], [ 145.023072509892614, -37.842782265657227 ] ] } },
{ "type": "Feature", "properties": { "from_stop": "Melbourne Museum/Nicholson St #11", "to_stop": "Moor St/Nicholson St #12", "minutes": 14.0, "tier": 15, "centre": "southern-cross", "MODE": "METRO TRAM" }, "geometry": { "type": "LineString", "coordinates": [ [ 144.973522940611986, -37.805744423987619 ], [ 144.97353601, -37.80566928 ], [ 144.97354585, -37.80558762 ], [ 144.97357206, -37.80543902 ], [ 144.97360439, -37.80528683 ], [ 144.97364442, -37.80512314 ], [ 144.97366445, -37.80502174 ], [ 144.97382857, -37.8040996 ], [ 144.97398002, -37.80321661 ], [ 144.97410167000001, -37.80246 ], [ 144.974176207118944, -37.801885603836631 ] ] } },
{ "type": "Feature", "properties": { "from_stop": "Mayfield Ave/Glenferrie Rd #62", "to_stop": "Moorakyne Ave/Glenferrie Rd #61", "minutes": 56.7, "tier": 60, "centre": "southern-cross", "MODE": "METRO TRAM" }, "geometry": { "type": "LineString", "coordinates": [ [ 145.030775135463728, -37.847712352323796 ], [ 145.030775440000014, -37.84771074 ], [ 145.030963969999988, -37.84673674 ], [ 145.03115201, -37.84574715 ], [ 145.031152178347838, -37.845746265673263 ] ] } },
{ "type": "Feature", "properties": { "from_stop": "Ascot Vale Rd/Maribyrnong Rd #34", "to_stop": "Moore St/Maribyrnong Rd #35", "minutes": 49.8, "tier": 60, "centre": "southern-cross", "MODE": "METRO TRAM" }, "geometry": { "type": "LineString", "coordinates": [ [ 144.923696795223861, -37.772551509235186 ], [ 144.92271971, -37.77244638 ], [ 144.9212425, -37.77229488 ], [ 144.921127785455923, -37.772282533630353 ] ] } },
{ "type": "Feature", "properties": { "from_stop": "Moreland Rd/Sydney Rd #28", "to_stop": "Moore St/Sydney Rd #29", "minutes": 46.1, "tier": 60, "centre": "southern-cross", "MODE": "METRO TRAM" }, "geometry": { "type": "LineString", "coordinates": [ [ 144.964497547817814, -37.75349522436764 ], [ 144.96449601, -37.75350398 ], [ 144.96439919, -37.75401769 ], [ 144.96417835, -37.75528346 ] ] } },
{ "type": "Feature", "properties": { "from_stop": "Park St/Clarendon St #129", "to_stop": "Moray St/Park St #23", "minutes": 14.5, "tier": 15, "centre": "southern-cross", "MODE": "METRO TRAM" }, "geometry": { "type": "LineString", "coordinates": [ [ 144.963879527602813, -37.83457325101304 ], [ 144.963533039999987, -37.83467352 ], [ 144.96296218, -37.83484307 ], [ 144.96190743, -37.83514293 ], [ 144.961532947408415, -37.835250232091632 ] ] } },
{ "type": "Feature", "properties": { "from_stop": "Mitchell St/Holmes St #128", "to_stop": "Moreland Rd/Holmes St #129", "minutes": 40.0, "tier": 45, "centre": "southern-cross", "MODE": "METRO TRAM" }, "geometry": { "type": "LineString", "coordinates": [ [ 144.974386693108841, -37.759395768653405 ], [ 144.97438804, -37.75938781 ], [ 144.974818364956406, -37.756890820068485 ] ] } },
{ "type": "Feature", "properties": { "from_stop": "Jacobs Reserve/Melville Rd #38", "to_stop": "Moreland Rd/Melville Rd #40", "minutes": 39.6, "tier": 45, "centre": "southern-cross", "MODE": "METRO TRAM" }, "geometry": { "type": "LineString", "coordinates": [ [ 144.945258906241776, -37.756598326586406 ], [ 144.94541018000001, -37.75583801 ], [ 144.94553339, -37.75526574 ], [ 144.945609639999986, -37.75483577 ], [ 144.945751519999988, -37.7541218 ], [ 144.94581629000001, -37.75378264 ], [ 144.94581925, -37.75370024 ], [ 144.94579789, -37.75361497 ], [ 144.945765959999989, -37.75353809 ], [ 144.945744929999989, -37.75345733 ], [ 144.945740590000014, -37.75341716 ], [ 144.9457351, -37.75336524 ], [ 144.94573644, -37.75326749 ], [ 144.94575126, -37.75318313 ], [ 144.945759905373308, -37.75313666995671 ] ] } },
{ "type": "Feature", "properties": { "from_stop": "Moreland Rd/Holmes St #129", "to_stop": "Moreland Rd/Nicholson St #129", "minutes": 40.0, "tier": 45, "centre": "southern-cross", "MODE": "METRO TRAM" }, "geometry": { "type": "LineString", "coordinates": [ [ 144.974937996258461, -37.756525892835995 ], [ 144.974936719999988, -37.75652931 ] ] } },
{ "type": "Feature", "properties": { "from_stop": "Brunswick Tram Depot/Sydney Rd #27", "to_stop": "Moreland Rd/Sydney Rd #28", "minutes": 44.5, "tier": 45, "centre": "southern-cross", "MODE": "METRO TRAM" }, "geometry": { "type": "LineString", "coordinates": [ [ 144.963701970229863, -37.75782550193906 ], [ 144.963702500000011, -37.75782243 ], [ 144.964076156554086, -37.755650576192494 ] ] } },
{ "type": "Feature", "properties": { "from_stop": "Moreland Station/Moreland Rd #133", "to_stop": "Moreland Station/Cameron St #133", "minutes": 44.5, "tier": 45, "centre": "southern-cross", "MODE": "METRO TRAM" }, "geometry": { "type": "Point", "coordinates": [ 144.96238273, -37.75524539 ] } },
{ "type": "Feature", "properties": { "from_stop": "Sydney Rd/Moreland Rd #132", "to_stop": "Moreland Station/Moreland Rd #133", "minutes": 44.5, "tier": 45, "centre": "southern-cross", "MODE": "METRO TRAM" }, "geometry": { "type": "LineString", "coordinates": [ [ 144.96427918, -37.75556367 ], [ 144.96238062, -37.75526049 ] ] } },
{ "type": "Feature", "properties": { "from_stop": "Royal Melbourne Hospital-Parkville Station/Royal Pde (Parkv... #10", "to_stop": "Morrah St/Royal Pde #12", "minutes": 20.5, "tier": 30, "centre": "southern-cross", "MODE": "METRO TRAM" }, "geometry": { "type": "LineString", "coordinates": [ [ 144.958072539997431, -37.795671479139841 ], [ 144.957597896090988, -37.799542741321119 ] ] } },
{ "type": "Feature", "properties": { "from_stop": "Commercial Rd/St Kilda Rd #25", "to_stop": "Moubray St/St Kilda Rd #26", "minutes": 26.5, "tier": 30, "centre": "southern-cross", "MODE": "METRO TRAM" }, "geometry": { "type": "LineString", "coordinates": [ [ 144.979648861475965, -37.847576719475278 ], [ 144.97908192, -37.8459914 ], [ 144.97855736458493, -37.844549898405141 ] ] } },
{ "type": "Feature", "properties": { "from_stop": "Mooltan St/Mt Alexander Rd #24", "to_stop": "Mount Alexander College/Mt Alexander Rd #25", "minutes": 33.1, "tier": 45, "centre": "southern-cross", "MODE": "METRO TRAM" }, "geometry": { "type": "LineString", "coordinates": [ [ 144.933913805060342, -37.782477407153408 ], [ 144.93397755, -37.78252344 ], [ 144.93423467, -37.78268881 ], [ 144.93445245, -37.78281113 ], [ 144.93455526, -37.7828625 ], [ 144.936968400000012, -37.78398323 ], [ 144.936975396502334, -37.783986461957618 ] ] } },
{ "type": "Feature", "properties": { "from_stop": "Edward St/Sydney Rd #31", "to_stop": "Munro St/Sydney Rd #32", "minutes": 53.3, "tier": 60, "centre": "southern-cross", "MODE": "METRO TRAM" }, "geometry": { "type": "LineString", "coordinates": [ [ 144.965957878411075, -37.745085676419265 ], [ 144.965369351201502, -37.748459550391772 ] ] } },
{ "type": "Feature", "properties": { "from_stop": "Burrowes St/Union Rd #34", "to_stop": "Munro St/Union Rd #35", "minutes": 51.4, "tier": 60, "centre": "southern-cross", "MODE": "METRO TRAM" }, "geometry": { "type": "LineString", "coordinates": [ [ 144.915476548233187, -37.776116216146235 ], [ 144.91535029, -37.77687883 ], [ 144.91528734, -37.77727288 ], [ 144.915059899895567, -37.778645435478339 ] ] } },
{ "type": "Feature", "properties": { "from_stop": "Royal Melbourne Hospital/Flemington Rd #14", "to_stop": "Murphy St/Flemington Rd #15", "minutes": 18.6, "tier": 30, "centre": "southern-cross", "MODE": "METRO TRAM" }, "geometry": { "type": "LineString", "coordinates": [ [ 144.954845004398038, -37.799528563375645 ], [ 144.952399241591934, -37.797580079433352 ] ] } },
{ "type": "Feature", "properties": { "from_stop": "Gower St/Plenty Rd #48", "to_stop": "Murray Rd/Plenty Rd #49", "minutes": 58.7, "tier": 60, "centre": "southern-cross", "MODE": "METRO TRAM" }, "geometry": { "type": "LineString", "coordinates": [ [ 145.00964245826782, -37.741193716389283 ], [ 145.00965718, -37.74117507 ], [ 145.01034329, -37.74031529 ], [ 145.01091689, -37.73957951 ], [ 145.011422337155238, -37.738939223996411 ] ] } },
{ "type": "Feature", "properties": { "from_stop": "Kooyong Rd/Malvern Rd #40", "to_stop": "Murray St/Malvern Rd #41", "minutes": 56.0, "tier": 60, "centre": "southern-cross", "MODE": "METRO TRAM" }, "geometry": { "type": "LineString", "coordinates": [ [ 145.023925056405687, -37.850829802930512 ], [ 145.02160558, -37.85052141 ], [ 145.021295618183046, -37.850480605473784 ] ] } },
{ "type": "Feature", "properties": { "from_stop": "Queens Park/Pascoe Vale Rd #35", "to_stop": "Murray St/Pascoe Vale Rd #36", "minutes": 48.6, "tier": 60, "centre": "southern-cross", "MODE": "METRO TRAM" }, "geometry": { "type": "LineString", "coordinates": [ [ 144.926172733493246, -37.759879295433699 ], [ 144.925714782662965, -37.76250888345524 ] ] } },
{ "type": "Feature", "properties": { "from_stop": "Gertrude St/Brunswick St #13", "to_stop": "Napier St/Gertrude St #14", "minutes": 16.4, "tier": 30, "centre": "southern-cross", "MODE": "METRO TRAM" }, "geometry": { "type": "LineString", "coordinates": [ [ 144.977133763616251, -37.805718920029314 ], [ 144.97893332000001, -37.80591019 ], [ 144.979282000478236, -37.805952809462575 ] ] } },
{ "type": "Feature", "properties": { "from_stop": "NewQuay Prom/Docklands Dr #D10", "to_stop": "New Quay Prom/Docklands Dr #D10", "minutes": 9.1, "tier": 15, "centre": "southern-cross", "MODE": "METRO TRAM" }, "geometry": { "type": "LineString", "coordinates": [ [ 144.940485923197116, -37.813722911541028 ], [ 144.94113077, -37.81348348 ], [ 144.941517687177907, -37.813335105089166 ] ] } },
{ "type": "Feature", "properties": { "from_stop": "Central Pier/Harbour Esp #D2", "to_stop": "NewQuay Prom/Docklands Dr #D10", "minutes": 8.1, "tier": 15, "centre": "southern-cross", "MODE": "METRO TRAM" }, "geometry": { "type": "LineString", "coordinates": [ [ 144.94482970524507, -37.814736204585913 ], [ 144.94460999, -37.8142379 ], [ 144.94454135, -37.81408323 ], [ 144.944496570000013, -37.81399017 ], [ 144.94445206, -37.81391171 ], [ 144.944399229999988, -37.81382599 ], [ 144.944339140000011, -37.81373969 ], [ 144.944279849999987, -37.81366584 ], [ 144.94420409, -37.81357953 ], [ 144.94404304, -37.81343127 ], [ 144.943965279999986, -37.81336404 ], [ 144.94387162000001, -37.81329662 ], [ 144.943606249999988, -37.81312527 ], [ 144.94331194, -37.81295692 ], [ 144.94327397, -37.8129377 ], [ 144.94320951, -37.81291107 ], [ 144.94316582, -37.81289724 ], [ 144.94307466, -37.81287888 ], [ 144.94299909, -37.81287189 ], [ 144.94294964, -37.81287309 ], [ 144.94289758, -37.8128784 ], [ 144.94285887, -37.81288557 ], [ 144.942822439999986, -37.81289277 ], [ 144.94277799, -37.81290614 ], [ 144.94185153, -37.8132579 ], [ 144.941533090768615, -37.813376920129805 ] ] } },
{ "type": "Feature", "properties": { "from_stop": "Wellington St/Racecourse Rd #25", "to_stop": "Newmarket Plaza/Racecourse Rd #26", "minutes": 36.0, "tier": 45, "centre": "southern-cross", "MODE": "METRO TRAM" }, "geometry": { "type": "LineString", "coordinates": [ [ 144.931222763169217, -37.78836030984418 ], [ 144.93047281, -37.78828062 ], [ 144.928384490000013, -37.7880588 ], [ 144.92823963, -37.7880412 ], [ 144.928148000527869, -37.788031737037478 ] ] } },
{ "type": "Feature", "properties": { "from_stop": "Alexandra Pde/Brunswick St #18", "to_stop": "Newry St/Brunswick St #19", "minutes": 24.4, "tier": 30, "centre": "southern-cross", "MODE": "METRO TRAM" }, "geometry": { "type": "LineString", "coordinates": [ [ 144.979252109558104, -37.79363548123245 ], [ 144.97925318, -37.79362917 ], [ 144.97928373, -37.79344973 ], [ 144.97933426, -37.793125 ], [ 144.97951495, -37.79208652 ], [ 144.979730758045889, -37.790814648203778 ] ] } },
{ "type": "Feature", "properties": { "from_stop": "Glenferrie Rd/Wattletree Rd #45", "to_stop": "Nicholls St/Wattletree Rd #46", "minutes": 54.4, "tier": 60, "centre": "southern-cross", "MODE": "METRO TRAM" }, "geometry": { "type": "LineString", "coordinates": [ [ 145.028519688707803, -37.86237015964317 ], [ 145.03094514, -37.86268956 ], [ 145.0309542086965, -37.86269072534617 ] ] } },
{ "type": "Feature", "properties": { "from_stop": "Hoddle St/Fletcher St #39", "to_stop": "Nicholson St/Fletcher St #40", "minutes": 53.8, "tier": 60, "centre": "southern-cross", "MODE": "METRO TRAM" }, "geometry": { "type": "LineString", "coordinates": [ [ 144.92275064048701, -37.755571876569654 ], [ 144.92156295, -37.75544114 ], [ 144.920968429999988, -37.75537153 ], [ 144.920192496688401, -37.755286204404534 ] ] } },
{ "type": "Feature", "properties": { "from_stop": "Albert St/Nicholson St #10", "to_stop": "Nicholson St/Victoria Pde #10", "minutes": 11.4, "tier": 15, "centre": "southern-cross", "MODE": "METRO TRAM" }, "geometry": { "type": "LineString", "coordinates": [ [ 144.97316572, -37.80808347 ], [ 144.9731722, -37.80812459 ], [ 144.97317006, -37.80818646 ], [ 144.97308078, -37.80871374 ], [ 144.972997920000012, -37.80912298 ], [ 144.972952350000014, -37.8093729 ], [ 144.972908292879822, -37.809669919736777 ] ] } },
{ "type": "Feature", "properties": { "from_stop": "Woolton Ave/High St #37", "to_stop": "Normanby Ave/High St #38", "minutes": 46.0, "tier": 60, "centre": "southern-cross", "MODE": "METRO TRAM" }, "geometry": { "type": "LineString", "coordinates": [ [ 145.000089728828414, -37.761537232854927 ], [ 145.00009074, -37.76153127 ], [ 145.000407155094052, -37.759665211833344 ] ] } },
{ "type": "Feature", "properties": { "from_stop": "Bird Ave/St Georges Rd #31", "to_stop": "Normanby Ave/St Georges Rd #32", "minutes": 45.4, "tier": 60, "centre": "southern-cross", "MODE": "METRO TRAM" }, "geometry": { "type": "LineString", "coordinates": [ [ 144.992496128537681, -37.762410843450468 ], [ 144.9924974, -37.76240478 ], [ 144.9929842, -37.75994229 ], [ 144.99309593000001, -37.75944962 ], [ 144.993198673251868, -37.758941992598736 ] ] } },
{ "type": "Feature", "properties": { "from_stop": "Kambrook Rd/Balaclava Rd #54", "to_stop": "Normanby Rd/Balaclava Rd #55", "minutes": 57.8, "tier": 60, "centre": "southern-cross", "MODE": "METRO TRAM" }, "geometry": { "type": "LineString", "coordinates": [ [ 145.03769010811186, -37.874275554967149 ], [ 145.0361426, -37.87408249 ], [ 145.036140635344964, -37.874082228470883 ] ] } },
{ "type": "Feature", "properties": { "from_stop": "Errol St/Victoria St #11", "to_stop": "North Melbourne Town Hall/Errol St #12", "minutes": 17.0, "tier": 30, "centre": "southern-cross", "MODE": "METRO TRAM" }, "geometry": { "type": "LineString", "coordinates": [ [ 144.94944632, -37.80519567 ], [ 144.94953494, -37.80322364 ] ] } },
{ "type": "Feature", "properties": { "from_stop": "Victoria St/Errol St #11", "to_stop": "North Melbourne Town Hall/Queensberry St #12", "minutes": 17.0, "tier": 30, "centre": "southern-cross", "MODE": "METRO TRAM" }, "geometry": { "type": "LineString", "coordinates": [ [ 144.94933927, -37.8049595 ], [ 144.94940519, -37.80298707 ] ] } },
{ "type": "Feature", "properties": { "from_stop": "Montague St/Light Rail #126", "to_stop": "North Port Station/Light Rail #127", "minutes": 9.7, "tier": 15, "centre": "southern-cross", "MODE": "METRO TRAM" }, "geometry": { "type": "LineString", "coordinates": [ [ 144.948508214654254, -37.830305130507668 ], [ 144.94776529, -37.83075357 ], [ 144.94748795000001, -37.83092564 ], [ 144.94703829, -37.83119437 ], [ 144.94676969, -37.83134613 ], [ 144.946474239999986, -37.83150309 ], [ 144.94620145, -37.83165397 ], [ 144.94577267, -37.83189494 ], [ 144.9452813, -37.83219222 ], [ 144.94373753, -37.83313718 ], [ 144.94360426, -37.83322272 ], [ 144.943527625732088, -37.833269952631518 ] ] } },
{ "type": "Feature", "properties": { "from_stop": "Hoddle St/Victoria Pde #18", "to_stop": "North Richmond Railway Station/Victoria St #19", "minutes": 21.4, "tier": 30, "centre": "southern-cross", "MODE": "METRO TRAM" }, "geometry": { "type": "LineString", "coordinates": [ [ 144.990641837492291, -37.809752497310619 ], [ 144.99077248, -37.80976474 ], [ 144.99084749, -37.80976737 ], [ 144.990966640000011, -37.80976733 ], [ 144.99107197, -37.80976192 ], [ 144.99129143, -37.80973664 ], [ 144.99168015, -37.80968551 ], [ 144.99185845, -37.80967016 ], [ 144.99195794, -37.80966618 ], [ 144.992048149999988, -37.80966547 ], [ 144.99222215, -37.80967033 ], [ 144.99232977, -37.80967676 ], [ 144.99256534, -37.80969844 ], [ 144.992957181315035, -37.809741333900973 ] ] } },
{ "type": "Feature", "properties": { "from_stop": "Halstead St/Hawthorn Rd #52", "to_stop": "Northcote Ave/Hawthorn Rd #53", "minutes": 52.8, "tier": 60, "centre": "southern-cross", "MODE": "METRO TRAM" }, "geometry": { "type": "LineString", "coordinates": [ [ 145.024234944872433, -37.875266530884083 ], [ 145.023862913766663, -37.877200668322303 ] ] } },
{ "type": "Feature", "properties": { "from_stop": "Clarke St/High St #30", "to_stop": "Northcote Town Hall/High St #31", "minutes": 39.3, "tier": 45, "centre": "southern-cross", "MODE": "METRO TRAM" }, "geometry": { "type": "LineString", "coordinates": [ [ 144.997938732403441, -37.774733045053352 ], [ 144.997884269999986, -37.77499907 ], [ 144.99756559, -37.77655568 ], [ 144.997545566650132, -37.776659693331503 ] ] } },
{ "type": "Feature", "properties": { "from_stop": "Miller St/Gilbert Rd #37", "to_stop": "Oakover Rd/Gilbert Rd #38", "minutes": 53.9, "tier": 60, "centre": "southern-cross", "MODE": "METRO TRAM" }, "geometry": { "type": "LineString", "coordinates": [ [ 144.988490134615688, -37.748101964350127 ], [ 144.988470189999987, -37.74822457 ], [ 144.98844727, -37.74834981 ], [ 144.988128351383779, -37.750326390112129 ] ] } },
{ "type": "Feature", "properties": { "from_stop": "MCG Gates 4-7/John Cain Arena #7C", "to_stop": "Olympic Boulevard #7D", "minutes": 22.1, "tier": 30, "centre": "southern-cross", "MODE": "METRO TRAM" }, "geometry": { "type": "LineString", "coordinates": [ [ 144.986744696844454, -37.824112052025718 ], [ 144.98680216, -37.82383318 ], [ 144.986821639999988, -37.8237433 ], [ 144.986822249999989, -37.82370816 ], [ 144.98682023, -37.8236865 ], [ 144.98681529000001, -37.82366776 ], [ 144.98679594, -37.82363112 ], [ 144.98677405, -37.82360073 ], [ 144.98674395, -37.82357552 ], [ 144.98671815, -37.82355904 ], [ 144.9866801, -37.8235419 ], [ 144.98625095, -37.82338911 ], [ 144.986001499999986, -37.82330428 ], [ 144.98576681, -37.82323232 ], [ 144.98464074, -37.82290998 ], [ 144.984350010000014, -37.82282254 ], [ 144.98417565, -37.8227627 ], [ 144.98398454, -37.82268832 ], [ 144.98382749000001, -37.82261894 ], [ 144.983701919999987, -37.82255768 ], [ 144.98350086, -37.82245231 ], [ 144.98349688899998, -37.822450329511241 ] ] } },
{ "type": "Feature", "properties": { "from_stop": "Orrong Rd/Balaclava Rd #43", "to_stop": "Ontario St/Balaclava Rd #44", "minutes": 44.1, "tier": 45, "centre": "southern-cross", "MODE": "METRO TRAM" }, "geometry": { "type": "LineString", "coordinates": [ [ 145.012354948584203, -37.871135826074344 ], [ 145.00879629, -37.87069156 ], [ 145.008454493781329, -37.870648959958501 ] ] } },
{ "type": "Feature", "properties": { "from_stop": "Balaclava Station/Carlisle St #38", "to_stop": "Orange Gr/Carlisle St #39", "minutes": 37.8, "tier": 45, "centre": "southern-cross", "MODE": "METRO TRAM" }, "geometry": { "type": "LineString", "coordinates": [ [ 144.996502227612638, -37.869158105537082 ], [ 144.995573830000012, -37.86904217 ], [ 144.994226624675775, -37.868878288477703 ] ] } },
{ "type": "Feature", "properties": { "from_stop": "Maribyrnong Rd/Mt Alexander Rd #30", "to_stop": "Ormond Rd/Mt Alexander Rd #30", "minutes": 40.2, "tier": 45, "centre": "southern-cross", "MODE": "METRO TRAM" }, "geometry": { "type": "LineString", "coordinates": [ [ 144.926850227569531, -37.772452155148251 ], [ 144.92696505, -37.77276323 ], [ 144.927038540000012, -37.77295314 ], [ 144.927044472328589, -37.772966860542219 ] ] } },
{ "type": "Feature", "properties": { "from_stop": "Allan Rd/Balaclava Rd #42", "to_stop": "Orrong Rd/Balaclava Rd #43", "minutes": 43.1, "tier": 45, "centre": "southern-cross", "MODE": "METRO TRAM" }, "geometry": { "type": "LineString", "coordinates": [ [ 145.005594842238992, -37.870260197937228 ], [ 145.008458334091159, -37.870617984565236 ] ] } },
{ "type": "Feature", "properties": { "from_stop": "Lansdowne Rd/Dandenong Rd #37", "to_stop": "Orrong Rd/Dandenong Rd #38", "minutes": 46.5, "tier": 60, "centre": "southern-cross", "MODE": "METRO TRAM" }, "geometry": { "type": "LineString", "coordinates": [ [ 145.010835280408628, -37.860291074286891 ], [ 145.007278143505744, -37.859822422903662 ] ] } },
{ "type": "Feature", "properties": { "from_stop": "Elsternwick Shopping Centre/Glenhuntly Rd #45", "to_stop": "Orrong Rd/Glenhuntly Rd #46", "minutes": 49.0, "tier": 60, "centre": "southern-cross", "MODE": "METRO TRAM" }, "geometry": { "type": "LineString", "coordinates": [ [ 145.003954994495331, -37.88467700009744 ], [ 145.004365400000012, -37.88473149 ], [ 145.005702039999989, -37.8849024 ], [ 145.0060944, -37.88495401 ], [ 145.006221035257283, -37.884969374449149 ] ] } },
{ "type": "Feature", "properties": { "from_stop": "Airlie Ave/High St #37", "to_stop": "Orrong Rd/High St #38", "minutes": 46.2, "tier": 60, "centre": "southern-cross", "MODE": "METRO TRAM" }, "geometry": { "type": "LineString", "coordinates": [ [ 145.011442751251877, -37.854291200081008 ], [ 145.00869333, -37.85393345 ], [ 145.008646277880644, -37.853927338781787 ] ] } },
{ "type": "Feature", "properties": { "from_stop": "A'Beckett St/Malvern Rd #36", "to_stop": "Orrong Rd/Malvern Rd #37", "minutes": 47.9, "tier": 60, "centre": "southern-cross", "MODE": "METRO TRAM" }, "geometry": { "type": "LineString", "coordinates": [ [ 145.012065854004959, -37.849268944386694 ], [ 145.009982281177514, -37.848996918420482 ] ] } },
{ "type": "Feature", "properties": { "from_stop": "Canterbury Rd/Toorak Rd #133", "to_stop": "Orrong Rd/Toorak Rd #134", "minutes": 48.5, "tier": 60, "centre": "southern-cross", "MODE": "METRO TRAM" }, "geometry": { "type": "LineString", "coordinates": [ [ 145.010897227404769, -37.841306252218928 ], [ 145.01372856, -37.84164273 ], [ 145.014056910886666, -37.84168076560124 ] ] } },
{ "type": "Feature", "properties": { "from_stop": "Seymour St/Plenty Rd #44", "to_stop": "Osborne Gr/Plenty Rd #44", "minutes": 53.4, "tier": 60, "centre": "southern-cross", "MODE": "METRO TRAM" }, "geometry": { "type": "LineString", "coordinates": [ [ 145.005369577703902, -37.746843402906222 ], [ 145.00536139, -37.74685563 ], [ 145.005191437050115, -37.74710922613918 ] ] } },
{ "type": "Feature", "properties": { "from_stop": "Ontario St/Balaclava Rd #44", "to_stop": "Otira Rd/Balaclava Rd #44", "minutes": 44.1, "tier": 45, "centre": "southern-cross", "MODE": "METRO TRAM" }, "geometry": { "type": "LineString", "coordinates": [ [ 145.01238782136258, -37.871139930846134 ], [ 145.01238638, -37.87113975 ], [ 145.012354948584203, -37.871135826074344 ] ] } },
{ "type": "Feature", "properties": { "from_stop": "QPO/Cotham Rd #34", "to_stop": "Pakington St/High St #34", "minutes": 43.1, "tier": 45, "centre": "southern-cross", "MODE": "METRO TRAM" }, "geometry": { "type": "LineString", "coordinates": [ [ 145.033865141271178, -37.805693157000825 ], [ 145.0327345, -37.80610232 ], [ 145.03221935, -37.80629233 ], [ 145.031532326448399, -37.806537392824126 ] ] } },
{ "type": "Feature", "properties": { "from_stop": "Arthur St/Chapel St #49", "to_stop": "Palermo St/Chapel St #49", "minutes": 36.9, "tier": 45, "centre": "southern-cross", "MODE": "METRO TRAM" }, "geometry": { "type": "LineString", "coordinates": [ [ 144.995217534355533, -37.841563319833959 ], [ 144.99521705, -37.84156568 ], [ 144.995123646976481, -37.842027269104534 ] ] } },
{ "type": "Feature", "properties": { "from_stop": "Stawell St/Swan St #15", "to_stop": "Park Gr/Swan St #16", "minutes": 37.8, "tier": 45, "centre": "southern-cross", "MODE": "METRO TRAM" }, "geometry": { "type": "LineString", "coordinates": [ [ 145.011784204083028, -37.827208322381061 ], [ 145.011782360000012, -37.82720812 ], [ 145.00979095, -37.826991 ], [ 145.009790704512881, -37.826990973041255 ] ] } },
{ "type": "Feature", "properties": { "from_stop": "Clarendon St/Park St #24", "to_stop": "Park St/Clarendon St #129", "minutes": 12.4, "tier": 15, "centre": "southern-cross", "MODE": "METRO TRAM" }, "geometry": { "type": "LineString", "coordinates": [ [ 144.961329546019527, -37.835278399013852 ], [ 144.96134570000001, -37.8352737 ], [ 144.961523759535595, -37.835221803587004 ] ] } },
{ "type": "Feature", "properties": { "from_stop": "Canterbury Rd/Fitzroy St #133", "to_stop": "Park St/Fitzroy St #134", "minutes": 21.8, "tier": 30, "centre": "southern-cross", "MODE": "METRO TRAM" }, "geometry": { "type": "LineString", "coordinates": [ [ 144.975220806923659, -37.86101851549315 ], [ 144.975289299999986, -37.86097895 ], [ 144.975430890000013, -37.86089722 ], [ 144.97630498, -37.86037786 ], [ 144.976735210504529, -37.860119847899178 ] ] } },
{ "type": "Feature", "properties": { "from_stop": "Montague St/Park St #27", "to_stop": "Park St/Montague St #27", "minutes": 15.1, "tier": 30, "centre": "southern-cross", "MODE": "METRO TRAM" }, "geometry": { "type": "LineString", "coordinates": [ [ 144.954455690979245, -37.837295161647056 ], [ 144.954444880000011, -37.83729833 ], [ 144.95439495, -37.83732062 ], [ 144.95435823, -37.83734576 ], [ 144.95434065, -37.83736113 ], [ 144.954315900000012, -37.83738927 ], [ 144.95430159, -37.83741344 ], [ 144.95428935000001, -37.83744549 ], [ 144.95428181, -37.83749186 ], [ 144.954283124195229, -37.837516136241156 ] ] } },
{ "type": "Feature", "properties": { "from_stop": "Royal Park Station/Royal Park #27", "to_stop": "Park St/Royal Park #28", "minutes": 29.1, "tier": 30, "centre": "southern-cross", "MODE": "METRO TRAM" }, "geometry": { "type": "LineString", "coordinates": [ [ 144.951288171731363, -37.780705786485356 ], [ 144.951295640000012, -37.78069448 ], [ 144.95131634, -37.78064366 ], [ 144.95132601, -37.78059372 ], [ 144.951336950000012, -37.78049343 ], [ 144.951347410000011, -37.78035744 ], [ 144.95135246000001, -37.78022776 ], [ 144.95135234, -37.78011286 ], [ 144.95134833, -37.7799868 ], [ 144.95133149, -37.77981538 ], [ 144.951313270000014, -37.77968159 ], [ 144.95128771, -37.77954228 ], [ 144.95125495, -37.77940049 ], [ 144.95118765, -37.77916502 ], [ 144.95115223, -37.77905797 ], [ 144.95109982, -37.77892071 ], [ 144.95104097, -37.77879037 ], [ 144.95098834, -37.77868564 ], [ 144.950933709999987, -37.77858348 ], [ 144.95086537, -37.7784637 ], [ 144.95078865, -37.77833917 ], [ 144.95071131, -37.77822491 ], [ 144.95063346, -37.77812073 ], [ 144.950551639999986, -37.77801639 ], [ 144.949750539492214, -37.777114408106065 ] ] } },
{ "type": "Feature", "properties": { "from_stop": "Scotchmer St/St Georges Rd #22", "to_stop": "Park St/St Georges Rd #23", "minutes": 31.7, "tier": 45, "centre": "southern-cross", "MODE": "METRO TRAM" }, "geometry": { "type": "LineString", "coordinates": [ [ 144.98394931181025, -37.783150854619407 ], [ 144.98395874, -37.78313994 ], [ 144.98431209, -37.78271802 ], [ 144.98517765, -37.7817108 ], [ 144.985266630000012, -37.78161598 ], [ 144.985323906076843, -37.781549441161623 ] ] } },
{ "type": "Feature", "properties": { "from_stop": "Charles St/High St #35", "to_stop": "Parkhill Rd/High St #36", "minutes": 45.9, "tier": 60, "centre": "southern-cross", "MODE": "METRO TRAM" }, "geometry": { "type": "LineString", "coordinates": [ [ 145.039781663435832, -37.803564665797872 ], [ 145.0373701, -37.80443227 ], [ 145.03728897, -37.80445921 ], [ 145.03719464, -37.8044954 ], [ 145.035952388744278, -37.804942945231936 ] ] } },
{ "type": "Feature", "properties": { "from_stop": "Shoobra Rd/Glenhuntly Rd #47", "to_stop": "Parkside St/Glenhuntly Rd #48", "minutes": 52.5, "tier": 60, "centre": "southern-cross", "MODE": "METRO TRAM" }, "geometry": { "type": "LineString", "coordinates": [ [ 145.012245486538148, -37.885721141034821 ], [ 145.00983545, -37.88543296 ], [ 145.00912177, -37.88535096 ], [ 145.009117500373918, -37.885350440866254 ] ] } },
{ "type": "Feature", "properties": { "from_stop": "Spring St/Collins St #8", "to_stop": "Parliament Railway Station/Macarthur St #10", "minutes": 11.1, "tier": 15, "centre": "southern-cross", "MODE": "METRO TRAM" }, "geometry": { "type": "LineString", "coordinates": [ [ 144.973715961594621, -37.812732536456949 ], [ 144.973953405571137, -37.81325067279451 ] ] } },
{ "type": "Feature", "properties": { "from_stop": "Fletcher St/Pascoe Vale Rd #38", "to_stop": "Pascoe Vale Rd/Fletcher St #38", "minutes": 50.6, "tier": 60, "centre": "southern-cross", "MODE": "METRO TRAM" }, "geometry": { "type": "LineString", "coordinates": [ [ 144.926103196182567, -37.756104554722704 ], [ 144.92609993, -37.75607902 ], [ 144.92608184, -37.75601562 ], [ 144.926041340000012, -37.75596606 ], [ 144.92598543, -37.75593164 ], [ 144.92591255, -37.75590783 ], [ 144.92582429, -37.7558978 ], [ 144.925813758138048, -37.755897409012192 ] ] } },
{ "type": "Feature", "properties": { "from_stop": "Smith St/Gertrude St #15", "to_stop": "Peel St/Smith St #16", "minutes": 16.9, "tier": 30, "centre": "southern-cross", "MODE": "METRO TRAM" }, "geometry": { "type": "LineString", "coordinates": [ [ 144.98266259, -37.80625603 ], [ 144.98334793, -37.80486193 ] ] } },
{ "type": "Feature", "properties": { "from_stop": "Queen Victoria Market/Peel St #9", "to_stop": "Peel St/Victoria St #8", "minutes": 13.0, "tier": 15, "centre": "southern-cross", "MODE": "METRO TRAM" }, "geometry": { "type": "LineString", "coordinates": [ [ 144.95573060000001, -37.80721443 ], [ 144.955964617241165, -37.805890406508482 ] ] } },
{ "type": "Feature", "properties": { "from_stop": "Queensberry St/Peel St #11", "to_stop": "Pelham St/Elizabeth St #9", "minutes": 15.4, "tier": 30, "centre": "southern-cross", "MODE": "METRO TRAM" }, "geometry": { "type": "LineString", "coordinates": [ [ 144.956720147622633, -37.801815257485792 ], [ 144.956402101273, -37.803616215867137 ] ] } },
{ "type": "Feature", "properties": { "from_stop": "Punt Rd/High St #28", "to_stop": "Perth St/High St #29", "minutes": 30.0, "tier": 30, "centre": "southern-cross", "MODE": "METRO TRAM" }, "geometry": { "type": "LineString", "coordinates": [ [ 144.984040267225083, -37.850614253444803 ], [ 144.98404622000001, -37.85061501 ], [ 144.98523418, -37.85077071 ], [ 144.98624505, -37.85089786 ], [ 144.98723118, -37.85103242 ], [ 144.987720960755155, -37.851096929362356 ] ] } },
{ "type": "Feature", "properties": { "from_stop": "Richardson St/Lygon St #117", "to_stop": "Pigdon St/Lygon St #118", "minutes": 28.6, "tier": 30, "centre": "southern-cross", "MODE": "METRO TRAM" }, "geometry": { "type": "LineString", "coordinates": [ [ 144.970140717379195, -37.781934429945778 ], [ 144.970076260000013, -37.78235439 ], [ 144.969953589999989, -37.78309008 ], [ 144.969806659999989, -37.78399467 ], [ 144.969800662755688, -37.784044311297556 ] ] } },
{ "type": "Feature", "properties": { "from_stop": "Clarendon St/Whiteman St #125", "to_stop": "Port Junction/Whiteman St #125", "minutes": 5.9, "tier": 15, "centre": "southern-cross", "MODE": "METRO TRAM" }, "geometry": { "type": "LineString", "coordinates": [ [ 144.956183550583859, -37.826046164794562 ], [ 144.95619062, -37.82604047 ], [ 144.95636015, -37.82589968 ], [ 144.95660346, -37.82569132 ], [ 144.95664773134348, -37.825656277832451 ] ] } },
{ "type": "Feature", "properties": { "from_stop": "Braille Library/Commercial Rd #28", "to_stop": "Porter St/Commercial Rd #29", "minutes": 32.9, "tier": 45, "centre": "southern-cross", "MODE": "METRO TRAM" }, "geometry": { "type": "LineString", "coordinates": [ [ 144.987403944834114, -37.845964743203538 ], [ 144.9905628, -37.84638061 ], [ 144.99057442180893, -37.846382128419712 ] ] } },
{ "type": "Feature", "properties": { "from_stop": "Burwood Rd/Power St #27", "to_stop": "Power St/Burwood Rd #27", "minutes": 42.2, "tier": 45, "centre": "southern-cross", "MODE": "METRO TRAM" }, "geometry": { "type": "LineString", "coordinates": [ [ 145.026321569869623, -37.821750481340189 ], [ 145.02632184, -37.82174628 ], [ 145.02632666, -37.82167192 ], [ 145.026309669999989, -37.82162766 ], [ 145.02627648, -37.82159403 ], [ 145.02624959, -37.82157988 ], [ 145.02623244, -37.82157103 ] ] } },
{ "type": "Feature", "properties": { "from_stop": "Warra St/Glenferrie Rd #65", "to_stop": "Power St/Glenferrie Rd #64", "minutes": 55.0, "tier": 60, "centre": "southern-cross", "MODE": "METRO TRAM" }, "geometry": { "type": "LineString", "coordinates": [ [ 145.032229899899875, -37.840056794785923 ], [ 145.031910479986379, -37.841829866527071 ] ] } },
{ "type": "Feature", "properties": { "from_stop": "Yarra Bvd/Swan St #18", "to_stop": "Power St/Riversdale Rd #29", "minutes": 45.5, "tier": 60, "centre": "southern-cross", "MODE": "METRO TRAM" }, "geometry": { "type": "LineString", "coordinates": [ [ 145.025430742617203, -37.827405359791506 ], [ 145.025425649999988, -37.82740042 ], [ 145.0253545, -37.82732902 ], [ 145.02532505, -37.8273041 ], [ 145.025240059999987, -37.82725347 ], [ 145.025198030000013, -37.8272361 ], [ 145.02499076, -37.82717747 ], [ 145.02448331, -37.82702603 ], [ 145.02328871, -37.82669147 ], [ 145.023114060000012, -37.82665393 ], [ 145.023048749999987, -37.82664472 ], [ 145.02197984, -37.82653926 ], [ 145.02127911, -37.8264736 ], [ 145.02107973, -37.82646033 ], [ 145.020900149999989, -37.82645452 ], [ 145.020706139999987, -37.82646144 ], [ 145.02050588, -37.82647241 ], [ 145.02031544, -37.8264902 ], [ 145.020127300000013, -37.8265156 ], [ 145.01992722, -37.82655396 ], [ 145.019552620000013, -37.82664364 ], [ 145.01954951370567, -37.826644424406588 ] ] } },
{ "type": "Feature", "properties": { "from_stop": "Porter St/Commercial Rd #29", "to_stop": "Prahran Market/Commercial Rd #30", "minutes": 33.9, "tier": 45, "centre": "southern-cross", "MODE": "METRO TRAM" }, "geometry": { "type": "LineString", "coordinates": [ [ 144.992258415514414, -37.8466332624958 ], [ 144.99072038, -37.84643232 ], [ 144.990570374287046, -37.846412625988627 ] ] } },
{ "type": "Feature", "properties": { "from_stop": "Hornby St/High St #32", "to_stop": "Prahran RSL/High St  #33", "minutes": 37.4, "tier": 45, "centre": "southern-cross", "MODE": "METRO TRAM" }, "geometry": { "type": "LineString", "coordinates": [ [ 144.996428330644733, -37.852254465075504 ], [ 144.998072330000014, -37.85247714 ], [ 144.998082791529896, -37.852478568307767 ] ] } },
{ "type": "Feature", "properties": { "from_stop": "Perth St/High St #29", "to_stop": "Prahran Station/High St #30", "minutes": 31.7, "tier": 45, "centre": "southern-cross", "MODE": "METRO TRAM" }, "geometry": { "type": "LineString", "coordinates": [ [ 144.987720960755155, -37.851096929362356 ], [ 144.98772256, -37.85109714 ], [ 144.989725894221209, -37.851360977265969 ] ] } },
{ "type": "Feature", "properties": { "from_stop": "Sycamore St/Hawthorn Rd #58", "to_stop": "Princes Park/Hawthorn Rd #59", "minutes": 59.4, "tier": 60, "centre": "southern-cross", "MODE": "METRO TRAM" }, "geometry": { "type": "LineString", "coordinates": [ [ 145.021415351717621, -37.889954737890925 ], [ 145.021282109999987, -37.89063724 ], [ 145.02126245, -37.89075983 ], [ 145.02106878, -37.89177544 ], [ 145.02088097, -37.89279277 ], [ 145.02083395, -37.89303683 ], [ 145.02081116869013, -37.893158623557554 ] ] } },
{ "type": "Feature", "properties": { "from_stop": "St Kilda Station/Fitzroy St #132", "to_stop": "Princes St/Fitzroy St #132", "minutes": 23.2, "tier": 30, "centre": "southern-cross", "MODE": "METRO TRAM" }, "geometry": { "type": "LineString", "coordinates": [ [ 144.980556870271982, -37.85790333410673 ], [ 144.98054697, -37.85790923 ], [ 144.98029642, -37.85805236 ], [ 144.97990468, -37.85828752 ], [ 144.977789446843246, -37.859541954263932 ] ] } },
{ "type": "Feature", "properties": { "from_stop": "Lytton St/Lygon St #113", "to_stop": "Princes St/Lygon St #114", "minutes": 24.2, "tier": 30, "centre": "southern-cross", "MODE": "METRO TRAM" }, "geometry": { "type": "LineString", "coordinates": [ [ 144.968335637055276, -37.792701453294505 ], [ 144.96828238, -37.79299127 ], [ 144.968089529999986, -37.79413199 ], [ 144.968088550903616, -37.794137715904277 ] ] } },
{ "type": "Feature", "properties": { "from_stop": "Reynard St/Melville Rd #42", "to_stop": "Princes Tce/Melville Rd #43", "minutes": 42.6, "tier": 45, "centre": "southern-cross", "MODE": "METRO TRAM" }, "geometry": { "type": "LineString", "coordinates": [ [ 144.944920414869017, -37.74391455930607 ], [ 144.944919, -37.74392275 ], [ 144.944490339102686, -37.746387219179894 ] ] } },
{ "type": "Feature", "properties": { "from_stop": "Punt Rd/Wellington Pde #14", "to_stop": "Punt Rd/Bridge Rd #14", "minutes": 22.8, "tier": 30, "centre": "southern-cross", "MODE": "METRO TRAM" }, "geometry": { "type": "LineString", "coordinates": [ [ 144.989673669966237, -37.817398363288525 ], [ 144.989674760000014, -37.81739855 ] ] } },
{ "type": "Feature", "properties": { "from_stop": "Alfred Hospital/Commercial Rd #26", "to_stop": "Punt Rd/Commercial Rd #27", "minutes": 31.5, "tier": 45, "centre": "southern-cross", "MODE": "METRO TRAM" }, "geometry": { "type": "LineString", "coordinates": [ [ 144.982223132449576, -37.845289757851745 ], [ 144.98222375, -37.84528984 ], [ 144.984862129719801, -37.845636186334197 ] ] } },
{ "type": "Feature", "properties": { "from_stop": "High St/St Kilda Rd #27", "to_stop": "Punt Rd/High St #28", "minutes": 29.0, "tier": 30, "centre": "southern-cross", "MODE": "METRO TRAM" }, "geometry": { "type": "LineString", "coordinates": [ [ 144.980540145177798, -37.849869035037401 ], [ 144.98054116, -37.84987175 ], [ 144.980594849999989, -37.85002416 ], [ 144.98062195, -37.85006806 ], [ 144.98064931, -37.85010241 ], [ 144.98070557, -37.85014808 ], [ 144.98071185, -37.85015954 ], [ 144.98074172, -37.85016852 ], [ 144.980773809999988, -37.85018376 ], [ 144.9808238, -37.8502012 ], [ 144.98087114, -37.85021148 ], [ 144.984040267225083, -37.850614253444803 ] ] } },
{ "type": "Feature", "properties": { "from_stop": "Walsh St/Toorak Rd #124", "to_stop": "Punt Rd/Toorak Rd #125", "minutes": 30.7, "tier": 45, "centre": "southern-cross", "MODE": "METRO TRAM" }, "geometry": { "type": "LineString", "coordinates": [ [ 144.984579317072814, -37.838086559836782 ], [ 144.98472071, -37.83810546 ], [ 144.984965, -37.838131 ], [ 144.98520819, -37.8381512 ], [ 144.98545058, -37.83816769 ], [ 144.985681699999986, -37.83819274 ], [ 144.98626497, -37.83826418 ], [ 144.98641235, -37.83828084 ], [ 144.98675301530767, -37.838325711607666 ] ] } },
{ "type": "Feature", "properties": { "from_stop": "Simpson St/Wellington Pde #13", "to_stop": "Punt Rd/Wellington Pde #14", "minutes": 22.8, "tier": 30, "centre": "southern-cross", "MODE": "METRO TRAM" }, "geometry": { "type": "LineString", "coordinates": [ [ 144.986982302972081, -37.816549504948462 ], [ 144.987286039999987, -37.81658516 ], [ 144.98746134000001, -37.81662213 ], [ 144.98758146, -37.81665816 ], [ 144.98779925, -37.81673677 ], [ 144.987968630000012, -37.81680374 ], [ 144.98814367, -37.81686693 ], [ 144.98934259, -37.8173151 ], [ 144.98940585, -37.81733664 ], [ 144.98952065, -37.81736762 ], [ 144.98961924, -37.81738904 ], [ 144.989673669966237, -37.817398363288525 ] ] } },
{ "type": "Feature", "properties": { "from_stop": "High St/Cotham Rd #34", "to_stop": "QPO/Cotham Rd #34", "minutes": 42.8, "tier": 45, "centre": "southern-cross", "MODE": "METRO TRAM" }, "geometry": { "type": "LineString", "coordinates": [ [ 145.031647253595366, -37.806971234524021 ], [ 145.031308759260725, -37.806932110641718 ] ] } },
{ "type": "Feature", "properties": { "from_stop": "Bourke St/William St #5", "to_stop": "Queen St/Bourke St #4", "minutes": 6.2, "tier": 15, "centre": "southern-cross", "MODE": "METRO TRAM" }, "geometry": { "type": "LineString", "coordinates": [ [ 144.958183610021479, -37.815645355283458 ], [ 144.959811713202527, -37.815173591312394 ] ] } },
{ "type": "Feature", "properties": { "from_stop": "Melbourne Central Station/La Trobe St  #5", "to_stop": "Queen Victoria Market/Elizabeth St #7", "minutes": 13.7, "tier": 15, "centre": "southern-cross", "MODE": "METRO TRAM" }, "geometry": { "type": "LineString", "coordinates": [ [ 144.959638721994168, -37.806531251855503 ], [ 144.95980943, -37.80689965 ], [ 144.96132314, -37.81019146 ], [ 144.96133168048712, -37.81020964580992 ] ] } },
{ "type": "Feature", "properties": { "from_stop": "Flagstaff Station/La Trobe St  #3", "to_stop": "Queen Victoria Market/Peel St #9", "minutes": 12.0, "tier": 15, "centre": "southern-cross", "MODE": "METRO TRAM" }, "geometry": { "type": "LineString", "coordinates": [ [ 144.955728227003192, -37.807432598032349 ], [ 144.95572728, -37.80743796 ], [ 144.9555188, -37.808601 ], [ 144.955423950000011, -37.80918602 ], [ 144.95541524, -37.80927112 ], [ 144.95541491, -37.80940259 ], [ 144.95542433, -37.80948918 ], [ 144.95543522, -37.8095392 ], [ 144.95547133, -37.80965067 ], [ 144.95549874, -37.80971126 ], [ 144.955931920000012, -37.81066411 ], [ 144.956348490000011, -37.81154026 ], [ 144.956476024943612, -37.811817515460604 ] ] } },
{ "type": "Feature", "properties": { "from_stop": "Moonee Valley Civic Centre/Pascoe Vale Rd #34", "to_stop": "Queens Park/Pascoe Vale Rd #35", "minutes": 47.6, "tier": 60, "centre": "southern-cross", "MODE": "METRO TRAM" }, "geometry": { "type": "LineString", "coordinates": [ [ 144.925366384383693, -37.764297102164932 ], [ 144.925417180000011, -37.76401007 ], [ 144.9254541, -37.76377749 ], [ 144.92564384, -37.76270708 ], [ 144.925679342854636, -37.762502762804196 ] ] } },
{ "type": "Feature", "properties": { "from_stop": "St Kilda Junction/St Kilda Rd #30", "to_stop": "Queens Way/Queens Way #31", "minutes": 30.6, "tier": 45, "centre": "southern-cross", "MODE": "METRO TRAM" }, "geometry": { "type": "LineString", "coordinates": [ [ 144.982501244549354, -37.855307202136146 ], [ 144.98253885, -37.85540578 ], [ 144.982579789999988, -37.85546749 ], [ 144.98260037, -37.85548812 ], [ 144.98264787, -37.85552146 ], [ 144.98267188, -37.85553296 ], [ 144.98270043, -37.85554498 ], [ 144.98275811, -37.85555958 ], [ 144.98740197, -37.85617392 ], [ 144.987403907550174, -37.856174170334846 ] ] } },
{ "type": "Feature", "properties": { "from_stop": "Abbotsford St/Queensberry St #14", "to_stop": "Queensberry St/Abbotsford St #14", "minutes": 18.9, "tier": 30, "centre": "southern-cross", "MODE": "METRO TRAM" }, "geometry": { "type": "LineString", "coordinates": [ [ 144.945602265830985, -37.802386582979402 ], [ 144.945594559999989, -37.80245412 ], [ 144.945599210000012, -37.80247492 ], [ 144.9456118, -37.80250434 ], [ 144.94562535, -37.80252359 ], [ 144.94563772, -37.80254021 ], [ 144.94565112, -37.80255261 ], [ 144.94568486, -37.80257681 ], [ 144.94570558, -37.80258762 ], [ 144.94576213, -37.80260438 ], [ 144.945808353473467, -37.802609523090261 ] ] } },
{ "type": "Feature", "properties": { "from_stop": "Victoria St/Peel St #10", "to_stop": "Queensberry St/Peel St #11", "minutes": 13.8, "tier": 15, "centre": "southern-cross", "MODE": "METRO TRAM" }, "geometry": { "type": "LineString", "coordinates": [ [ 144.956402101273, -37.803616215867137 ], [ 144.95640135, -37.80362047 ], [ 144.956086925521362, -37.805401506795498 ] ] } },
{ "type": "Feature", "properties": { "from_stop": "RMIT University/Swanston St #7", "to_stop": "Queensberry St/Swanston St #4", "minutes": 14.8, "tier": 15, "centre": "southern-cross", "MODE": "METRO TRAM" }, "geometry": { "type": "LineString", "coordinates": [ [ 144.963084954808295, -37.805690066896268 ], [ 144.9630845, -37.80569263 ], [ 144.96293352, -37.80652018 ], [ 144.96281826, -37.80717649 ], [ 144.96281559, -37.80721556 ], [ 144.96281757, -37.80725506 ], [ 144.962829, -37.80731456 ], [ 144.962848619999988, -37.80738177 ], [ 144.96289718, -37.80752004 ], [ 144.963201700000013, -37.80816496 ], [ 144.963208107312795, -37.808178478416501 ] ] } },
{ "type": "Feature", "properties": { "from_stop": "Melbourne Central & State Library stations/La Trobe St (Melb... #6", "to_stop": "RMIT University/Swanston St #7", "minutes": 12.5, "tier": 15, "centre": "southern-cross", "MODE": "METRO TRAM" }, "geometry": { "type": "LineString", "coordinates": [ [ 144.963208107312795, -37.808178478416501 ], [ 144.96324722, -37.808261 ], [ 144.96331415, -37.8084214 ], [ 144.96379395, -37.8094628 ], [ 144.963878547375231, -37.809649022945649 ] ] } },
{ "type": "Feature", "properties": { "from_stop": "Flemington Racecourse/Epsom Rd #30", "to_stop": "Racing Victoria/Epsom Rd #31", "minutes": 44.7, "tier": 45, "centre": "southern-cross", "MODE": "METRO TRAM" }, "geometry": { "type": "LineString", "coordinates": [ [ 144.918076445930751, -37.784064561637237 ], [ 144.9197969, -37.78586312 ], [ 144.91997884, -37.78604819 ], [ 144.919980098110813, -37.786049488040199 ] ] } },
{ "type": "Feature", "properties": { "from_stop": "Park St/Clarendon St #129", "to_stop": "Raglan St/Clarendon St #130a", "minutes": 13.4, "tier": 15, "centre": "southern-cross", "MODE": "METRO TRAM" }, "geometry": { "type": "LineString", "coordinates": [ [ 144.962663684663852, -37.837573004697795 ], [ 144.96257419, -37.83739361 ], [ 144.96248827, -37.83719189 ], [ 144.96210183, -37.83636144 ], [ 144.9616665, -37.83540848 ], [ 144.961661965779683, -37.835398571038176 ] ] } },
{ "type": "Feature", "properties": { "from_stop": "Dundas St/Plenty Rd #42", "to_stop": "Raglan St/Plenty Rd #43", "minutes": 50.9, "tier": 60, "centre": "southern-cross", "MODE": "METRO TRAM" }, "geometry": { "type": "LineString", "coordinates": [ [ 145.001913851092354, -37.751922845237779 ], [ 145.00234985, -37.75127947 ], [ 145.003739416528958, -37.749207852580078 ] ] } },
{ "type": "Feature", "properties": { "from_stop": "Freeman St/Nicholson St #16", "to_stop": "Reid St/Nicholson St #17", "minutes": 19.0, "tier": 30, "centre": "southern-cross", "MODE": "METRO TRAM" }, "geometry": { "type": "LineString", "coordinates": [ [ 144.976496534370938, -37.788804513049776 ], [ 144.97654832, -37.78851774 ], [ 144.97700785, -37.78604152 ], [ 144.977076168311527, -37.785578139009203 ] ] } },
{ "type": "Feature", "properties": { "from_stop": "The Avenue/Nicholson St #130", "to_stop": "Rennie St/Nicholson St #131", "minutes": 44.7, "tier": 45, "centre": "southern-cross", "MODE": "METRO TRAM" }, "geometry": { "type": "LineString", "coordinates": [ [ 144.976002740000013, -37.75357777 ], [ 144.97633765, -37.75268333 ], [ 144.97636227000001, -37.75259201 ], [ 144.97638036, -37.7525031 ], [ 144.976570739724025, -37.751351299678326 ] ] } },
{ "type": "Feature", "properties": { "from_stop": "Woodlands Ave/Melville Rd #41", "to_stop": "Reynard St/Melville Rd #42", "minutes": 41.6, "tier": 45, "centre": "southern-cross", "MODE": "METRO TRAM" }, "geometry": { "type": "LineString", "coordinates": [ [ 144.944490339102686, -37.746387219179894 ], [ 144.944488369999988, -37.74639854 ], [ 144.944430250000011, -37.7467352 ], [ 144.944423269999987, -37.74682339 ], [ 144.94443708, -37.74691069 ], [ 144.94446231, -37.74698764 ], [ 144.944508399999989, -37.74706099 ], [ 144.94456835, -37.74713368 ], [ 144.94618655, -37.7489138 ], [ 144.94619644614346, -37.748924717855864 ] ] } },
{ "type": "Feature", "properties": { "from_stop": "The Avenue/Sydney Rd #30", "to_stop": "Reynard St/Sydney Rd #31", "minutes": 50.3, "tier": 60, "centre": "southern-cross", "MODE": "METRO TRAM" }, "geometry": { "type": "LineString", "coordinates": [ [ 144.964706579472107, -37.752085735278584 ], [ 144.964707010000012, -37.7520833 ], [ 144.96502419, -37.75026253 ], [ 144.96516927, -37.74939963 ], [ 144.965280709519931, -37.748752891605406 ] ] } },
{ "type": "Feature", "properties": { "from_stop": "Fenwick St/Lygon St #116", "to_stop": "Richardson St/Lygon St #117", "minutes": 26.7, "tier": 30, "centre": "southern-cross", "MODE": "METRO TRAM" }, "geometry": { "type": "LineString", "coordinates": [ [ 144.969216273367181, -37.787375308968457 ], [ 144.96921660000001, -37.78737348 ], [ 144.96923611, -37.78727478 ], [ 144.96949132, -37.78574609 ], [ 144.96952722, -37.78553376 ], [ 144.96953818, -37.78548177 ], [ 144.969762092135568, -37.784040693436062 ] ] } },
{ "type": "Feature", "properties": { "from_stop": "Carter St/Mills St #134", "to_stop": "Richardson St/Mills St #135", "minutes": 16.8, "tier": 30, "centre": "southern-cross", "MODE": "METRO TRAM" }, "geometry": { "type": "LineString", "coordinates": [ [ 144.958976835644279, -37.845682420772114 ], [ 144.95848436, -37.84627617 ], [ 144.958225160000012, -37.8465924 ], [ 144.95772779, -37.84718792 ], [ 144.957486834471524, -37.847479031256448 ] ] } },
{ "type": "Feature", "properties": { "from_stop": "Bridport St/Victoria Ave #29", "to_stop": "Richardson St/Victoria Ave #30", "minutes": 23.0, "tier": 30, "centre": "southern-cross", "MODE": "METRO TRAM" }, "geometry": { "type": "LineString", "coordinates": [ [ 144.951338258346198, -37.843987901988612 ], [ 144.951352820000011, -37.84397027 ], [ 144.95150034, -37.84378909 ], [ 144.95167683, -37.84357921 ], [ 144.95334112081585, -37.841565875879454 ] ] } },
{ "type": "Feature", "properties": { "from_stop": "Olympic Boulevard #7D", "to_stop": "Richmond Station/Swan St #8", "minutes": 24.3, "tier": 30, "centre": "southern-cross", "MODE": "METRO TRAM" }, "geometry": { "type": "LineString", "coordinates": [ [ 144.986792648588448, -37.824122299167264 ], [ 144.98679114, -37.82412983 ], [ 144.986785309999988, -37.82416047 ], [ 144.986783440000011, -37.82418747 ], [ 144.986787060000012, -37.82422547 ], [ 144.98679779, -37.82425287 ], [ 144.98681228, -37.82427997 ], [ 144.986844459999986, -37.82431657 ], [ 144.986862050000013, -37.82432976 ], [ 144.98689441, -37.82434716 ], [ 144.986921959999989, -37.82435791 ], [ 144.98694993, -37.8243655 ], [ 144.98703075, -37.8243804 ], [ 144.98711734, -37.82439243 ], [ 144.9872025, -37.82439839 ], [ 144.987327310000012, -37.82441692 ], [ 144.98802587, -37.824506 ], [ 144.98844015, -37.82455409 ], [ 144.98906289445199, -37.824632221923544 ] ] } },
{ "type": "Feature", "properties": { "from_stop": "Bridge Rd/Church St #61", "to_stop": "Richmond Town Hall/Bridge Rd #19", "minutes": 28.1, "tier": 30, "centre": "southern-cross", "MODE": "METRO TRAM" }, "geometry": { "type": "LineString", "coordinates": [ [ 145.001369081997495, -37.818792796705011 ], [ 144.99942051, -37.81858963 ], [ 144.99935692, -37.8185844 ], [ 144.999212660000012, -37.81857979 ], [ 144.999081381230383, -37.818578016345455 ] ] } },
{ "type": "Feature", "properties": { "from_stop": "Burnley St/Victoria St #24", "to_stop": "River Bvd/Victoria St #25", "minutes": 33.2, "tier": 45, "centre": "southern-cross", "MODE": "METRO TRAM" }, "geometry": { "type": "LineString", "coordinates": [ [ 145.013230710813815, -37.811828357645844 ], [ 145.01321264, -37.81182584 ], [ 145.01292217, -37.81178822 ], [ 145.0126627, -37.81175131 ], [ 145.01240934, -37.8117191 ], [ 145.010378875213917, -37.811501090877037 ] ] } },
{ "type": "Feature", "properties": { "from_stop": "Fordholm Rd/Riversdale Rd #31", "to_stop": "Riversdale Rd/Glenferrie Rd #70", "minutes": 48.5, "tier": 60, "centre": "southern-cross", "MODE": "METRO TRAM" }, "geometry": { "type": "LineString", "coordinates": [ [ 145.034109499057081, -37.828733905853369 ], [ 145.03294125, -37.828598 ], [ 145.031638789999988, -37.82845043 ], [ 145.031634292428777, -37.82844992396295 ] ] } },
{ "type": "Feature", "properties": { "from_stop": "Kooyongkoot Rd/Riversdale Rd #34", "to_stop": "Robinson Rd/Riversdale Rd #35", "minutes": 50.8, "tier": 60, "centre": "southern-cross", "MODE": "METRO TRAM" }, "geometry": { "type": "LineString", "coordinates": [ [ 145.041544619659987, -37.829613105502062 ], [ 145.04153781, -37.8296123 ], [ 145.038982190000013, -37.82931086 ], [ 145.03864335, -37.82926907 ], [ 145.03846451424883, -37.82924786906041 ] ] } },
{ "type": "Feature", "properties": { "from_stop": "William Barak Bridge/Melbourne Park #7A", "to_stop": "Rod Laver Arena/MCG Gates 1-3 #7B", "minutes": 16.9, "tier": 30, "centre": "southern-cross", "MODE": "METRO TRAM" }, "geometry": { "type": "LineString", "coordinates": [ [ 144.979098776649238, -37.819648334966033 ], [ 144.97904134, -37.81961897 ], [ 144.97849215, -37.81934973 ], [ 144.97844393, -37.81932241 ], [ 144.978351300000014, -37.8192699 ], [ 144.97810834, -37.81915633 ], [ 144.97780651, -37.81900578 ], [ 144.97719496, -37.81865734 ], [ 144.97694415, -37.81851109 ], [ 144.976613250000014, -37.81831066 ], [ 144.97657756000001, -37.81829058 ], [ 144.97651976, -37.81826463 ], [ 144.97647125, -37.8182482 ], [ 144.976445399999989, -37.81824208 ], [ 144.97641882, -37.81823766 ], [ 144.97636805, -37.81823742 ], [ 144.976210365220425, -37.818249747370736 ] ] } },
{ "type": "Feature", "properties": { "from_stop": "Johnston St/Nicholson St #13", "to_stop": "Rose St/Nicholson St #14", "minutes": 16.0, "tier": 30, "centre": "southern-cross", "MODE": "METRO TRAM" }, "geometry": { "type": "LineString", "coordinates": [ [ 144.975388303586868, -37.795254144421527 ], [ 144.97538751, -37.79525871 ], [ 144.97517511, -37.79636216 ], [ 144.975105610000014, -37.79676551 ], [ 144.9750422, -37.79716598 ], [ 144.974977349999989, -37.79751966 ], [ 144.97492449, -37.79783344 ], [ 144.97491768, -37.79790812 ], [ 144.97491392, -37.79798736 ], [ 144.974908269999986, -37.79803638 ], [ 144.9748524, -37.7983603 ], [ 144.974852155193844, -37.798361564325987 ] ] } },
{ "type": "Feature", "properties": { "from_stop": "Johnston St/Smith St #19", "to_stop": "Rose St/Smith St #20", "minutes": 20.3, "tier": 30, "centre": "southern-cross", "MODE": "METRO TRAM" }, "geometry": { "type": "LineString", "coordinates": [ [ 144.984667442970306, -37.796797442960994 ], [ 144.98465567, -37.79687012 ], [ 144.98431495, -37.79883832 ], [ 144.984270057167265, -37.799099556292518 ] ] } },
{ "type": "Feature", "properties": { "from_stop": "Murphy St/Flemington Rd #15", "to_stop": "Royal Childrens Hospital/Flemington Rd #19", "minutes": 23.0, "tier": 30, "centre": "southern-cross", "MODE": "METRO TRAM" }, "geometry": { "type": "LineString", "coordinates": [ [ 144.94835638, -37.79429093 ], [ 144.94870594, -37.79456954 ], [ 144.94878094, -37.79464591 ], [ 144.949457380000013, -37.79519434 ], [ 144.95105829, -37.79646952 ], [ 144.951243409999989, -37.796609 ], [ 144.95131552, -37.79667082 ], [ 144.95236811, -37.79751226 ], [ 144.952420208923428, -37.797553740625261 ] ] } },
{ "type": "Feature", "properties": { "from_stop": "Flemington Rd/Peel St #12", "to_stop": "Royal Melbourne Hospital-Parkville Station/Royal Pde (Melbo... #10", "minutes": 17.0, "tier": 30, "centre": "southern-cross", "MODE": "METRO TRAM" }, "geometry": { "type": "LineString", "coordinates": [ [ 144.957550240347871, -37.799933856419216 ], [ 144.95744543, -37.80079411 ], [ 144.95736768, -37.80139853 ], [ 144.95736614673001, -37.801469942049991 ] ] } },
{ "type": "Feature", "properties": { "from_stop": "Royal Melbourne Hospital-Parkville Station/Royal Pde (Melbo... #10", "to_stop": "Royal Melbourne Hospital-Parkville Station/Royal Pde (Parkv... #10", "minutes": 17.3, "tier": 30, "centre": "southern-cross", "MODE": "METRO TRAM" }, "geometry": { "type": "LineString", "coordinates": [ [ 144.957597896090988, -37.799542741321119 ], [ 144.95759732, -37.79954744 ], [ 144.957550240347871, -37.799933856419216 ] ] } },
{ "type": "Feature", "properties": { "from_stop": "Flemington Rd/Peel St #12", "to_stop": "Royal Melbourne Hospital/Flemington Rd #14", "minutes": 18.0, "tier": 30, "centre": "southern-cross", "MODE": "METRO TRAM" }, "geometry": { "type": "LineString", "coordinates": [ [ 144.954866560792937, -37.799501503110179 ], [ 144.95559452, -37.80008151 ], [ 144.956676640000012, -37.80093857 ], [ 144.956795449999987, -37.80103724 ], [ 144.956946639862224, -37.801151655143805 ] ] } },
{ "type": "Feature", "properties": { "from_stop": "Melbourne Zoo/Royal Park #26", "to_stop": "Royal Park Station/Royal Park #27", "minutes": 27.9, "tier": 30, "centre": "southern-cross", "MODE": "METRO TRAM" }, "geometry": { "type": "LineString", "coordinates": [ [ 144.951322192069227, -37.780732681491436 ], [ 144.95131487, -37.78074618 ], [ 144.95128778, -37.78078176 ], [ 144.95122307, -37.78083876 ], [ 144.951199339999988, -37.78085511 ], [ 144.95115137, -37.78088176 ], [ 144.951088559999988, -37.7809032 ], [ 144.95103298, -37.78091746 ], [ 144.95097530000001, -37.78092601 ], [ 144.95089219, -37.78093394 ], [ 144.9498998, -37.78102508 ], [ 144.94984885, -37.78103618 ], [ 144.94979122, -37.78105482 ], [ 144.94973149, -37.78108388 ], [ 144.94968592, -37.78111409 ], [ 144.94964969, -37.78114752 ], [ 144.94961545000001, -37.78118667 ], [ 144.94958874, -37.78122856 ], [ 144.94957061, -37.78127682 ], [ 144.94956122, -37.78133298 ], [ 144.94955975, -37.78139018 ], [ 144.94958195000001, -37.78195524 ], [ 144.94957928, -37.78200242 ], [ 144.949569239999988, -37.78205748 ], [ 144.94955447000001, -37.78211148 ], [ 144.949532979999987, -37.7821576 ], [ 144.9495042, -37.78220477 ], [ 144.94946185, -37.78226198 ], [ 144.949190393078737, -37.78259389076031 ] ] } },
{ "type": "Feature", "properties": { "from_stop": "Kooyong Rd/Glenhuntly Rd #49", "to_stop": "Royal Pde/Glenhuntly Rd #50", "minutes": 55.9, "tier": 60, "centre": "southern-cross", "MODE": "METRO TRAM" }, "geometry": { "type": "LineString", "coordinates": [ [ 145.018264707394138, -37.886452859429731 ], [ 145.015091103839495, -37.886060598936865 ] ] } },
{ "type": "Feature", "properties": { "from_stop": "Swanston St/Bourke St #6", "to_stop": "Russell St/Bourke St #7", "minutes": 11.1, "tier": 15, "centre": "southern-cross", "MODE": "METRO TRAM" }, "geometry": { "type": "LineString", "coordinates": [ [ 144.968342370080336, -37.812727345101173 ], [ 144.96833078, -37.8127307 ], [ 144.96764235, -37.81293204 ], [ 144.967079039999987, -37.81311418 ], [ 144.965896986657725, -37.813459950165139 ] ] } },
{ "type": "Feature", "properties": { "from_stop": "Swanston St/Flinders St #5", "to_stop": "Russell St/Flinders St #6", "minutes": 11.0, "tier": 15, "centre": "southern-cross", "MODE": "METRO TRAM" }, "geometry": { "type": "LineString", "coordinates": [ [ 144.970859550111697, -37.816476787910595 ], [ 144.9702823, -37.81664996 ], [ 144.97006765, -37.81671448 ], [ 144.96997864, -37.81673773 ], [ 144.96929411, -37.81693193 ], [ 144.96759327, -37.81744681 ], [ 144.96747636, -37.8174848 ], [ 144.967146315411924, -37.817599796789871 ] ] } },
{ "type": "Feature", "properties": { "from_stop": "Murray St/Pascoe Vale Rd #36", "to_stop": "Salisbury St/Pascoe Vale Rd #36", "minutes": 48.6, "tier": 60, "centre": "southern-cross", "MODE": "METRO TRAM" }, "geometry": { "type": "LineString", "coordinates": [ [ 144.926136311618222, -37.759872929871356 ], [ 144.92613766, -37.75986517 ], [ 144.926162938958186, -37.759719052594406 ] ] } },
{ "type": "Feature", "properties": { "from_stop": "Racing Victoria/Epsom Rd #31", "to_stop": "Sandown Rd/Epsom Rd #32", "minutes": 45.0, "tier": 45, "centre": "southern-cross", "MODE": "METRO TRAM" }, "geometry": { "type": "LineString", "coordinates": [ [ 144.916691479773334, -37.782606643140518 ], [ 144.91695385, -37.78288181 ], [ 144.917002739999987, -37.78293999 ], [ 144.91708585, -37.78304536 ], [ 144.91806817, -37.78405591 ], [ 144.918076445930751, -37.784064561637237 ] ] } },
{ "type": "Feature", "properties": { "from_stop": "Reid St/Nicholson St #17", "to_stop": "Scotchmer St/Nicholson St #18", "minutes": 20.0, "tier": 30, "centre": "southern-cross", "MODE": "METRO TRAM" }, "geometry": { "type": "LineString", "coordinates": [ [ 144.977076168311527, -37.785578139009203 ], [ 144.977078619999986, -37.78556151 ], [ 144.977138669999988, -37.78525001 ], [ 144.97716032, -37.78513061 ], [ 144.977242389999986, -37.78477344 ], [ 144.97735767, -37.78414333 ], [ 144.977483619999987, -37.78347619 ], [ 144.977540838215219, -37.783063198248676 ] ] } },
{ "type": "Feature", "properties": { "from_stop": "Alfred Cres/St Georges Rd #21", "to_stop": "Scotchmer St/St Georges Rd #22", "minutes": 29.9, "tier": 30, "centre": "southern-cross", "MODE": "METRO TRAM" }, "geometry": { "type": "LineString", "coordinates": [ [ 144.983972051305273, -37.783170962404881 ], [ 144.98396048, -37.78318449 ], [ 144.98209393, -37.78535727 ], [ 144.981981297056734, -37.785486366920075 ] ] } },
{ "type": "Feature", "properties": { "from_stop": "Glen Eira Rd/Brighton Rd #39", "to_stop": "Scott St/Brighton Rd #40", "minutes": 36.9, "tier": 45, "centre": "southern-cross", "MODE": "METRO TRAM" }, "geometry": { "type": "LineString", "coordinates": [ [ 144.993900495578657, -37.878942405373934 ], [ 144.993355220000012, -37.87804276 ], [ 144.99257344, -37.87680402 ], [ 144.99233336, -37.87641764 ], [ 144.99203934, -37.87595781 ], [ 144.992034435661338, -37.875949636326894 ] ] } },
{ "type": "Feature", "properties": { "from_stop": "McCutcheon St/High St #34", "to_stop": "Separation St/High St #33", "minutes": 42.0, "tier": 45, "centre": "southern-cross", "MODE": "METRO TRAM" }, "geometry": { "type": "LineString", "coordinates": [ [ 144.99928108, -37.7674732 ], [ 144.99917797, -37.76919272 ] ] } },
{ "type": "Feature", "properties": { "from_stop": "Raglan St/Plenty Rd #43", "to_stop": "Seymour St/Plenty Rd #44", "minutes": 53.1, "tier": 60, "centre": "southern-cross", "MODE": "METRO TRAM" }, "geometry": { "type": "LineString", "coordinates": [ [ 145.00374516, -37.74919929 ], [ 145.005160647010797, -37.747088610330799 ] ] } },
{ "type": "Feature", "properties": { "from_stop": "Grice Cres/Mt Alexander Rd #42", "to_stop": "Shamrock St/Mt Alexander Rd #42", "minutes": 58.8, "tier": 60, "centre": "southern-cross", "MODE": "METRO TRAM" }, "geometry": { "type": "LineString", "coordinates": [ [ 144.915825508108242, -37.752703815685365 ], [ 144.915805909999989, -37.75267086 ], [ 144.91567899, -37.75248613 ], [ 144.915674156474296, -37.752479144578722 ] ] } },
{ "type": "Feature", "properties": { "from_stop": "Orrong Rd/Glenhuntly Rd #46", "to_stop": "Shoobra Rd/Glenhuntly Rd #47", "minutes": 51.5, "tier": 60, "centre": "southern-cross", "MODE": "METRO TRAM" }, "geometry": { "type": "LineString", "coordinates": [ [ 145.009117500373918, -37.885350440866254 ], [ 145.00621909, -37.88499803 ], [ 145.006217972323952, -37.884997885978301 ] ] } },
{ "type": "Feature", "properties": { "from_stop": "Grant St-Police Memorial/St Kilda Rd #17", "to_stop": "Shrine of Remembrance/St Kilda Rd #19", "minutes": 15.5, "tier": 30, "centre": "southern-cross", "MODE": "METRO TRAM" }, "geometry": { "type": "LineString", "coordinates": [ [ 144.971294370740537, -37.828792720904303 ], [ 144.97140682, -37.82739171 ], [ 144.97141488, -37.82725929 ], [ 144.971411569999987, -37.82714334 ], [ 144.971400069999987, -37.82702419 ], [ 144.971275420000012, -37.82620738 ], [ 144.97124589, -37.82604114 ], [ 144.97120836, -37.8259055 ], [ 144.97106746, -37.82545429 ], [ 144.971015169999987, -37.82530172 ], [ 144.97096285, -37.82517141 ], [ 144.970816719999988, -37.82485294 ], [ 144.970545950920524, -37.824280406848104 ] ] } },
{ "type": "Feature", "properties": { "from_stop": "Vadlure Ave/Balaclava Rd #41", "to_stop": "Sidwell Ave/Balaclava Rd #42", "minutes": 41.9, "tier": 45, "centre": "southern-cross", "MODE": "METRO TRAM" }, "geometry": { "type": "LineString", "coordinates": [ [ 145.005305246213226, -37.870256282750091 ], [ 145.00259164, -37.86991649 ], [ 145.002590228490106, -37.869916313944863 ] ] } },
{ "type": "Feature", "properties": { "from_stop": "Jolimont Station-MCG/Wellington Pde #11", "to_stop": "Simpson St/Wellington Pde #13", "minutes": 20.4, "tier": 30, "centre": "southern-cross", "MODE": "METRO TRAM" }, "geometry": { "type": "LineString", "coordinates": [ [ 144.984774773771278, -37.816302948676316 ], [ 144.98478169, -37.81630369 ], [ 144.98501052, -37.81632689 ], [ 144.98527346, -37.81636609 ], [ 144.98602624, -37.81645953 ], [ 144.98697962, -37.81654919 ], [ 144.986982302972081, -37.816549504948462 ] ] } },
{ "type": "Feature", "properties": { "from_stop": "Napier St/Gertrude St #14", "to_stop": "Smith St/Gertrude St #15", "minutes": 16.9, "tier": 30, "centre": "southern-cross", "MODE": "METRO TRAM" }, "geometry": { "type": "LineString", "coordinates": [ [ 144.982654167292878, -37.806336743129513 ], [ 144.979813220000011, -37.80604028 ], [ 144.97944637, -37.806002 ], [ 144.979279077663961, -37.805983408902399 ] ] } },
{ "type": "Feature", "properties": { "from_stop": "Daly St/Dawson St #33", "to_stop": "Smith St/Melville Rd #34", "minutes": 33.6, "tier": 45, "centre": "southern-cross", "MODE": "METRO TRAM" }, "geometry": { "type": "LineString", "coordinates": [ [ 144.943258580575105, -37.767302297039365 ], [ 144.943258070000013, -37.76730564 ], [ 144.94308621, -37.76837874 ], [ 144.943057579999987, -37.76857586 ], [ 144.943055859999987, -37.76866676 ], [ 144.943069900000012, -37.76875812 ], [ 144.94308935, -37.76883479 ], [ 144.943114619999989, -37.76891003 ], [ 144.94315968, -37.76898417 ], [ 144.94320897, -37.7690491 ], [ 144.943327860000011, -37.76917518 ], [ 144.94338978, -37.76922637 ], [ 144.943470240000011, -37.76927689 ], [ 144.943555, -37.76932352 ], [ 144.94373904, -37.76939243 ], [ 144.9438423, -37.76941477 ], [ 144.94391811, -37.76942781 ], [ 144.944047649999987, -37.76944422 ], [ 144.944436745519596, -37.769489374250298 ] ] } },
{ "type": "Feature", "properties": { "from_stop": "Alexandra Pde/Smith St #21", "to_stop": "Smith St/Queens Pde #22", "minutes": 23.2, "tier": 30, "centre": "southern-cross", "MODE": "METRO TRAM" }, "geometry": { "type": "LineString", "coordinates": [ [ 144.986375181892697, -37.790525374562151 ], [ 144.98618249, -37.79060499 ], [ 144.986136429999988, -37.79062421 ], [ 144.98600936, -37.79068692 ], [ 144.985925040000012, -37.79074343 ], [ 144.98587208, -37.79078668 ], [ 144.98581986, -37.79083616 ], [ 144.985777250000012, -37.79088302 ], [ 144.985711259999988, -37.79098381 ], [ 144.9856868, -37.79103152 ], [ 144.98563959, -37.79115156 ], [ 144.98562744, -37.791202 ], [ 144.98549356, -37.79199599 ], [ 144.98521428, -37.79361902 ], [ 144.985142200000013, -37.79406099 ], [ 144.9851221596644, -37.794174756081709 ] ] } },
{ "type": "Feature", "properties": { "from_stop": "Lansdowne St/Victoria Pde #13", "to_stop": "Smith St/Victoria Pde #15", "minutes": 15.8, "tier": 30, "centre": "southern-cross", "MODE": "METRO TRAM" }, "geometry": { "type": "LineString", "coordinates": [ [ 144.978342898165437, -37.808443491040585 ], [ 144.97834957, -37.8084442 ], [ 144.98222246520794, -37.808855622253873 ] ] } },
{ "type": "Feature", "properties": { "from_stop": "Newmarket Plaza/Racecourse Rd #26", "to_stop": "Smithfield Rd/Racecourse Rd #28", "minutes": 38.8, "tier": 45, "centre": "southern-cross", "MODE": "METRO TRAM" }, "geometry": { "type": "LineString", "coordinates": [ [ 144.924946809635856, -37.787663044874606 ], [ 144.925152020000013, -37.78768279 ], [ 144.92526629, -37.78769778 ], [ 144.92814948, -37.78800438 ], [ 144.928150718744234, -37.788004511389332 ] ] } },
{ "type": "Feature", "properties": { "from_stop": "Bell St/Glenferrie Rd #58", "to_stop": "Sorrett Ave/Glenferrie Rd #58", "minutes": 57.7, "tier": 60, "centre": "southern-cross", "MODE": "METRO TRAM" }, "geometry": { "type": "LineString", "coordinates": [ [ 145.029656833340937, -37.854085165080683 ], [ 145.02965774, -37.85407915 ], [ 145.029657968863432, -37.854077625077608 ] ] } },
{ "type": "Feature", "properties": { "from_stop": "Nicholls St/Wattletree Rd #46", "to_stop": "Soudan St/Wattletree Rd #46", "minutes": 54.7, "tier": 60, "centre": "southern-cross", "MODE": "METRO TRAM" }, "geometry": { "type": "LineString", "coordinates": [ [ 145.0309542086965, -37.86269072534617 ], [ 145.031396114708826, -37.862747511178704 ] ] } },
{ "type": "Feature", "properties": { "from_stop": "Grantham St/Dawson St #31", "to_stop": "South Daly St/Dawson St #33", "minutes": 32.3, "tier": 45, "centre": "southern-cross", "MODE": "METRO TRAM" }, "geometry": { "type": "LineString", "coordinates": [ [ 144.949522919824176, -37.77012754246693 ], [ 144.94771019, -37.76990921 ], [ 144.94730284, -37.76986453 ], [ 144.94553159, -37.76964738 ], [ 144.945345922314544, -37.769625408671352 ] ] } },
{ "type": "Feature", "properties": { "from_stop": "City Rd/Light Rail #126", "to_stop": "South Melbourne Station/Light Rail #127", "minutes": 9.9, "tier": 15, "centre": "southern-cross", "MODE": "METRO TRAM" }, "geometry": { "type": "LineString", "coordinates": [ [ 144.954434566862034, -37.829551057249027 ], [ 144.95443455, -37.82955213 ], [ 144.954428150000012, -37.83019536 ], [ 144.9544694, -37.8305324 ], [ 144.95454751, -37.83093378 ], [ 144.95461938, -37.83121106 ], [ 144.95471563000001, -37.83151922 ], [ 144.95485039, -37.83184013 ], [ 144.95545572, -37.83315878 ], [ 144.955460610740857, -37.833169430286176 ] ] } },
{ "type": "Feature", "properties": { "from_stop": "Riversdale Rd/Glenferrie Rd #70", "to_stop": "South St/Glenferrie Rd #69", "minutes": 50.6, "tier": 60, "centre": "southern-cross", "MODE": "METRO TRAM" }, "geometry": { "type": "LineString", "coordinates": [ [ 145.034190937377076, -37.828999258174299 ], [ 145.033811070000013, -37.8311034 ], [ 145.033756629891343, -37.831404239410524 ] ] } },
{ "type": "Feature", "properties": { "from_stop": "Batman's Hill/Collins St #D15", "to_stop": "South Wharf/Wurundjeri Way #D5", "minutes": 0.3, "tier": 15, "centre": "southern-cross", "MODE": "METRO TRAM" }, "geometry": { "type": "LineString", "coordinates": [ [ 144.95013124, -37.82026621 ], [ 144.95121254, -37.82183505 ] ] } },
{ "type": "Feature", "properties": { "from_stop": "Punt Rd/Toorak Rd #125", "to_stop": "South Yarra Railway Station/Toorak Rd #127", "minutes": 35.5, "tier": 45, "centre": "southern-cross", "MODE": "METRO TRAM" }, "geometry": { "type": "LineString", "coordinates": [ [ 144.992171809932671, -37.839073754816667 ], [ 144.992170969999989, -37.83907365 ], [ 144.99164643, -37.83900702 ], [ 144.98975046000001, -37.83875171 ], [ 144.98952441, -37.83872379 ], [ 144.986749124957043, -37.838355675235476 ] ] } },
{ "type": "Feature", "properties": { "from_stop": "Port Junction/Whiteman St #125", "to_stop": "Southbank Tram Depot/Light Rail #125A", "minutes": 7.7, "tier": 15, "centre": "southern-cross", "MODE": "METRO TRAM" }, "geometry": { "type": "LineString", "coordinates": [ [ 144.956226633947921, -37.826099166520443 ], [ 144.956139650000011, -37.82617071 ], [ 144.956023460000011, -37.8262434 ], [ 144.95592933, -37.82630737 ], [ 144.955815230000013, -37.82639911 ], [ 144.9557881, -37.82642297 ], [ 144.95561042, -37.82660769 ], [ 144.95538896, -37.8268641 ], [ 144.95524727, -37.82705386 ], [ 144.95510467, -37.82725992 ], [ 144.95496996, -37.82748107 ], [ 144.954870559999989, -37.827674 ], [ 144.954812274624317, -37.827808796516315 ] ] } },
{ "type": "Feature", "properties": { "from_stop": "Southern Cross Station/Collins St #D14", "to_stop": "Southern Cross Railway Station/Spencer St #122", "minutes": 1.3, "tier": 15, "centre": "southern-cross", "MODE": "METRO TRAM" }, "geometry": { "type": "LineString", "coordinates": [ [ 144.952196775900887, -37.819615178790698 ], [ 144.95261229, -37.81949941 ], [ 144.95299993, -37.81939152 ], [ 144.954013733666812, -37.81909312891009 ] ] } },
{ "type": "Feature", "properties": { "from_stop": "Southern Cross Railway Station/Spencer St #122", "to_stop": "Spencer St/Bourke St #1", "minutes": 2.1, "tier": 15, "centre": "southern-cross", "MODE": "METRO TRAM" }, "geometry": { "type": "LineString", "coordinates": [ [ 144.953506053311258, -37.81703463491214 ], [ 144.953494009999986, -37.81703813 ], [ 144.953451800000011, -37.81705704 ], [ 144.95342022, -37.8170774 ], [ 144.95338858, -37.8171083 ], [ 144.95336329, -37.81714391 ], [ 144.95335126, -37.8172011 ], [ 144.95335325, -37.81723583 ], [ 144.953361159999986, -37.81727454 ], [ 144.953828257862227, -37.81830104577778 ] ] } },
{ "type": "Feature", "properties": { "from_stop": "Southern Cross Railway Station/Spencer St #122", "to_stop": "Spencer St/Collins St #1", "minutes": 2.0, "tier": 15, "centre": "southern-cross", "MODE": "METRO TRAM" }, "geometry": { "type": "LineString", "coordinates": [ [ 144.955048144371744, -37.818821929815947 ], [ 144.95504273, -37.8188235 ], [ 144.95433799, -37.8190279 ], [ 144.954295839999986, -37.8190524 ] ] } },
{ "type": "Feature", "properties": { "from_stop": "Batman Park/Spencer St #124", "to_stop": "Spencer St/Flinders St #1", "minutes": 3.3, "tier": 15, "centre": "southern-cross", "MODE": "METRO TRAM" }, "geometry": { "type": "LineString", "coordinates": [ [ 144.955231037864706, -37.821570642437337 ], [ 144.95522728, -37.82156303 ] ] } },
{ "type": "Feature", "properties": { "from_stop": "La Trobe St/Spencer St #119", "to_stop": "Spencer St/La Trobe St #1", "minutes": 6.9, "tier": 15, "centre": "southern-cross", "MODE": "METRO TRAM" }, "geometry": { "type": "LineString", "coordinates": [ [ 144.952566175120239, -37.812858642822086 ], [ 144.95255967, -37.81286053 ], [ 144.95210896, -37.81299121 ], [ 144.95170134, -37.81310406 ], [ 144.9516106, -37.8131361 ], [ 144.951437206164059, -37.813188229932216 ] ] } },
{ "type": "Feature", "properties": { "from_stop": "Bourke St/Spring St #0", "to_stop": "Spring St/Bourke St #9", "minutes": 10.6, "tier": 15, "centre": "southern-cross", "MODE": "METRO TRAM" }, "geometry": { "type": "Point", "coordinates": [ 144.97256053000001, -37.81150528 ] } },
{ "type": "Feature", "properties": { "from_stop": "Exhibition St/Collins St #7", "to_stop": "Spring St/Collins St #8", "minutes": 10.6, "tier": 15, "centre": "southern-cross", "MODE": "METRO TRAM" }, "geometry": { "type": "LineString", "coordinates": [ [ 144.973276772094806, -37.81352711945938 ], [ 144.97326598, -37.81353029 ], [ 144.970729001875554, -37.814274722622635 ] ] } },
{ "type": "Feature", "properties": { "from_stop": "Spring St/Collins St #8", "to_stop": "Spring St/Flinders St #8", "minutes": 12.8, "tier": 15, "centre": "southern-cross", "MODE": "METRO TRAM" }, "geometry": { "type": "LineString", "coordinates": [ [ 144.973953405571137, -37.81325067279451 ], [ 144.97402455, -37.81340592 ], [ 144.97407665, -37.81351541 ], [ 144.97442358, -37.81428792 ], [ 144.97478393, -37.8150393 ], [ 144.97480925, -37.81509399 ], [ 144.97482119, -37.81512681 ], [ 144.97482609, -37.81515943 ], [ 144.974824930000011, -37.81518509 ], [ 144.974820060000013, -37.81520952 ], [ 144.97481201, -37.81522984 ], [ 144.97478745, -37.81526808 ], [ 144.97477351, -37.81528334 ], [ 144.974728950000014, -37.81531772 ], [ 144.97467613, -37.81534267 ], [ 144.97464747, -37.81535236 ], [ 144.974548039995057, -37.815381678053676 ] ] } },
{ "type": "Feature", "properties": { "from_stop": "King William St/Brunswick St #14", "to_stop": "St David St/Brunswick St #15", "minutes": 18.0, "tier": 30, "centre": "southern-cross", "MODE": "METRO TRAM" }, "geometry": { "type": "LineString", "coordinates": [ [ 144.978118402458989, -37.800526656497034 ], [ 144.97811751, -37.80053192 ], [ 144.977750555197872, -37.802693578920881 ] ] } },
{ "type": "Feature", "properties": { "from_stop": "Thomas St/Cotham Rd #39", "to_stop": "St George's Hospital/Cotham Rd #40", "minutes": 58.7, "tier": 60, "centre": "southern-cross", "MODE": "METRO TRAM" }, "geometry": { "type": "LineString", "coordinates": [ [ 145.052901754367781, -37.809454956623739 ], [ 145.051630429999989, -37.8092982 ], [ 145.049754238890756, -37.80907411377752 ] ] } },
{ "type": "Feature", "properties": { "from_stop": "Hutton St/St Georges Rd #33", "to_stop": "St Georges Rd/Miller St #35", "minutes": 47.0, "tier": 60, "centre": "southern-cross", "MODE": "METRO TRAM" }, "geometry": { "type": "LineString", "coordinates": [ [ 144.99489476, -37.75226047 ], [ 144.99484304, -37.75243551 ], [ 144.99483615, -37.75250163 ], [ 144.994836709999987, -37.75252308 ], [ 144.994844050000012, -37.75257494 ], [ 144.99487917, -37.75272009 ], [ 144.99489297, -37.75281008 ], [ 144.99489648, -37.7528524 ], [ 144.99489685, -37.75290207 ], [ 144.99489058, -37.7529828 ], [ 144.994884140000011, -37.7530236 ], [ 144.994860280000012, -37.7531299 ], [ 144.99481412, -37.75326303 ], [ 144.99473995, -37.75350049 ], [ 144.99447079, -37.75429238 ], [ 144.994268580000011, -37.754904 ], [ 144.9942092, -37.75513144 ], [ 144.994144108729387, -37.755457088558799 ] ] } },
{ "type": "Feature", "properties": { "from_stop": "Abinger St/Church St #60", "to_stop": "St Ignatius Church/Church St #59", "minutes": 28.2, "tier": 30, "centre": "southern-cross", "MODE": "METRO TRAM" }, "geometry": { "type": "LineString", "coordinates": [ [ 144.9985753631573, -37.821844106518206 ], [ 144.99857666, -37.82183675 ], [ 144.99881706, -37.82047384 ], [ 144.99884318, -37.82031009 ], [ 144.998843608909652, -37.820307712371246 ] ] } },
{ "type": "Feature", "properties": { "from_stop": "Hawthorn Bridge/Bridge Rd #23", "to_stop": "St James Park/Burwood Rd #25", "minutes": 39.3, "tier": 45, "centre": "southern-cross", "MODE": "METRO TRAM" }, "geometry": { "type": "LineString", "coordinates": [ [ 145.021022441236738, -37.820909222335345 ], [ 145.02080715, -37.82087347 ], [ 145.02068078, -37.82085764 ], [ 145.01965171, -37.82073553 ], [ 145.018550620000013, -37.82061761 ], [ 145.017646320000011, -37.82050731 ], [ 145.01746922, -37.8204727 ], [ 145.01736933, -37.82044434 ], [ 145.01723242, -37.82039382 ], [ 145.017133949999987, -37.82035053 ], [ 145.01699839, -37.82028381 ], [ 145.016936930000014, -37.8202497 ], [ 145.0167904, -37.82015559 ], [ 145.016660800000011, -37.82006563 ], [ 145.016617919999987, -37.82004211 ], [ 145.01654932, -37.8200159 ], [ 145.016481989999988, -37.82000161 ], [ 145.01641211, -37.81999394 ], [ 145.016370914186552, -37.819993840796727 ] ] } },
{ "type": "Feature", "properties": { "from_stop": "St Kilda Rd/Fitzroy St #131", "to_stop": "St Kilda Junction/St Kilda Rd #30", "minutes": 26.2, "tier": 30, "centre": "southern-cross", "MODE": "METRO TRAM" }, "geometry": { "type": "LineString", "coordinates": [ [ 144.982961623191358, -37.85673463686777 ], [ 144.98290545, -37.85655033 ], [ 144.982839790000014, -37.85636149 ], [ 144.98274343, -37.85610201 ], [ 144.982495590000013, -37.8553999 ], [ 144.98246616536693, -37.855319608856604 ] ] } },
{ "type": "Feature", "properties": { "from_stop": "Brighton Rd/Carlisle St #35", "to_stop": "St Kilda Primary School/Brighton Rd #36", "minutes": 35.3, "tier": 45, "centre": "southern-cross", "MODE": "METRO TRAM" }, "geometry": { "type": "LineString", "coordinates": [ [ 144.988365204997166, -37.870109106583499 ], [ 144.98834487, -37.87007324 ], [ 144.98744958, -37.86864642 ], [ 144.987257822381679, -37.868349872695816 ] ] } },
{ "type": "Feature", "properties": { "from_stop": "Carlisle St/St Kilda Rd #35", "to_stop": "St Kilda Rd/Carlisle St #35", "minutes": 33.0, "tier": 45, "centre": "southern-cross", "MODE": "METRO TRAM" }, "geometry": { "type": "LineString", "coordinates": [ [ 144.986802957263194, -37.867542645760857 ], [ 144.98680518, -37.86754652 ], [ 144.98683248, -37.86759592 ], [ 144.986860794865407, -37.867640397183933 ] ] } },
{ "type": "Feature", "properties": { "from_stop": "Princes St/Fitzroy St #132", "to_stop": "St Kilda Rd/Fitzroy St #131", "minutes": 24.9, "tier": 30, "centre": "southern-cross", "MODE": "METRO TRAM" }, "geometry": { "type": "LineString", "coordinates": [ [ 144.982189298610876, -37.856941832979537 ], [ 144.98209469, -37.85698882 ], [ 144.982025639999989, -37.85702864 ], [ 144.980556870271982, -37.85790333410673 ] ] } },
{ "type": "Feature", "properties": { "from_stop": "Fraser St/Light Rail #131", "to_stop": "St Kilda Station/Fitzroy St #132", "minutes": 20.4, "tier": 30, "centre": "southern-cross", "MODE": "METRO TRAM" }, "geometry": { "type": "LineString", "coordinates": [ [ 144.977583026999582, -37.859334777053384 ], [ 144.977295489999989, -37.85902168 ], [ 144.97710668, -37.8588145 ], [ 144.97678707, -37.85851883 ], [ 144.97656282, -37.85831491 ], [ 144.975863010000012, -37.85768711 ], [ 144.97539375, -37.85726162 ], [ 144.97480116, -37.85674929 ], [ 144.97449839, -37.85649121 ], [ 144.97418466, -37.8562434 ], [ 144.97385997, -37.855968 ], [ 144.973535840000011, -37.85570558 ], [ 144.97321426, -37.85545817 ], [ 144.97181226, -37.85441813 ], [ 144.97118296, -37.8539658 ], [ 144.97108476, -37.85389517 ], [ 144.97101687, -37.85384263 ], [ 144.970985514292096, -37.853820208394609 ] ] } },
{ "type": "Feature", "properties": { "from_stop": "Carlisle St/St Kilda Rd #35", "to_stop": "St Kilda Town Hall/Carlisle St #36", "minutes": 32.9, "tier": 45, "centre": "southern-cross", "MODE": "METRO TRAM" }, "geometry": { "type": "LineString", "coordinates": [ [ 144.98680105, -37.86754374 ], [ 144.98868461, -37.86808962 ] ] } },
{ "type": "Feature", "properties": { "from_stop": "Union Rd/Maribyrnong Rd #37", "to_stop": "St Leonards Rd/Union Rd #36", "minutes": 50.8, "tier": 60, "centre": "southern-cross", "MODE": "METRO TRAM" }, "geometry": { "type": "LineString", "coordinates": [ [ 144.9159386, -37.7717056 ], [ 144.915942980000011, -37.77357111 ] ] } },
{ "type": "Feature", "properties": { "from_stop": "Dandenong Rd/Chapel St #42", "to_stop": "St Michaels Grammar School/Chapel St #41", "minutes": 36.4, "tier": 45, "centre": "southern-cross", "MODE": "METRO TRAM" }, "geometry": { "type": "LineString", "coordinates": [ [ 144.992254906877093, -37.857938491131527 ], [ 144.99199857, -37.85936607 ], [ 144.991966325479723, -37.859545660710502 ] ] } },
{ "type": "Feature", "properties": { "from_stop": "Bell St/Sydney Rd #34", "to_stop": "St Pauls Catholic Church/Sydney Rd #35", "minutes": 58.2, "tier": 60, "centre": "southern-cross", "MODE": "METRO TRAM" }, "geometry": { "type": "LineString", "coordinates": [ [ 144.966548324283082, -37.741484655901978 ], [ 144.966549429999986, -37.74147833 ], [ 144.96660089, -37.74120679 ], [ 144.96671278, -37.74057654 ], [ 144.96678334, -37.74015853 ], [ 144.96690435, -37.73949779 ], [ 144.96710481, -37.73836774 ], [ 144.96710839, -37.73830706 ], [ 144.96710808, -37.73824379 ], [ 144.967100890000012, -37.73817058 ], [ 144.96707497, -37.73806443 ], [ 144.96705139, -37.73799742 ], [ 144.96693044, -37.73773958 ], [ 144.966845499331441, -37.737540755532237 ] ] } },
{ "type": "Feature", "properties": { "from_stop": "Albert St/Gisborne St #11", "to_stop": "St Vincent Plaza/Victoria St  #12", "minutes": 13.1, "tier": 15, "centre": "southern-cross", "MODE": "METRO TRAM" }, "geometry": { "type": "LineString", "coordinates": [ [ 144.97572795, -37.80939028 ], [ 144.976351529999988, -37.80818441 ] ] } },
{ "type": "Feature", "properties": { "from_stop": "St Vincent Plaza/Victoria St  #12", "to_stop": "St Vincents Plaza/Victoria Pde #12", "minutes": 13.1, "tier": 15, "centre": "southern-cross", "MODE": "METRO TRAM" }, "geometry": { "type": "Point", "coordinates": [ 144.97633804, -37.80826672 ] } },
{ "type": "Feature", "properties": { "from_stop": "Harbour Esp/Collins St #D16", "to_stop": "Stadium Precinct - Bourke St/Harbour Esp #D3", "minutes": 3.6, "tier": 15, "centre": "southern-cross", "MODE": "METRO TRAM" }, "geometry": { "type": "LineString", "coordinates": [ [ 144.947395372765982, -37.820962440022903 ], [ 144.947378429999986, -37.82089648 ], [ 144.947263240000012, -37.82045749 ], [ 144.9472203, -37.82031409 ], [ 144.94719593, -37.82024661 ], [ 144.94711579, -37.82004732 ], [ 144.94689833000001, -37.81956437 ], [ 144.94679729, -37.81932416 ], [ 144.94646651, -37.81856907 ], [ 144.94642755000001, -37.81847061 ], [ 144.94634521, -37.81824442 ], [ 144.946261349999986, -37.81803623 ], [ 144.946178970914445, -37.817848694671746 ] ] } },
{ "type": "Feature", "properties": { "from_stop": "Elliott Ave/Royal Park #24", "to_stop": "State Netball Hockey Centre/Royal Park #25", "minutes": 25.1, "tier": 30, "centre": "southern-cross", "MODE": "METRO TRAM" }, "geometry": { "type": "LineString", "coordinates": [ [ 144.948793050599079, -37.784553626162349 ], [ 144.94964083, -37.78779482 ], [ 144.94970645, -37.78802558 ], [ 144.949706878590831, -37.788027201891069 ] ] } },
{ "type": "Feature", "properties": { "from_stop": "Harp Village/High St #40", "to_stop": "Station St/High St #41", "minutes": 52.1, "tier": 60, "centre": "southern-cross", "MODE": "METRO TRAM" }, "geometry": { "type": "LineString", "coordinates": [ [ 145.053904089822282, -37.797914889273812 ], [ 145.05388849, -37.7979218 ], [ 145.05372481, -37.79798749 ], [ 145.05215012, -37.79867565 ], [ 145.052063008393134, -37.798714912014454 ] ] } },
{ "type": "Feature", "properties": { "from_stop": "Burnley St/Swan St #14", "to_stop": "Stawell St/Swan St #15", "minutes": 36.0, "tier": 45, "centre": "southern-cross", "MODE": "METRO TRAM" }, "geometry": { "type": "LineString", "coordinates": [ [ 145.009790704512881, -37.826990973041255 ], [ 145.007367226390102, -37.826724833099 ] ] } },
{ "type": "Feature", "properties": { "from_stop": "Barkers Rd/High St #29", "to_stop": "Stevenson St/High St #31", "minutes": 39.4, "tier": 45, "centre": "southern-cross", "MODE": "METRO TRAM" }, "geometry": { "type": "LineString", "coordinates": [ [ 145.0262213470277, -37.810284911858652 ], [ 145.023732414023243, -37.812927449728626 ] ] } },
{ "type": "Feature", "properties": { "from_stop": "Blyth St/Lygon St #125", "to_stop": "Stewart St/Lygon St #126", "minutes": 35.8, "tier": 45, "centre": "southern-cross", "MODE": "METRO TRAM" }, "geometry": { "type": "LineString", "coordinates": [ [ 144.972552325264814, -37.766671267963666 ], [ 144.97255353, -37.76666449 ], [ 144.97279262, -37.76532143 ], [ 144.972955228516184, -37.764436599347093 ] ] } },
{ "type": "Feature", "properties": { "from_stop": "Blyth St/Sydney Rd #24", "to_stop": "Stewart St/Sydney Rd #25", "minutes": 37.7, "tier": 45, "centre": "southern-cross", "MODE": "METRO TRAM" }, "geometry": { "type": "LineString", "coordinates": [ [ 144.962407458316903, -37.765338019564787 ], [ 144.962767132896062, -37.763244730494534 ] ] } },
{ "type": "Feature", "properties": { "from_stop": "Moorakyne Ave/Glenferrie Rd #61", "to_stop": "Stonnington Pl/Glenferrie Rd #60", "minutes": 57.7, "tier": 60, "centre": "southern-cross", "MODE": "METRO TRAM" }, "geometry": { "type": "LineString", "coordinates": [ [ 145.030814585791518, -37.847719978345538 ], [ 145.03081212, -37.84773289 ], [ 145.03044105, -37.84966377 ], [ 145.030439042513308, -37.849675646686066 ] ] } },
{ "type": "Feature", "properties": { "from_stop": "Boundary Rd/Racecourse Rd #22", "to_stop": "Stubbs St/Racecourse Rd #23", "minutes": 29.9, "tier": 30, "centre": "southern-cross", "MODE": "METRO TRAM" }, "geometry": { "type": "LineString", "coordinates": [ [ 144.936577291903149, -37.788798329333929 ], [ 144.93657796, -37.7887984 ], [ 144.937240910000014, -37.7888713 ], [ 144.937747480000013, -37.7889164 ], [ 144.939851016420505, -37.789142136500338 ] ] } },
{ "type": "Feature", "properties": { "from_stop": "York St/Kings Way #117", "to_stop": "Sturt St/Kings Way #118", "minutes": 15.4, "tier": 30, "centre": "southern-cross", "MODE": "METRO TRAM" }, "geometry": { "type": "LineString", "coordinates": [ [ 144.96422972, -37.82976589 ], [ 144.96537541, -37.83107437 ] ] } },
{ "type": "Feature", "properties": { "from_stop": "Westbourne Gr/St Georges Rd #27", "to_stop": "Sumner Ave/St Georges Rd #28", "minutes": 37.7, "tier": 45, "centre": "southern-cross", "MODE": "METRO TRAM" }, "geometry": { "type": "LineString", "coordinates": [ [ 144.990190421069968, -37.773823256334701 ], [ 144.99019209, -37.77381522 ], [ 144.99021154, -37.77373426 ], [ 144.990637018794558, -37.771571341214575 ] ] } },
{ "type": "Feature", "properties": { "from_stop": "Malvern Rd/Chapel St #47", "to_stop": "Surrey Rd/Malvern Rd #32", "minutes": 37.1, "tier": 45, "centre": "southern-cross", "MODE": "METRO TRAM" }, "geometry": { "type": "LineString", "coordinates": [ [ 144.997796434217094, -37.847373149016597 ], [ 144.99674029, -37.84722892 ], [ 144.99588602, -37.84711543 ], [ 144.99499732000001, -37.84699314 ], [ 144.994229692382817, -37.846891486811607 ] ] } },
{ "type": "Feature", "properties": { "from_stop": "Swan Street Shopping Centre/Swan St #10", "to_stop": "Swan St/Church St #57", "minutes": 29.8, "tier": 30, "centre": "southern-cross", "MODE": "METRO TRAM" }, "geometry": { "type": "LineString", "coordinates": [ [ 144.99606330285792, -37.825451741765434 ], [ 144.996754439999989, -37.82552439 ], [ 144.99733516, -37.82558996 ], [ 144.99778322, -37.82564561 ], [ 144.997887500476054, -37.82565702428839 ] ] } },
{ "type": "Feature", "properties": { "from_stop": "Lennox St/Swan St #9", "to_stop": "Swan Street Shopping Centre/Swan St #10", "minutes": 28.3, "tier": 30, "centre": "southern-cross", "MODE": "METRO TRAM" }, "geometry": { "type": "LineString", "coordinates": [ [ 144.996059335980874, -37.825478633039467 ], [ 144.995959129999989, -37.82547048 ], [ 144.99507257, -37.8253714 ], [ 144.9945109, -37.82530722 ], [ 144.99420239, -37.82526718 ], [ 144.994118750000013, -37.82526386 ], [ 144.99348950000001, -37.82519483 ], [ 144.993489297984894, -37.825194806972263 ] ] } },
{ "type": "Feature", "properties": { "from_stop": "Bourke Street Mall/Swanston St #10", "to_stop": "Swanston St/Bourke St #6", "minutes": 9.4, "tier": 15, "centre": "southern-cross", "MODE": "METRO TRAM" }, "geometry": { "type": "LineString", "coordinates": [ [ 144.965896986657725, -37.813459950165139 ], [ 144.96588868, -37.81346238 ], [ 144.965680238748405, -37.813524946701641 ] ] } },
{ "type": "Feature", "properties": { "from_stop": "Flinders Street Railway Station/Elizabeth St #1", "to_stop": "Swanston St/Flinders St #5", "minutes": 7.6, "tier": 15, "centre": "southern-cross", "MODE": "METRO TRAM" }, "geometry": { "type": "LineString", "coordinates": [ [ 144.964903503192318, -37.818180824573027 ], [ 144.96510385, -37.81812106 ], [ 144.96567241, -37.81795984 ], [ 144.967120920000013, -37.81753382 ], [ 144.967124235084611, -37.817532817895298 ] ] } },
{ "type": "Feature", "properties": { "from_stop": "Glenhuntly Rd/Hawthorn Rd #57", "to_stop": "Sycamore St/Hawthorn Rd #58", "minutes": 58.4, "tier": 60, "centre": "southern-cross", "MODE": "METRO TRAM" }, "geometry": { "type": "LineString", "coordinates": [ [ 145.02137275741697, -37.889945779535736 ], [ 145.021374580000014, -37.8899357 ], [ 145.021919796581756, -37.887094484008735 ] ] } },
{ "type": "Feature", "properties": { "from_stop": "Moreland Rd/Sydney Rd #28", "to_stop": "Sydney Rd/Moreland Rd #132", "minutes": 44.5, "tier": 45, "centre": "southern-cross", "MODE": "METRO TRAM" }, "geometry": { "type": "Point", "coordinates": [ 144.96417835, -37.75528346 ] } },
{ "type": "Feature", "properties": { "from_stop": "Glen Eira Rd/Hawthorn Rd #54", "to_stop": "Sylverly Gr/Hawthorn Rd #55", "minutes": 55.1, "tier": 60, "centre": "southern-cross", "MODE": "METRO TRAM" }, "geometry": { "type": "LineString", "coordinates": [ [ 145.022787270677156, -37.882593286149991 ], [ 145.022788709999986, -37.88258561 ], [ 145.02298947, -37.88153263 ], [ 145.023171600000012, -37.88060648 ], [ 145.023260748538974, -37.880139027557334 ] ] } },
{ "type": "Feature", "properties": { "from_stop": "Murray Rd/Plenty Rd #49", "to_stop": "Sylvester Gr/Plenty Rd #50", "minutes": 59.7, "tier": 60, "centre": "southern-cross", "MODE": "METRO TRAM" }, "geometry": { "type": "LineString", "coordinates": [ [ 145.011422337155238, -37.738939223996411 ], [ 145.011426089999986, -37.73893447 ], [ 145.011438770000012, -37.7389145 ], [ 145.01151094, -37.73880027 ], [ 145.011562669999989, -37.73870751 ], [ 145.012466051738386, -37.736862167341663 ] ] } },
{ "type": "Feature", "properties": { "from_stop": "Westbury St/Dandenong Rd #34", "to_stop": "The Avenue/Dandenong Rd #34", "minutes": 38.4, "tier": 45, "centre": "southern-cross", "MODE": "METRO TRAM" }, "geometry": { "type": "LineString", "coordinates": [ [ 144.997537686774507, -37.858510681744349 ], [ 144.99722624432755, -37.858470015232335 ] ] } },
{ "type": "Feature", "properties": { "from_stop": "Moreland Rd/Nicholson St #129", "to_stop": "The Avenue/Nicholson St #130", "minutes": 42.7, "tier": 45, "centre": "southern-cross", "MODE": "METRO TRAM" }, "geometry": { "type": "LineString", "coordinates": [ [ 144.976031507480769, -37.753598031993072 ], [ 144.974937996258461, -37.756525892835995 ] ] } },
{ "type": "Feature", "properties": { "from_stop": "Moore St/Sydney Rd #29", "to_stop": "The Avenue/Sydney Rd #30", "minutes": 47.4, "tier": 60, "centre": "southern-cross", "MODE": "METRO TRAM" }, "geometry": { "type": "LineString", "coordinates": [ [ 144.964458626175514, -37.753488281688718 ], [ 144.964706579472107, -37.752085735278584 ] ] } },
{ "type": "Feature", "properties": { "from_stop": "Shamrock St/Mt Alexander Rd #42", "to_stop": "Thistle St/Mt Alexander Rd #43", "minutes": 59.7, "tier": 60, "centre": "southern-cross", "MODE": "METRO TRAM" }, "geometry": { "type": "LineString", "coordinates": [ [ 144.915674156474296, -37.752479144578722 ], [ 144.91440011, -37.75063789 ], [ 144.914399421548609, -37.750636859470752 ] ] } },
{ "type": "Feature", "properties": { "from_stop": "Florence Ave/Cotham Rd #39", "to_stop": "Thomas St/Cotham Rd #39", "minutes": 56.7, "tier": 60, "centre": "southern-cross", "MODE": "METRO TRAM" }, "geometry": { "type": "LineString", "coordinates": [ [ 145.049754238890756, -37.80907411377752 ], [ 145.04975337, -37.80907401 ], [ 145.049267433958875, -37.809015873315168 ] ] } },
{ "type": "Feature", "properties": { "from_stop": "Power St/Riversdale Rd #29", "to_stop": "Through St/Riversdale Rd #30", "minutes": 47.1, "tier": 60, "centre": "southern-cross", "MODE": "METRO TRAM" }, "geometry": { "type": "LineString", "coordinates": [ [ 145.025482511741103, -37.827352583305213 ], [ 145.02574708, -37.82761299 ], [ 145.02579859, -37.8276627 ], [ 145.02583415, -37.82769267 ], [ 145.02588499, -37.82772921 ], [ 145.02592869, -37.82775202 ], [ 145.02597326, -37.82776764 ], [ 145.02602678, -37.82778034 ], [ 145.02611825, -37.8277972 ], [ 145.02623305, -37.82781237 ], [ 145.02907353, -37.82813454 ], [ 145.02907665347584, -37.828134892886922 ] ] } },
{ "type": "Feature", "properties": { "from_stop": "Chapel St/Toorak Rd #128", "to_stop": "Tivoli Rd/Toorak Rd #129", "minutes": 40.4, "tier": 45, "centre": "southern-cross", "MODE": "METRO TRAM" }, "geometry": { "type": "LineString", "coordinates": [ [ 144.998672629927768, -37.839867010493876 ], [ 144.998114750000013, -37.83980236 ], [ 144.99714499000001, -37.83968052 ], [ 144.9962143, -37.83957673 ], [ 144.99576246, -37.83952307 ] ] } },
{ "type": "Feature", "properties": { "from_stop": "Chapel St/Toorak Rd #128", "to_stop": "Toorak Rd/Chapel St #50", "minutes": 38.3, "tier": 45, "centre": "southern-cross", "MODE": "METRO TRAM" }, "geometry": { "type": "LineString", "coordinates": [ [ 144.995567348177275, -37.839660892519433 ], [ 144.99556895, -37.83965306 ], [ 144.995586626926439, -37.839557771068783 ] ] } },
{ "type": "Feature", "properties": { "from_stop": "Glenbervie Rd/Toorak Rd #139", "to_stop": "Toorak Rd/Glenferrie Rd #63", "minutes": 53.4, "tier": 60, "centre": "southern-cross", "MODE": "METRO TRAM" }, "geometry": { "type": "LineString", "coordinates": [ [ 145.02981717, -37.84361542 ], [ 145.03143361, -37.84393985 ] ] } },
{ "type": "Feature", "properties": { "from_stop": "ANZAC Station/St Kilda Rd #20", "to_stop": "Toorak Rd/St Kilda Rd #22", "minutes": 20.8, "tier": 30, "centre": "southern-cross", "MODE": "METRO TRAM" }, "geometry": { "type": "LineString", "coordinates": [ [ 144.97251092162, -37.833009745814152 ], [ 144.97282143000001, -37.83322019 ], [ 144.97306416, -37.83338946 ], [ 144.97319102, -37.83347032 ], [ 144.973447889999989, -37.83361712 ], [ 144.97358626, -37.83369674 ], [ 144.97379772, -37.83383357 ], [ 144.97390538, -37.83391058 ], [ 144.974311949999986, -37.83428787 ], [ 144.97441708, -37.8343907 ], [ 144.974504919999987, -37.83449008 ], [ 144.97457922000001, -37.83458184 ], [ 144.974661239999989, -37.83469049 ], [ 144.97485376, -37.83498407 ], [ 144.97496475, -37.83516378 ], [ 144.97501863, -37.83525861 ], [ 144.975397579008131, -37.835952516521679 ] ] } },
{ "type": "Feature", "properties": { "from_stop": "Williams Rd/Toorak Rd #131", "to_stop": "Toorak Village/Toorak Rd #132", "minutes": 45.4, "tier": 60, "centre": "southern-cross", "MODE": "METRO TRAM" }, "geometry": { "type": "LineString", "coordinates": [ [ 145.005368757009933, -37.840651384057786 ], [ 145.008328690000013, -37.84100196 ], [ 145.008461311665002, -37.841017664709646 ] ] } },
{ "type": "Feature", "properties": { "from_stop": "Auburn Rd/Riversdale Rd #36", "to_stop": "Tooronga Rd/Riversdale Rd #37", "minutes": 56.2, "tier": 60, "centre": "southern-cross", "MODE": "METRO TRAM" }, "geometry": { "type": "LineString", "coordinates": [ [ 145.043497161216891, -37.829813962994699 ], [ 145.04349969, -37.82981426 ], [ 145.0441725, -37.82988906 ], [ 145.04659525, -37.83017224 ], [ 145.047632503027472, -37.830290112593197 ] ] } },
{ "type": "Feature", "properties": { "from_stop": "Dixon St/Wattletree Rd #48", "to_stop": "Tooronga Rd/Wattletree Rd #49", "minutes": 59.3, "tier": 60, "centre": "southern-cross", "MODE": "METRO TRAM" }, "geometry": { "type": "LineString", "coordinates": [ [ 145.037093858971616, -37.86349361848437 ], [ 145.03810452, -37.86362522 ], [ 145.03997808, -37.8638647 ], [ 145.040288268140728, -37.863901715062255 ] ] } },
{ "type": "Feature", "properties": { "from_stop": "Elizabeth St/Church St #64", "to_stop": "Tweedie Pl/Church St #63", "minutes": 26.2, "tier": 30, "centre": "southern-cross", "MODE": "METRO TRAM" }, "geometry": { "type": "LineString", "coordinates": [ [ 145.00016514, -37.81259249 ], [ 144.999880030000014, -37.81431791 ] ] } },
{ "type": "Feature", "properties": { "from_stop": "Maribyrnong Rd/Union Rd #37", "to_stop": "Union Rd/Maribyrnong Rd #37", "minutes": 50.8, "tier": 60, "centre": "southern-cross", "MODE": "METRO TRAM" }, "geometry": { "type": "LineString", "coordinates": [ [ 144.915938541188865, -37.771706092095648 ], [ 144.91594254, -37.77170657 ], [ 144.9160818179991, -37.771717136692423 ] ] } },
{ "type": "Feature", "properties": { "from_stop": "Heller St/Grantham St #29", "to_stop": "Union Square Shopping Centre/Grantham St #30", "minutes": 30.3, "tier": 45, "centre": "southern-cross", "MODE": "METRO TRAM" }, "geometry": { "type": "LineString", "coordinates": [ [ 144.949471679222654, -37.772245374962239 ], [ 144.94947015, -37.77225282 ], [ 144.94933555, -37.7729251 ], [ 144.94902314, -37.77462073 ], [ 144.948958638864781, -37.774953431807226 ] ] } },
{ "type": "Feature", "properties": { "from_stop": "Pakington St/High St #34", "to_stop": "Union St/High St #34", "minutes": 43.2, "tier": 45, "centre": "southern-cross", "MODE": "METRO TRAM" }, "geometry": { "type": "LineString", "coordinates": [ [ 145.0338543135951, -37.805663186111488 ], [ 145.03386493, -37.80565934 ], [ 145.034137205234146, -37.80556036603064 ] ] } },
{ "type": "Feature", "properties": { "from_stop": "High St/St Kilda Rd #27", "to_stop": "Union St/St Kilda Rd #29", "minutes": 28.0, "tier": 30, "centre": "southern-cross", "MODE": "METRO TRAM" }, "geometry": { "type": "LineString", "coordinates": [ [ 144.980540145177798, -37.849869035037401 ], [ 144.98054116, -37.84987175 ], [ 144.98064055, -37.85015687 ], [ 144.981687985823839, -37.853008756947482 ] ] } },
{ "type": "Feature", "properties": { "from_stop": "Glenferrie Rd/Riversdale Rd #32", "to_stop": "Urquhart St/Glenferrie Rd #71", "minutes": 51.1, "tier": 60, "centre": "southern-cross", "MODE": "METRO TRAM" }, "geometry": { "type": "LineString", "coordinates": [ [ 145.034732130317508, -37.826063377236096 ], [ 145.03425783, -37.82862873 ], [ 145.03422731714835, -37.828797745217585 ] ] } },
{ "type": "Feature", "properties": { "from_stop": "Empress Rd/Balaclava Rd #41", "to_stop": "Vadlure Ave/Balaclava Rd #41", "minutes": 41.5, "tier": 45, "centre": "southern-cross", "MODE": "METRO TRAM" }, "geometry": { "type": "LineString", "coordinates": [ [ 145.002590228490106, -37.869916313944863 ], [ 145.001567181080873, -37.869788711044215 ] ] } },
{ "type": "Feature", "properties": { "from_stop": "Kew Cemetery/High St #37", "to_stop": "Victoria Park/High St #38", "minutes": 48.1, "tier": 60, "centre": "southern-cross", "MODE": "METRO TRAM" }, "geometry": { "type": "LineString", "coordinates": [ [ 145.046005656679938, -37.801328634223758 ], [ 145.04496175, -37.80170097 ], [ 145.042632200000014, -37.80253913 ], [ 145.042593077642294, -37.802553205029724 ] ] } },
{ "type": "Feature", "properties": { "from_stop": "South Wharf/Wurundjeri Way #D5", "to_stop": "Victoria Police Centre/Flinders St #D6", "minutes": 2.1, "tier": 15, "centre": "southern-cross", "MODE": "METRO TRAM" }, "geometry": { "type": "LineString", "coordinates": [ [ 144.951219238113481, -37.821863001072984 ], [ 144.95122304, -37.82186209 ], [ 144.95137756, -37.82182423 ], [ 144.95147114, -37.821809 ], [ 144.95152313, -37.82180657 ], [ 144.95157971, -37.8218062 ], [ 144.95195879, -37.82182758 ], [ 144.95203132, -37.82183434 ], [ 144.9521574, -37.82183914 ], [ 144.95234252, -37.82184534 ], [ 144.95242198, -37.82183933 ], [ 144.952473450000014, -37.82183103 ], [ 144.95252226, -37.82181999 ], [ 144.95261227, -37.82179415 ], [ 144.952882890000012, -37.82171559 ], [ 144.953185036880711, -37.82162530988969 ] ] } },
{ "type": "Feature", "properties": { "from_stop": "Church St/Victoria St #21", "to_stop": "Victoria St/Church St #65", "minutes": 26.2, "tier": 30, "centre": "southern-cross", "MODE": "METRO TRAM" }, "geometry": { "type": "Point", "coordinates": [ 145.00059547, -37.81091522 ] } },
{ "type": "Feature", "properties": { "from_stop": "Errol St/Victoria St #11", "to_stop": "Victoria St/Errol St #11", "minutes": 17.0, "tier": 30, "centre": "southern-cross", "MODE": "METRO TRAM" }, "geometry": { "type": "LineString", "coordinates": [ [ 144.9493123299724, -37.804967010553128 ], [ 144.9493133, -37.80497049 ], [ 144.94932595, -37.80500577 ], [ 144.94933821, -37.80502644 ], [ 144.94935345, -37.80504626 ], [ 144.94939598, -37.80508971 ], [ 144.949422950000013, -37.80510839 ], [ 144.94945568, -37.80512401 ], [ 144.949465665262778, -37.805126815442961 ] ] } },
{ "type": "Feature", "properties": { "from_stop": "La Trobe St/Victoria St #9", "to_stop": "Victoria St/La Trobe St #9", "minutes": 13.7, "tier": 15, "centre": "southern-cross", "MODE": "METRO TRAM" }, "geometry": { "type": "LineString", "coordinates": [ [ 144.970975146487973, -37.807592467725144 ], [ 144.97097039, -37.80759174 ], [ 144.97092693, -37.80758631 ], [ 144.97086486, -37.80758389 ], [ 144.97080789, -37.80758633 ], [ 144.97072007, -37.80759942 ], [ 144.97059986, -37.8076297 ], [ 144.970285016479266, -37.807720498915423 ] ] } },
{ "type": "Feature", "properties": { "from_stop": "Albert St/Lygon St #123", "to_stop": "Victoria St/Lygon St #124", "minutes": 33.8, "tier": 45, "centre": "southern-cross", "MODE": "METRO TRAM" }, "geometry": { "type": "LineString", "coordinates": [ [ 144.972315422445575, -37.768215348823773 ], [ 144.972058260000011, -37.76964717 ], [ 144.972034158719708, -37.769795220721811 ] ] } },
{ "type": "Feature", "properties": { "from_stop": "Smith St/Melville Rd #34", "to_stop": "Victoria St/Melville Rd #35", "minutes": 34.6, "tier": 45, "centre": "southern-cross", "MODE": "METRO TRAM" }, "geometry": { "type": "LineString", "coordinates": [ [ 144.943816275723151, -37.764694143563247 ], [ 144.94381402, -37.76470616 ], [ 144.94361602, -37.76573564 ], [ 144.94359264, -37.76581741 ], [ 144.94351798, -37.76596381 ], [ 144.943467090000013, -37.7660753 ], [ 144.94344729, -37.76612632 ], [ 144.94343281, -37.76617771 ], [ 144.94342185, -37.7662333 ], [ 144.943258580575105, -37.767302297039365 ] ] } },
{ "type": "Feature", "properties": { "from_stop": "Peel St/Victoria St #8", "to_stop": "Victoria St/Peel St #10", "minutes": 13.3, "tier": 15, "centre": "southern-cross", "MODE": "METRO TRAM" }, "geometry": { "type": "LineString", "coordinates": [ [ 144.956219325476695, -37.80592366077579 ], [ 144.956217689999988, -37.80592348 ], [ 144.955969751019381, -37.805894488167638 ] ] } },
{ "type": "Feature", "properties": { "from_stop": "Collett St/Racecourse Rd #24", "to_stop": "Victoria St/Racecourse Rd #24", "minutes": 32.7, "tier": 45, "centre": "southern-cross", "MODE": "METRO TRAM" }, "geometry": { "type": "LineString", "coordinates": [ [ 144.933486547585034, -37.788471421190287 ], [ 144.93349369, -37.78847217 ], [ 144.933525122862733, -37.788475494722803 ] ] } },
{ "type": "Feature", "properties": { "from_stop": "Albert St/Sydney Rd #22", "to_stop": "Victoria St/Sydney Rd #23", "minutes": 35.9, "tier": 45, "centre": "southern-cross", "MODE": "METRO TRAM" }, "geometry": { "type": "LineString", "coordinates": [ [ 144.962130901347933, -37.767158059177191 ], [ 144.96185552, -37.76876266 ], [ 144.961821040701295, -37.768964153189764 ] ] } },
{ "type": "Feature", "properties": { "from_stop": "Gardiner Rd/Glenferrie Rd #67", "to_stop": "Vision Australia/Glenferrie Rd #66", "minutes": 54.8, "tier": 60, "centre": "southern-cross", "MODE": "METRO TRAM" }, "geometry": { "type": "LineString", "coordinates": [ [ 145.032500101937615, -37.838315521133431 ], [ 145.03269616, -37.83721309 ], [ 145.032981977706783, -37.835564201463193 ] ] } },
{ "type": "Feature", "properties": { "from_stop": "Leonard St/Royal Pde #15", "to_stop": "Visy Park/Royal Pde #16", "minutes": 26.0, "tier": 30, "centre": "southern-cross", "MODE": "METRO TRAM" }, "geometry": { "type": "LineString", "coordinates": [ [ 144.958980770317908, -37.787941258150354 ], [ 144.958981130000012, -37.78793822 ], [ 144.959010119999988, -37.78772253 ], [ 144.959360157913068, -37.784866110170746 ] ] } },
{ "type": "Feature", "properties": { "from_stop": "Clifton Hill Interchange/Queens Pde #25", "to_stop": "Walker St/High St #26", "minutes": 32.8, "tier": 45, "centre": "southern-cross", "MODE": "METRO TRAM" }, "geometry": { "type": "LineString", "coordinates": [ [ 144.994541592527668, -37.785671195155224 ], [ 144.99455236, -37.78566081 ], [ 144.99471032, -37.78550093 ], [ 144.994776769999987, -37.78544564 ], [ 144.99592773, -37.78433542 ], [ 144.99598964, -37.78425897 ], [ 144.99604822, -37.78416679 ], [ 144.996090290000012, -37.78407648 ], [ 144.99611976, -37.78398596 ], [ 144.996141990000012, -37.78389019 ], [ 144.996197280340425, -37.783574768248116 ] ] } },
{ "type": "Feature", "properties": { "from_stop": "Visy Park/Royal Pde #16", "to_stop": "Walker St/Royal Pde #16", "minutes": 26.3, "tier": 30, "centre": "southern-cross", "MODE": "METRO TRAM" }, "geometry": { "type": "LineString", "coordinates": [ [ 144.95943227669639, -37.78457975732239 ], [ 144.9594315, -37.78458598 ], [ 144.95939988, -37.78483118 ], [ 144.95939509495534, -37.7848703465176 ] ] } },
{ "type": "Feature", "properties": { "from_stop": "Fawkner Park/Toorak Rd #123", "to_stop": "Walsh St/Toorak Rd #124", "minutes": 29.2, "tier": 30, "centre": "southern-cross", "MODE": "METRO TRAM" }, "geometry": { "type": "LineString", "coordinates": [ [ 144.984575122109675, -37.838116680766802 ], [ 144.981777130000012, -37.83774908 ], [ 144.980706589376865, -37.837616133014926 ] ] } },
{ "type": "Feature", "properties": { "from_stop": "Epworth Hospital/Bridge Rd #15", "to_stop": "Waltham St/Bridge Rd #17", "minutes": 25.8, "tier": 30, "centre": "southern-cross", "MODE": "METRO TRAM" }, "geometry": { "type": "LineString", "coordinates": [ [ 144.996524609483117, -37.818289755459389 ], [ 144.99651963, -37.81828915 ], [ 144.99473637, -37.81808117 ], [ 144.993800135154999, -37.817977754579019 ] ] } },
{ "type": "Feature", "properties": { "from_stop": "Inkerman Rd/Hawthorn Rd #50", "to_stop": "Wanda Rd/Hawthorn Rd #49", "minutes": 51.1, "tier": 60, "centre": "southern-cross", "MODE": "METRO TRAM" }, "geometry": { "type": "LineString", "coordinates": [ [ 145.025244891705341, -37.869709313442229 ], [ 145.025246970000012, -37.86969799 ], [ 145.02544405, -37.86865187 ], [ 145.025569148751771, -37.868002053967764 ] ] } },
{ "type": "Feature", "properties": { "from_stop": "Vision Australia/Glenferrie Rd #66", "to_stop": "Warra St/Glenferrie Rd #65", "minutes": 54.8, "tier": 60, "centre": "southern-cross", "MODE": "METRO TRAM" }, "geometry": { "type": "LineString", "coordinates": [ [ 145.03261666, -37.83833625 ], [ 145.03213956, -37.84004052 ] ] } },
{ "type": "Feature", "properties": { "from_stop": "Middle St/Mt Alexander Rd #28", "to_stop": "Warrick St/Mt Alexander Rd #29", "minutes": 37.1, "tier": 45, "centre": "southern-cross", "MODE": "METRO TRAM" }, "geometry": { "type": "LineString", "coordinates": [ [ 144.928488508411647, -37.775575199324287 ], [ 144.92852116, -37.77562066 ], [ 144.92926115, -37.77675266 ], [ 144.92975794, -37.77749504 ], [ 144.929763765067548, -37.777503651702261 ] ] } },
{ "type": "Feature", "properties": { "from_stop": "NewQuay Prom/Docklands Dr #D10", "to_stop": "Waterfront City/Docklands Dr #D11", "minutes": 9.1, "tier": 15, "centre": "southern-cross", "MODE": "METRO TRAM" }, "geometry": { "type": "LineString", "coordinates": [ [ 144.938772269999987, -37.81437646 ], [ 144.93964882, -37.81404792 ], [ 144.9404514, -37.81373573 ], [ 144.94113077, -37.81348348 ], [ 144.941517687177907, -37.813335105089166 ] ] } },
{ "type": "Feature", "properties": { "from_stop": "Burwood Rd/Power St #27", "to_stop": "Wattle Rd/Power St #28", "minutes": 44.7, "tier": 45, "centre": "southern-cross", "MODE": "METRO TRAM" }, "geometry": { "type": "LineString", "coordinates": [ [ 145.026368891299001, -37.821764547664316 ], [ 145.025823186314852, -37.824770054242798 ] ] } },
{ "type": "Feature", "properties": { "from_stop": "Orrong Rd/Dandenong Rd #38", "to_stop": "Wattletree Rd/Dandenong Rd #40", "minutes": 47.5, "tier": 60, "centre": "southern-cross", "MODE": "METRO TRAM" }, "geometry": { "type": "LineString", "coordinates": [ [ 145.014697922591182, -37.860795985365243 ], [ 145.01342258, -37.86063061 ], [ 145.01120101, -37.86033707 ], [ 145.01083669, -37.86029126 ], [ 145.010835280408628, -37.860291074286891 ] ] } },
{ "type": "Feature", "properties": { "from_stop": "Malvern Railway Station/Glenferrie Rd #53", "to_stop": "Wattletree Rd/Glenferrie Rd #54", "minutes": 53.3, "tier": 60, "centre": "southern-cross", "MODE": "METRO TRAM" }, "geometry": { "type": "LineString", "coordinates": [ [ 145.027846282948502, -37.865275644020343 ], [ 145.02784781, -37.86526653 ], [ 145.02787147, -37.86511228 ], [ 145.02799918, -37.86435131 ], [ 145.028305077909607, -37.862485780698272 ] ] } },
{ "type": "Feature", "properties": { "from_stop": "Cotham Rd/Glenferrie Rd #80", "to_stop": "Wellington St/Glenferrie Rd #79", "minutes": 49.3, "tier": 60, "centre": "southern-cross", "MODE": "METRO TRAM" }, "geometry": { "type": "LineString", "coordinates": [ [ 145.038119374494755, -37.807911687803106 ], [ 145.03804152, -37.80831 ], [ 145.038008499999989, -37.80858359 ], [ 145.03775201, -37.80989261 ], [ 145.037712902657574, -37.810100925983591 ] ] } },
{ "type": "Feature", "properties": { "from_stop": "Mount Alexander College/Mt Alexander Rd #25", "to_stop": "Wellington St/Mt Alexander Rd #26", "minutes": 34.1, "tier": 45, "centre": "southern-cross", "MODE": "METRO TRAM" }, "geometry": { "type": "LineString", "coordinates": [ [ 144.932574632350622, -37.78116100545504 ], [ 144.93262686, -37.78122602 ], [ 144.933210949999989, -37.78192233 ], [ 144.93330189, -37.7820163 ], [ 144.93339573, -37.7821041 ], [ 144.93350164, -37.78218688 ], [ 144.933630709999989, -37.7822817 ], [ 144.93390899, -37.78247393 ], [ 144.933913805060342, -37.782477407153408 ] ] } },
{ "type": "Feature", "properties": { "from_stop": "Smith St/Queens Pde #22", "to_stop": "Wellington St/Queens Pde #23", "minutes": 24.2, "tier": 30, "centre": "southern-cross", "MODE": "METRO TRAM" }, "geometry": { "type": "LineString", "coordinates": [ [ 144.986362502171517, -37.790494676327022 ], [ 144.988760621241937, -37.789503481040981 ] ] } },
{ "type": "Feature", "properties": { "from_stop": "Victoria St/Racecourse Rd #24", "to_stop": "Wellington St/Racecourse Rd #25", "minutes": 34.7, "tier": 45, "centre": "southern-cross", "MODE": "METRO TRAM" }, "geometry": { "type": "LineString", "coordinates": [ [ 144.931225927987668, -37.788330688252238 ], [ 144.93122915, -37.78833103 ], [ 144.93170612, -37.78838258 ], [ 144.93180812, -37.78838951 ], [ 144.93194297, -37.7883834 ], [ 144.93217235, -37.78835084 ], [ 144.932216759999989, -37.78834612 ], [ 144.93227522, -37.78834697 ], [ 144.932362250000011, -37.78835355 ], [ 144.933486547585034, -37.788471421190287 ] ] } },
{ "type": "Feature", "properties": { "from_stop": "Smith St/Victoria Pde #15", "to_stop": "Wellington St/Victoria Pde #16", "minutes": 16.8, "tier": 30, "centre": "southern-cross", "MODE": "METRO TRAM" }, "geometry": { "type": "LineString", "coordinates": [ [ 144.986131658000431, -37.80931045647025 ], [ 144.98574138, -37.80926902 ], [ 144.983618650000011, -37.80903957 ], [ 144.98222117, -37.80889433 ], [ 144.982218403410258, -37.808894034417108 ] ] } },
{ "type": "Feature", "properties": { "from_stop": "Sturt St/Kings Way #118", "to_stop": "Wells St/Park St #119", "minutes": 17.4, "tier": 30, "centre": "southern-cross", "MODE": "METRO TRAM" }, "geometry": { "type": "LineString", "coordinates": [ [ 144.965425632925587, -37.831024967040541 ], [ 144.96607247, -37.83168254 ], [ 144.96742172, -37.8330367 ], [ 144.96762543, -37.83325262 ], [ 144.96766309, -37.83328778 ], [ 144.967685249999988, -37.83330421 ], [ 144.9677175, -37.83332153 ], [ 144.96778404, -37.83334818 ], [ 144.96781707, -37.83335767 ], [ 144.96786334, -37.83336487 ], [ 144.96791776, -37.83336509 ], [ 144.968001140000013, -37.83334949 ], [ 144.969821601883979, -37.832819027252683 ] ] } },
{ "type": "Feature", "properties": { "from_stop": "Clarke St/St Georges Rd #26", "to_stop": "Westbourne Gr/St Georges Rd #27", "minutes": 36.7, "tier": 45, "centre": "southern-cross", "MODE": "METRO TRAM" }, "geometry": { "type": "LineString", "coordinates": [ [ 144.990225682588999, -37.773830860831616 ], [ 144.99016115, -37.77413596 ], [ 144.9899092, -37.77536908 ], [ 144.98986227, -37.77558853 ], [ 144.98984529, -37.77573748 ], [ 144.98982529, -37.77588078 ], [ 144.989815949047681, -37.77593661791186 ] ] } },
{ "type": "Feature", "properties": { "from_stop": "Hornby St/Dandenong Rd #33", "to_stop": "Westbury St/Dandenong Rd #34", "minutes": 38.1, "tier": 45, "centre": "southern-cross", "MODE": "METRO TRAM" }, "geometry": { "type": "LineString", "coordinates": [ [ 144.99574837, -37.85827918 ], [ 144.99753805, -37.8585079 ] ] } },
{ "type": "Feature", "properties": { "from_stop": "Walker St/High St #26", "to_stop": "Westgarth St/High St #27", "minutes": 35.7, "tier": 45, "centre": "southern-cross", "MODE": "METRO TRAM" }, "geometry": { "type": "LineString", "coordinates": [ [ 144.996843831238664, -37.780315343515788 ], [ 144.99673536, -37.78088068 ], [ 144.99672995, -37.78090861 ], [ 144.996703090000011, -37.78120104 ], [ 144.996632260000013, -37.78154517 ], [ 144.99661745, -37.78162684 ], [ 144.99650495, -37.7821094 ], [ 144.99640671, -37.78261897 ], [ 144.996234925951597, -37.783581581140673 ] ] } },
{ "type": "Feature", "properties": { "from_stop": "Brunswick Rd/Lygon St #120", "to_stop": "Weston St/Lygon St #121", "minutes": 29.9, "tier": 30, "centre": "southern-cross", "MODE": "METRO TRAM" }, "geometry": { "type": "LineString", "coordinates": [ [ 144.971043154118746, -37.775678781549111 ], [ 144.97101521, -37.77585449 ], [ 144.971003700000011, -37.77603047 ], [ 144.97099455, -37.77625327 ], [ 144.97098269, -37.77637526 ], [ 144.97094144, -37.77671304 ], [ 144.97091896, -37.77689586 ], [ 144.97087048, -37.77722801 ], [ 144.97075027, -37.77811541 ], [ 144.970693334630965, -37.778464883397632 ] ] } },
{ "type": "Feature", "properties": { "from_stop": "Russell St/Flinders St #6", "to_stop": "William Barak Bridge/Melbourne Park #7A", "minutes": 16.5, "tier": 30, "centre": "southern-cross", "MODE": "METRO TRAM" }, "geometry": { "type": "LineString", "coordinates": [ [ 144.976210365220425, -37.818249747370736 ], [ 144.97618283, -37.8182519 ], [ 144.97581569, -37.81828848 ], [ 144.975685919999989, -37.81829833 ], [ 144.97553702, -37.8183137 ], [ 144.97550997, -37.81831396 ], [ 144.97548081, -37.81831291 ], [ 144.9754548, -37.81830832 ], [ 144.97542098, -37.818299 ], [ 144.97539034, -37.81828523 ], [ 144.975338920000013, -37.81825469 ], [ 144.9750358, -37.81803969 ], [ 144.974940550000014, -37.81797929 ], [ 144.97479311, -37.81789556 ], [ 144.97463364, -37.81781171 ], [ 144.97439724, -37.81769509 ], [ 144.97416789, -37.81757426 ], [ 144.97387275, -37.8174249 ], [ 144.97360735, -37.81728507 ], [ 144.9734906, -37.81721727 ], [ 144.97328407, -37.81708476 ], [ 144.973086919999986, -37.81692492 ], [ 144.97290587, -37.81676166 ], [ 144.972702, -37.81654034 ], [ 144.97263498, -37.81645294 ], [ 144.972584649999988, -37.81637836 ], [ 144.97246886, -37.81617631 ], [ 144.97245082, -37.81615482 ], [ 144.972428009999987, -37.81613298 ], [ 144.9723999, -37.8161142 ], [ 144.97237875, -37.81610248 ], [ 144.97232656, -37.81608347 ], [ 144.97228657, -37.8160753 ], [ 144.972235180000013, -37.81607297 ], [ 144.972186779999987, -37.81607728 ], [ 144.97213316, -37.81608996 ], [ 144.97157055, -37.81625834 ], [ 144.97126265, -37.81635586 ], [ 144.970859550111697, -37.816476787910595 ] ] } },
{ "type": "Feature", "properties": { "from_stop": "Bourke St/William St #5", "to_stop": "William St/Bourke St #3", "minutes": 4.9, "tier": 15, "centre": "southern-cross", "MODE": "METRO TRAM" }, "geometry": { "type": "LineString", "coordinates": [ [ 144.958273173255691, -37.815863958871851 ], [ 144.958171120934168, -37.815636515114065 ] ] } },
{ "type": "Feature", "properties": { "from_stop": "Collins St/William St #4", "to_stop": "William St/Collins St #3", "minutes": 4.4, "tier": 15, "centre": "southern-cross", "MODE": "METRO TRAM" }, "geometry": { "type": "LineString", "coordinates": [ [ 144.959140658923758, -37.817605079192134 ], [ 144.95917867, -37.8175927 ], [ 144.959405717179976, -37.817526639659853 ] ] } },
{ "type": "Feature", "properties": { "from_stop": "Victoria St/Peel St #10", "to_stop": "William St/Victoria St #9", "minutes": 15.0, "tier": 15, "centre": "southern-cross", "MODE": "METRO TRAM" }, "geometry": { "type": "LineString", "coordinates": [ [ 144.953913487951269, -37.805636524259015 ], [ 144.95574026, -37.80583877 ], [ 144.95586433, -37.80584949 ], [ 144.955959454456831, -37.805863419068039 ] ] } },
{ "type": "Feature", "properties": { "from_stop": "Westbury St/Dandenong Rd #34", "to_stop": "Williams Rd/Dandenong Rd #35", "minutes": 39.7, "tier": 45, "centre": "southern-cross", "MODE": "METRO TRAM" }, "geometry": { "type": "LineString", "coordinates": [ [ 145.001649402891275, -37.859068684822169 ], [ 145.001646060000013, -37.85906823 ], [ 144.99867662, -37.85866749 ], [ 144.99753775, -37.85851069 ], [ 144.997537686774507, -37.858510681744349 ] ] } },
{ "type": "Feature", "properties": { "from_stop": "Lewisham Rd/High St #34", "to_stop": "Williams Rd/High St #35", "minutes": 40.0, "tier": 45, "centre": "southern-cross", "MODE": "METRO TRAM" }, "geometry": { "type": "LineString", "coordinates": [ [ 144.999679838037395, -37.852692635912916 ], [ 145.00154966, -37.85294527 ], [ 145.002318059152714, -37.853052822353057 ] ] } },
{ "type": "Feature", "properties": { "from_stop": "Hobson St/Malvern Rd #33", "to_stop": "Williams Rd/Malvern Rd #34", "minutes": 41.6, "tier": 45, "centre": "southern-cross", "MODE": "METRO TRAM" }, "geometry": { "type": "LineString", "coordinates": [ [ 145.001166707336722, -37.84779796938777 ], [ 145.003043578584823, -37.848051544969152 ] ] } },
{ "type": "Feature", "properties": { "from_stop": "Hawksburn Rd/Toorak Rd #130", "to_stop": "Williams Rd/Toorak Rd #131", "minutes": 43.4, "tier": 45, "centre": "southern-cross", "MODE": "METRO TRAM" }, "geometry": { "type": "LineString", "coordinates": [ [ 145.005365111754571, -37.840682052992918 ], [ 145.00536424, -37.84068195 ], [ 145.00469014, -37.84060231 ], [ 145.002342013203219, -37.840314983940424 ] ] } },
{ "type": "Feature", "properties": { "from_stop": "Cliff St/Chapel St #48", "to_stop": "Wilson St/Chapel St #48", "minutes": 36.7, "tier": 45, "centre": "southern-cross", "MODE": "METRO TRAM" }, "geometry": { "type": "LineString", "coordinates": [ [ 144.994719615554516, -37.843846069847125 ], [ 144.99472197, -37.84383398 ], [ 144.994766965641162, -37.843612594338239 ] ] } },
{ "type": "Feature", "properties": { "from_stop": "Brighton Rd/Chapel St #36", "to_stop": "Wimbledon Ave/Brighton Rd #38", "minutes": 35.3, "tier": 45, "centre": "southern-cross", "MODE": "METRO TRAM" }, "geometry": { "type": "LineString", "coordinates": [ [ 144.989726749999988, -37.87115338 ], [ 144.9900777, -37.87288061 ] ] } },
{ "type": "Feature", "properties": { "from_stop": "Dandenong Rd/Chapel St #42", "to_stop": "Windsor Railway Station/Chapel St #43", "minutes": 35.0, "tier": 45, "centre": "southern-cross", "MODE": "METRO TRAM" }, "geometry": { "type": "LineString", "coordinates": [ [ 144.992154989999989, -37.85792055 ], [ 144.99245063, -37.8562404 ] ] } },
{ "type": "Feature", "properties": { "from_stop": "Irymple Ave/High St #42", "to_stop": "Woodlands Ave/High St #42", "minutes": 55.7, "tier": 60, "centre": "southern-cross", "MODE": "METRO TRAM" }, "geometry": { "type": "LineString", "coordinates": [ [ 145.057652502349157, -37.796280132370562 ], [ 145.05763932, -37.79628596 ], [ 145.05744723, -37.79636571 ], [ 145.05738108, -37.79638967 ], [ 145.057193039577896, -37.796473330034765 ] ] } },
{ "type": "Feature", "properties": { "from_stop": "Moreland Rd/Melville Rd #40", "to_stop": "Woodlands Ave/Melville Rd #41", "minutes": 40.6, "tier": 45, "centre": "southern-cross", "MODE": "METRO TRAM" }, "geometry": { "type": "LineString", "coordinates": [ [ 144.945759905373308, -37.75313666995671 ], [ 144.94638341000001, -37.74978597 ], [ 144.94644029, -37.74947353 ], [ 144.94644151, -37.74939244 ], [ 144.94643235, -37.74932532 ], [ 144.946407920000013, -37.74925271 ], [ 144.94637136, -37.74918332 ], [ 144.946328169999987, -37.74912408 ], [ 144.946169733906487, -37.748948696020264 ] ] } },
{ "type": "Feature", "properties": { "from_stop": "Darebin Rd/High St #36", "to_stop": "Woolton Ave/High St #37", "minutes": 44.3, "tier": 45, "centre": "southern-cross", "MODE": "METRO TRAM" }, "geometry": { "type": "LineString", "coordinates": [ [ 144.999783577362138, -37.763342298754843 ], [ 144.99978547, -37.76333144 ], [ 145.000089728828414, -37.761537232854927 ] ] } },
{ "type": "Feature", "properties": { "from_stop": "Orrong Rd/Toorak Rd #134", "to_stop": "Woorigoleen Rd/Toorak Rd #135", "minutes": 49.5, "tier": 60, "centre": "southern-cross", "MODE": "METRO TRAM" }, "geometry": { "type": "LineString", "coordinates": [ [ 145.017588119454047, -37.842120130129729 ], [ 145.01405571, -37.84171097 ], [ 145.014053567177484, -37.841710715747539 ] ] } },
{ "type": "Feature", "properties": { "from_stop": "Burnley St/Bridge Rd #21", "to_stop": "Yarra Bvd/Bridge Rd #22", "minutes": 34.5, "tier": 45, "centre": "southern-cross", "MODE": "METRO TRAM" }, "geometry": { "type": "LineString", "coordinates": [ [ 145.013959372010675, -37.820164373176361 ], [ 145.01341709, -37.82007682 ], [ 145.01330065, -37.82005557 ], [ 145.01290393, -37.81999661 ], [ 145.01257454, -37.81996032 ], [ 145.01194197, -37.81990188 ], [ 145.01086138, -37.81979144 ], [ 145.008867760850535, -37.819584840685074 ] ] } },
{ "type": "Feature", "properties": { "from_stop": "Madden Gr/Swan St #17", "to_stop": "Yarra Bvd/Swan St #18", "minutes": 44.1, "tier": 45, "centre": "southern-cross", "MODE": "METRO TRAM" }, "geometry": { "type": "LineString", "coordinates": [ [ 145.01954951370567, -37.826644424406588 ], [ 145.01823305, -37.82697686 ], [ 145.017127679999987, -37.82726168 ], [ 145.01683893, -37.82733981 ], [ 145.016501010000013, -37.82742145 ], [ 145.016499954847632, -37.827421691066547 ] ] } },
{ "type": "Feature", "properties": { "from_stop": "City Rd/Clarendon St #126", "to_stop": "York St/Clarendon St #127", "minutes": 9.3, "tier": 15, "centre": "southern-cross", "MODE": "METRO TRAM" }, "geometry": { "type": "LineString", "coordinates": [ [ 144.957915948673985, -37.827200945625179 ], [ 144.958114310000013, -37.82763144 ], [ 144.95832144, -37.82806805 ], [ 144.95857625, -37.82862146 ], [ 144.9586195, -37.82872188 ], [ 144.958811669999989, -37.82911181 ], [ 144.95906867, -37.82964787 ], [ 144.95926692, -37.83007306 ], [ 144.95952076, -37.83062916 ], [ 144.95965520581791, -37.830923320549786 ] ] } },
{ "type": "Feature", "properties": { "from_stop": "City Rd/Kings Way #116", "to_stop": "York St/Kings Way #117", "minutes": 15.4, "tier": 30, "centre": "southern-cross", "MODE": "METRO TRAM" }, "geometry": { "type": "LineString", "coordinates": [ [ 144.96418003507813, -37.829815054372283 ], [ 144.96391565, -37.82954787 ], [ 144.9638141, -37.82945194 ], [ 144.96063124, -37.82622381 ], [ 144.960622605201678, -37.8262150530715 ] ] } }
]
}
