{
"type": "FeatureCollection",
"name": "commute_times_metro_tram__southern-cross",
"crs": { "type": "name", "properties": { "name": "urn:ogc:def:crs:OGC:1.3:CRS84" } },
"features": [
{ "type": "Feature", "properties": { "STOP_NAME": "A'Beckett St/Malvern Rd #36", "minutes": 27.6, "tier": 30, "centre": "southern-cross", "MODE": "METRO TRAM" }, "geometry": { "type": "Point", "coordinates": [ 145.00999189, -37.84892332 ] } },
{ "type": "Feature", "properties": { "STOP_NAME": "ANZAC Station/St Kilda Rd #20", "minutes": 18.4, "tier": 30, "centre": "southern-cross", "MODE": "METRO TRAM" }, "geometry": { "type": "Point", "coordinates": [ 144.97237268, -37.83321372 ] } },
{ "type": "Feature", "properties": { "STOP_NAME": "Abbotsford St Interchange/Abbotsford St #19", "minutes": 22.4, "tier": 30, "centre": "southern-cross", "MODE": "METRO TRAM" }, "geometry": { "type": "Point", "coordinates": [ 144.94709559, -37.7941063 ] } },
{ "type": "Feature", "properties": { "STOP_NAME": "Abbotsford St/Queensberry St #14", "minutes": 17.2, "tier": 30, "centre": "southern-cross", "MODE": "METRO TRAM" }, "geometry": { "type": "Point", "coordinates": [ 144.94580241, -37.80266294 ] } },
{ "type": "Feature", "properties": { "STOP_NAME": "Abinger St/Church St #60", "minutes": 27.6, "tier": 30, "centre": "southern-cross", "MODE": "METRO TRAM" }, "geometry": { "type": "Point", "coordinates": [ 144.998809670000014, -37.82030159 ] } },
{ "type": "Feature", "properties": { "STOP_NAME": "Acheron Ave/Camberwell Rd #46", "minutes": 46.4, "tier": 60, "centre": "southern-cross", "MODE": "METRO TRAM" }, "geometry": { "type": "Point", "coordinates": [ 145.066304409999987, -37.83981361 ] } },
{ "type": "Feature", "properties": { "STOP_NAME": "Acland St/Fitzroy St #135", "minutes": 20.1, "tier": 30, "centre": "southern-cross", "MODE": "METRO TRAM" }, "geometry": { "type": "Point", "coordinates": [ 144.97341261, -37.86205113 ] } },
{ "type": "Feature", "properties": { "STOP_NAME": "Adelaide St/Church St #55", "minutes": 22.1, "tier": 30, "centre": "southern-cross", "MODE": "METRO TRAM" }, "geometry": { "type": "Point", "coordinates": [ 144.99726883, -37.82897177 ] } },
{ "type": "Feature", "properties": { "STOP_NAME": "Airlie Ave/High St #37", "minutes": 32.1, "tier": 45, "centre": "southern-cross", "MODE": "METRO TRAM" }, "geometry": { "type": "Point", "coordinates": [ 145.008654220000011, -37.85386619 ] } },
{ "type": "Feature", "properties": { "STOP_NAME": "Airport West/Matthews Ave #59", "minutes": 54.2, "tier": 60, "centre": "southern-cross", "MODE": "METRO TRAM" }, "geometry": { "type": "Point", "coordinates": [ 144.89056242, -37.71384002 ] } },
{ "type": "Feature", "properties": { "STOP_NAME": "Alandale St/Riversdale Rd #59", "minutes": 51.9, "tier": 60, "centre": "southern-cross", "MODE": "METRO TRAM" }, "geometry": { "type": "Point", "coordinates": [ 145.1046413, -37.83685934 ] } },
{ "type": "Feature", "properties": { "STOP_NAME": "Albany Rd/Malvern Rd #41", "minutes": 34.4, "tier": 45, "centre": "southern-cross", "MODE": "METRO TRAM" }, "geometry": { "type": "Point", "coordinates": [ 145.023955699999988, -37.85076266 ] } },
{ "type": "Feature", "properties": { "STOP_NAME": "Albert Park Station/Light Rail #128", "minutes": 11.1, "tier": 15, "centre": "southern-cross", "MODE": "METRO TRAM" }, "geometry": { "type": "Point", "coordinates": [ 144.95874885, -37.84023273 ] } },
{ "type": "Feature", "properties": { "STOP_NAME": "Albert Rd/Clarendon St #130", "minutes": 16.2, "tier": 30, "centre": "southern-cross", "MODE": "METRO TRAM" }, "geometry": { "type": "Point", "coordinates": [ 144.96336381, -37.83894288 ] } },
{ "type": "Feature", "properties": { "STOP_NAME": "Albert St/Gisborne St #11", "minutes": 15.3, "tier": 30, "centre": "southern-cross", "MODE": "METRO TRAM" }, "geometry": { "type": "Point", "coordinates": [ 144.97572795, -37.80939028 ] } },
{ "type": "Feature", "properties": { "STOP_NAME": "Albert St/Lygon St #123", "minutes": 37.8, "tier": 45, "centre": "southern-cross", "MODE": "METRO TRAM" }, "geometry": { "type": "Point", "coordinates": [ 144.97194969, -37.76978147 ] } },
{ "type": "Feature", "properties": { "STOP_NAME": "Albert St/Nicholson St #10", "minutes": 13.8, "tier": 15, "centre": "southern-cross", "MODE": "METRO TRAM" }, "geometry": { "type": "Point", "coordinates": [ 144.97294861, -37.8096759 ] } },
{ "type": "Feature", "properties": { "STOP_NAME": "Albert St/Nicholson St #22", "minutes": 29.8, "tier": 30, "centre": "southern-cross", "MODE": "METRO TRAM" }, "geometry": { "type": "Point", "coordinates": [ 144.97983374, -37.77042161 ] } },
{ "type": "Feature", "properties": { "STOP_NAME": "Albert St/Plenty Rd #55", "minutes": 59.8, "tier": 60, "centre": "southern-cross", "MODE": "METRO TRAM" }, "geometry": { "type": "Point", "coordinates": [ 145.02280629, -37.7255684 ] } },
{ "type": "Feature", "properties": { "STOP_NAME": "Albert St/Sydney Rd #22", "minutes": 34.9, "tier": 45, "centre": "southern-cross", "MODE": "METRO TRAM" }, "geometry": { "type": "Point", "coordinates": [ 144.961721149999988, -37.76894706 ] } },
{ "type": "Feature", "properties": { "STOP_NAME": "Albion St/Holmes St #127", "minutes": 37.4, "tier": 45, "centre": "southern-cross", "MODE": "METRO TRAM" }, "geometry": { "type": "Point", "coordinates": [ 144.97406103, -37.76188739 ] } },
{ "type": "Feature", "properties": { "STOP_NAME": "Albion St/Lygon St #127", "minutes": 39.0, "tier": 45, "centre": "southern-cross", "MODE": "METRO TRAM" }, "geometry": { "type": "Point", "coordinates": [ 144.973264629999989, -37.76236934 ] } },
{ "type": "Feature", "properties": { "STOP_NAME": "Albion St/Melville Rd #37", "minutes": 37.1, "tier": 45, "centre": "southern-cross", "MODE": "METRO TRAM" }, "geometry": { "type": "Point", "coordinates": [ 144.94499119, -37.75856317 ] } },
{ "type": "Feature", "properties": { "STOP_NAME": "Albion St/Sydney Rd #26", "minutes": 34.6, "tier": 45, "centre": "southern-cross", "MODE": "METRO TRAM" }, "geometry": { "type": "Point", "coordinates": [ 144.963086940000011, -37.76095918 ] } },
{ "type": "Feature", "properties": { "STOP_NAME": "Alexandra Pde/Brunswick St #18", "minutes": 29.1, "tier": 30, "centre": "southern-cross", "MODE": "METRO TRAM" }, "geometry": { "type": "Point", "coordinates": [ 144.97919049, -37.79362503 ] } },
{ "type": "Feature", "properties": { "STOP_NAME": "Alexandra Pde/Nicholson St #15", "minutes": 20.8, "tier": 30, "centre": "southern-cross", "MODE": "METRO TRAM" }, "geometry": { "type": "Point", "coordinates": [ 144.97592963, -37.79201901 ] } },
{ "type": "Feature", "properties": { "STOP_NAME": "Alexandra Pde/Smith St #21", "minutes": 29.4, "tier": 30, "centre": "southern-cross", "MODE": "METRO TRAM" }, "geometry": { "type": "Point", "coordinates": [ 144.985024540000012, -37.79415756 ] } },
{ "type": "Feature", "properties": { "STOP_NAME": "Alexandra St/Dandenong Rd #36", "minutes": 37.4, "tier": 45, "centre": "southern-cross", "MODE": "METRO TRAM" }, "geometry": { "type": "Point", "coordinates": [ 145.00429902, -37.85942478 ] } },
{ "type": "Feature", "properties": { "STOP_NAME": "Alfred Cres/St Georges Rd #21", "minutes": 32.3, "tier": 45, "centre": "southern-cross", "MODE": "METRO TRAM" }, "geometry": { "type": "Point", "coordinates": [ 144.98191198, -37.78542589 ] } },
{ "type": "Feature", "properties": { "STOP_NAME": "Alfred Hospital/Commercial Rd #26", "minutes": 34.0, "tier": 45, "centre": "southern-cross", "MODE": "METRO TRAM" }, "geometry": { "type": "Point", "coordinates": [ 144.98222463, -37.8452785 ] } },
{ "type": "Feature", "properties": { "STOP_NAME": "Alfred Rd/Toorak Rd #56", "minutes": 45.4, "tier": 60, "centre": "southern-cross", "MODE": "METRO TRAM" }, "geometry": { "type": "Point", "coordinates": [ 145.090056690000011, -37.84985309 ] } },
{ "type": "Feature", "properties": { "STOP_NAME": "Alfred Square/The Esplanade #136", "minutes": 20.1, "tier": 30, "centre": "southern-cross", "MODE": "METRO TRAM" }, "geometry": { "type": "Point", "coordinates": [ 144.97348556, -37.86519747 ] } },
{ "type": "Feature", "properties": { "STOP_NAME": "Allan Rd/Balaclava Rd #42", "minutes": 44.1, "tier": 45, "centre": "southern-cross", "MODE": "METRO TRAM" }, "geometry": { "type": "Point", "coordinates": [ 145.00558465, -37.87034177 ] } },
{ "type": "Feature", "properties": { "STOP_NAME": "Alma Rd/Chapel St #40", "minutes": 32.4, "tier": 45, "centre": "southern-cross", "MODE": "METRO TRAM" }, "geometry": { "type": "Point", "coordinates": [ 144.99151014, -37.86157733 ] } },
{ "type": "Feature", "properties": { "STOP_NAME": "Alma Rd/St Kilda Rd #32", "minutes": 28.0, "tier": 30, "centre": "southern-cross", "MODE": "METRO TRAM" }, "geometry": { "type": "Point", "coordinates": [ 144.98405254, -37.85994487 ] } },
{ "type": "Feature", "properties": { "STOP_NAME": "Anderson Rd/Burke Rd #56", "minutes": 42.4, "tier": 45, "centre": "southern-cross", "MODE": "METRO TRAM" }, "geometry": { "type": "Point", "coordinates": [ 145.054625820000012, -37.84185615 ] } },
{ "type": "Feature", "properties": { "STOP_NAME": "Anderson St/Wattletree Rd #50", "minutes": 40.0, "tier": 45, "centre": "southern-cross", "MODE": "METRO TRAM" }, "geometry": { "type": "Point", "coordinates": [ 145.043711980000012, -37.86438507 ] } },
{ "type": "Feature", "properties": { "STOP_NAME": "Arden St/Abbotsford St #15", "minutes": 19.8, "tier": 30, "centre": "southern-cross", "MODE": "METRO TRAM" }, "geometry": { "type": "Point", "coordinates": [ 144.945848579999989, -37.80099657 ] } },
{ "type": "Feature", "properties": { "STOP_NAME": "Argyle St/Chapel St #39", "minutes": 33.4, "tier": 45, "centre": "southern-cross", "MODE": "METRO TRAM" }, "geometry": { "type": "Point", "coordinates": [ 144.99118805, -37.8633922 ] } },
{ "type": "Feature", "properties": { "STOP_NAME": "Argyle St/St Kilda Rd #33", "minutes": 30.7, "tier": 45, "centre": "southern-cross", "MODE": "METRO TRAM" }, "geometry": { "type": "Point", "coordinates": [ 144.98489274, -37.86248255 ] } },
{ "type": "Feature", "properties": { "STOP_NAME": "Armadale St/Wattletree Rd #41", "minutes": 28.8, "tier": 30, "centre": "southern-cross", "MODE": "METRO TRAM" }, "geometry": { "type": "Point", "coordinates": [ 145.01779588, -37.86094153 ] } },
{ "type": "Feature", "properties": { "STOP_NAME": "Armadale Station/High St #40", "minutes": 24.6, "tier": 30, "centre": "southern-cross", "MODE": "METRO TRAM" }, "geometry": { "type": "Point", "coordinates": [ 145.01824739, -37.85511852 ] } },
{ "type": "Feature", "properties": { "STOP_NAME": "Armstrong St/Danks St #138", "minutes": 22.2, "tier": 30, "centre": "southern-cross", "MODE": "METRO TRAM" }, "geometry": { "type": "Point", "coordinates": [ 144.962452109999987, -37.85307549 ] } },
{ "type": "Feature", "properties": { "STOP_NAME": "Arthur St/Chapel St #49", "minutes": 22.6, "tier": 30, "centre": "southern-cross", "MODE": "METRO TRAM" }, "geometry": { "type": "Point", "coordinates": [ 144.99508634, -37.84201972 ] } },
{ "type": "Feature", "properties": { "STOP_NAME": "Arthur St/Hawthorn Rd #49", "minutes": 32.6, "tier": 45, "centre": "southern-cross", "MODE": "METRO TRAM" }, "geometry": { "type": "Point", "coordinates": [ 145.02575438, -37.86768993 ] } },
{ "type": "Feature", "properties": { "STOP_NAME": "Arthur St/St Kilda Rd #23", "minutes": 22.8, "tier": 30, "centre": "southern-cross", "MODE": "METRO TRAM" }, "geometry": { "type": "Point", "coordinates": [ 144.976570329999987, -37.8388552 ] } },
{ "type": "Feature", "properties": { "STOP_NAME": "Arthurton Rd/High St #33", "minutes": 29.9, "tier": 30, "centre": "southern-cross", "MODE": "METRO TRAM" }, "geometry": { "type": "Point", "coordinates": [ 144.99889957, -37.76941329 ] } },
{ "type": "Feature", "properties": { "STOP_NAME": "Arthurton Rd/St Georges Rd #29", "minutes": 41.6, "tier": 45, "centre": "southern-cross", "MODE": "METRO TRAM" }, "geometry": { "type": "Point", "coordinates": [ 144.9912371, -37.76855291 ] } },
{ "type": "Feature", "properties": { "STOP_NAME": "Arts Precinct/St Kilda Rd #14", "minutes": 12.0, "tier": 15, "centre": "southern-cross", "MODE": "METRO TRAM" }, "geometry": { "type": "Point", "coordinates": [ 144.96951422, -37.8218457 ] } },
{ "type": "Feature", "properties": { "STOP_NAME": "Arts Precinct/Sturt St #17", "minutes": 16.4, "tier": 30, "centre": "southern-cross", "MODE": "METRO TRAM" }, "geometry": { "type": "Point", "coordinates": [ 144.96722286, -37.82378874 ] } },
{ "type": "Feature", "properties": { "STOP_NAME": "Ascot Vale Rd/Maribyrnong Rd #34", "minutes": 32.5, "tier": 45, "centre": "southern-cross", "MODE": "METRO TRAM" }, "geometry": { "type": "Point", "coordinates": [ 144.923705180000013, -37.77247358 ] } },
{ "type": "Feature", "properties": { "STOP_NAME": "Auburn Gr/High St #39", "minutes": 28.4, "tier": 30, "centre": "southern-cross", "MODE": "METRO TRAM" }, "geometry": { "type": "Point", "coordinates": [ 145.01497429, -37.85468487 ] } },
{ "type": "Feature", "properties": { "STOP_NAME": "Auburn Rd/Riversdale Rd #36", "minutes": 32.7, "tier": 45, "centre": "southern-cross", "MODE": "METRO TRAM" }, "geometry": { "type": "Point", "coordinates": [ 145.043501600000013, -37.82977617 ] } },
{ "type": "Feature", "properties": { "STOP_NAME": "Bailey Ave/Dandenong Rd #44", "minutes": 33.2, "tier": 45, "centre": "southern-cross", "MODE": "METRO TRAM" }, "geometry": { "type": "Point", "coordinates": [ 145.02367658, -37.8646181 ] } },
{ "type": "Feature", "properties": { "STOP_NAME": "Baker St/Church St #64", "minutes": 30.7, "tier": 45, "centre": "southern-cross", "MODE": "METRO TRAM" }, "geometry": { "type": "Point", "coordinates": [ 145.00042416, -37.81225444 ] } },
{ "type": "Feature", "properties": { "STOP_NAME": "Balaclava Rd/Hawthorn Rd #51", "minutes": 36.0, "tier": 45, "centre": "southern-cross", "MODE": "METRO TRAM" }, "geometry": { "type": "Point", "coordinates": [ 145.0246038, -37.87288844 ] } },
{ "type": "Feature", "properties": { "STOP_NAME": "Balaclava Rd/Normanby Rd #55", "minutes": 31.9, "tier": 45, "centre": "southern-cross", "MODE": "METRO TRAM" }, "geometry": { "type": "Point", "coordinates": [ 145.038135329999989, -37.87449359 ] } },
{ "type": "Feature", "properties": { "STOP_NAME": "Balaclava Station/Carlisle St #38", "minutes": 28.3, "tier": 30, "centre": "southern-cross", "MODE": "METRO TRAM" }, "geometry": { "type": "Point", "coordinates": [ 144.9942354, -37.86880615 ] } },
{ "type": "Feature", "properties": { "STOP_NAME": "Ballantyne St/High St #39", "minutes": 46.8, "tier": 60, "centre": "southern-cross", "MODE": "METRO TRAM" }, "geometry": { "type": "Point", "coordinates": [ 145.00054929, -37.75832064 ] } },
{ "type": "Feature", "properties": { "STOP_NAME": "Ballarat Rd/Gordon St #58", "minutes": 27.1, "tier": 30, "centre": "southern-cross", "MODE": "METRO TRAM" }, "geometry": { "type": "Point", "coordinates": [ 144.88955432, -37.7904758 ] } },
{ "type": "Feature", "properties": { "STOP_NAME": "Balmain St/Church St #54", "minutes": 24.3, "tier": 30, "centre": "southern-cross", "MODE": "METRO TRAM" }, "geometry": { "type": "Point", "coordinates": [ 144.997118730000011, -37.83032098 ] } },
{ "type": "Feature", "properties": { "STOP_NAME": "Balwyn Rd/Doncaster Rd #51", "minutes": 59.3, "tier": 60, "centre": "southern-cross", "MODE": "METRO TRAM" }, "geometry": { "type": "Point", "coordinates": [ 145.08463121, -37.79464808 ] } },
{ "type": "Feature", "properties": { "STOP_NAME": "Bambra Rd/Glenhuntly Rd #54", "minutes": 44.0, "tier": 45, "centre": "southern-cross", "MODE": "METRO TRAM" }, "geometry": { "type": "Point", "coordinates": [ 145.02890048, -37.8878389 ] } },
{ "type": "Feature", "properties": { "STOP_NAME": "Barb St/Raleigh Rd #44", "minutes": 42.0, "tier": 45, "centre": "southern-cross", "MODE": "METRO TRAM" }, "geometry": { "type": "Point", "coordinates": [ 144.89198456, -37.76889124 ] } },
{ "type": "Feature", "properties": { "STOP_NAME": "Barkers Rd/Church St #26", "minutes": 36.4, "tier": 45, "centre": "southern-cross", "MODE": "METRO TRAM" }, "geometry": { "type": "Point", "coordinates": [ 145.02325235, -37.81325268 ] } },
{ "type": "Feature", "properties": { "STOP_NAME": "Barkers Rd/Glenferrie Rd #77", "minutes": 29.4, "tier": 30, "centre": "southern-cross", "MODE": "METRO TRAM" }, "geometry": { "type": "Point", "coordinates": [ 145.03671742, -37.81481171 ] } },
{ "type": "Feature", "properties": { "STOP_NAME": "Barkers Rd/High St #29", "minutes": 35.3, "tier": 45, "centre": "southern-cross", "MODE": "METRO TRAM" }, "geometry": { "type": "Point", "coordinates": [ 145.023771219999986, -37.812964 ] } },
{ "type": "Feature", "properties": { "STOP_NAME": "Barkly Square/Sydney Rd #20", "minutes": 31.4, "tier": 45, "centre": "southern-cross", "MODE": "METRO TRAM" }, "geometry": { "type": "Point", "coordinates": [ 144.96074181, -37.77484186 ] } },
{ "type": "Feature", "properties": { "STOP_NAME": "Barkly St/Carlisle St #33", "minutes": 27.4, "tier": 30, "centre": "southern-cross", "MODE": "METRO TRAM" }, "geometry": { "type": "Point", "coordinates": [ 144.98108473, -37.86706733 ] } },
{ "type": "Feature", "properties": { "STOP_NAME": "Barkly St/St Kilda Rd #31", "minutes": 26.9, "tier": 30, "centre": "southern-cross", "MODE": "METRO TRAM" }, "geometry": { "type": "Point", "coordinates": [ 144.98335622, -37.85796839 ] } },
{ "type": "Feature", "properties": { "STOP_NAME": "Barkly St/Toorak Rd #56", "minutes": 45.4, "tier": 60, "centre": "southern-cross", "MODE": "METRO TRAM" }, "geometry": { "type": "Point", "coordinates": [ 145.08959579, -37.84965636 ] } },
{ "type": "Feature", "properties": { "STOP_NAME": "Barrow St/Moreland Rd #130", "minutes": 44.4, "tier": 45, "centre": "southern-cross", "MODE": "METRO TRAM" }, "geometry": { "type": "Point", "coordinates": [ 144.97015253, -37.75620573 ] } },
{ "type": "Feature", "properties": { "STOP_NAME": "Batman Park/Spencer St #124", "minutes": 4.8, "tier": 15, "centre": "southern-cross", "MODE": "METRO TRAM" }, "geometry": { "type": "Point", "coordinates": [ 144.95526467, -37.82155404 ] } },
{ "type": "Feature", "properties": { "STOP_NAME": "Batman's Hill/Collins St #D15", "minutes": 1.3, "tier": 15, "centre": "southern-cross", "MODE": "METRO TRAM" }, "geometry": { "type": "Point", "coordinates": [ 144.95013124, -37.82026621 ] } },
{ "type": "Feature", "properties": { "STOP_NAME": "Beacon Cove/Light Rail #129", "minutes": 15.2, "tier": 30, "centre": "southern-cross", "MODE": "METRO TRAM" }, "geometry": { "type": "Point", "coordinates": [ 144.93281332, -37.84078946 ] } },
{ "type": "Feature", "properties": { "STOP_NAME": "Beaconsfield Pde/Victoria Ave #32", "minutes": 23.1, "tier": 30, "centre": "southern-cross", "MODE": "METRO TRAM" }, "geometry": { "type": "Point", "coordinates": [ 144.948728530000011, -37.84712372 ] } },
{ "type": "Feature", "properties": { "STOP_NAME": "Beatrice St/St Kilda Rd #26", "minutes": 27.4, "tier": 30, "centre": "southern-cross", "MODE": "METRO TRAM" }, "geometry": { "type": "Point", "coordinates": [ 144.97975537, -37.84789461 ] } },
{ "type": "Feature", "properties": { "STOP_NAME": "Belford St/Acland St #139", "minutes": 23.1, "tier": 30, "centre": "southern-cross", "MODE": "METRO TRAM" }, "geometry": { "type": "Point", "coordinates": [ 144.97994401, -37.86887714 ] } },
{ "type": "Feature", "properties": { "STOP_NAME": "Bell St/Brunswick St #15", "minutes": 22.3, "tier": 30, "centre": "southern-cross", "MODE": "METRO TRAM" }, "geometry": { "type": "Point", "coordinates": [ 144.978039239999987, -37.80044523 ] } },
{ "type": "Feature", "properties": { "STOP_NAME": "Bell St/Gilbert Rd #40", "minutes": 52.6, "tier": 60, "centre": "southern-cross", "MODE": "METRO TRAM" }, "geometry": { "type": "Point", "coordinates": [ 144.98902787, -37.74407502 ] } },
{ "type": "Feature", "properties": { "STOP_NAME": "Bell St/Glenferrie Rd #58", "minutes": 37.6, "tier": 45, "centre": "southern-cross", "MODE": "METRO TRAM" }, "geometry": { "type": "Point", "coordinates": [ 145.02958422, -37.85407422 ] } },
{ "type": "Feature", "properties": { "STOP_NAME": "Bell St/Melville Rd #45", "minutes": 44.1, "tier": 45, "centre": "southern-cross", "MODE": "METRO TRAM" }, "geometry": { "type": "Point", "coordinates": [ 144.94559222, -37.74011744 ] } },
{ "type": "Feature", "properties": { "STOP_NAME": "Bell St/Nicholson St #135", "minutes": 47.8, "tier": 60, "centre": "southern-cross", "MODE": "METRO TRAM" }, "geometry": { "type": "Point", "coordinates": [ 144.97813204, -37.74286119 ] } },
{ "type": "Feature", "properties": { "STOP_NAME": "Bell St/Plenty Rd #45", "minutes": 37.8, "tier": 45, "centre": "southern-cross", "MODE": "METRO TRAM" }, "geometry": { "type": "Point", "coordinates": [ 145.005994460000011, -37.74576022 ] } },
{ "type": "Feature", "properties": { "STOP_NAME": "Bell St/Sydney Rd #34", "minutes": 38.1, "tier": 45, "centre": "southern-cross", "MODE": "METRO TRAM" }, "geometry": { "type": "Point", "coordinates": [ 144.96646974, -37.74147092 ] } },
{ "type": "Feature", "properties": { "STOP_NAME": "Belmont Ave/Cotham Rd #37", "minutes": 37.3, "tier": 45, "centre": "southern-cross", "MODE": "METRO TRAM" }, "geometry": { "type": "Point", "coordinates": [ 145.04231278, -37.80811893 ] } },
{ "type": "Feature", "properties": { "STOP_NAME": "Belmont Ave/High St #50", "minutes": 41.9, "tier": 45, "centre": "southern-cross", "MODE": "METRO TRAM" }, "geometry": { "type": "Point", "coordinates": [ 145.04825465, -37.85894526 ] } },
{ "type": "Feature", "properties": { "STOP_NAME": "Belmont Ave/Malvern Rd #49", "minutes": 35.5, "tier": 45, "centre": "southern-cross", "MODE": "METRO TRAM" }, "geometry": { "type": "Point", "coordinates": [ 145.048417980000011, -37.85404554 ] } },
{ "type": "Feature", "properties": { "STOP_NAME": "Bendigo St/Malvern Rd #32", "minutes": 26.0, "tier": 30, "centre": "southern-cross", "MODE": "METRO TRAM" }, "geometry": { "type": "Point", "coordinates": [ 144.998041809999989, -37.84745004 ] } },
{ "type": "Feature", "properties": { "STOP_NAME": "Bent St/High St #34", "minutes": 32.8, "tier": 45, "centre": "southern-cross", "MODE": "METRO TRAM" }, "geometry": { "type": "Point", "coordinates": [ 144.99909564, -37.76761424 ] } },
{ "type": "Feature", "properties": { "STOP_NAME": "Benwerrin Reserve/Burwood Hwy #68", "minutes": 52.8, "tier": 60, "centre": "southern-cross", "MODE": "METRO TRAM" }, "geometry": { "type": "Point", "coordinates": [ 145.141880109999988, -37.85128631 ] } },
{ "type": "Feature", "properties": { "STOP_NAME": "Berkeley St/Riversdale Rd #33", "minutes": 33.4, "tier": 45, "centre": "southern-cross", "MODE": "METRO TRAM" }, "geometry": { "type": "Point", "coordinates": [ 145.037257509999989, -37.82915856 ] } },
{ "type": "Feature", "properties": { "STOP_NAME": "Beryl St/Toorak Rd #55", "minutes": 43.1, "tier": 45, "centre": "southern-cross", "MODE": "METRO TRAM" }, "geometry": { "type": "Point", "coordinates": [ 145.08725812, -37.84951927 ] } },
{ "type": "Feature", "properties": { "STOP_NAME": "Bickleigh St/Burke Rd #52", "minutes": 45.0, "tier": 45, "centre": "southern-cross", "MODE": "METRO TRAM" }, "geometry": { "type": "Point", "coordinates": [ 145.05322159, -37.84988051 ] } },
{ "type": "Feature", "properties": { "STOP_NAME": "Bird Ave/St Georges Rd #31", "minutes": 33.9, "tier": 45, "centre": "southern-cross", "MODE": "METRO TRAM" }, "geometry": { "type": "Point", "coordinates": [ 144.992493059999987, -37.7624102 ] } },
{ "type": "Feature", "properties": { "STOP_NAME": "Blackburn Rd/Burwood Hwy #70", "minutes": 58.8, "tier": 60, "centre": "southern-cross", "MODE": "METRO TRAM" }, "geometry": { "type": "Point", "coordinates": [ 145.151122109999989, -37.85257634 ] } },
{ "type": "Feature", "properties": { "STOP_NAME": "Bloomfield Rd/Union Rd #35", "minutes": 34.4, "tier": 45, "centre": "southern-cross", "MODE": "METRO TRAM" }, "geometry": { "type": "Point", "coordinates": [ 144.91555997, -37.77588936 ] } },
{ "type": "Feature", "properties": { "STOP_NAME": "Blyth St/Lygon St #125", "minutes": 38.8, "tier": 45, "centre": "southern-cross", "MODE": "METRO TRAM" }, "geometry": { "type": "Point", "coordinates": [ 144.97251166, -37.76666404 ] } },
{ "type": "Feature", "properties": { "STOP_NAME": "Blyth St/Nicholson St #23", "minutes": 30.8, "tier": 45, "centre": "southern-cross", "MODE": "METRO TRAM" }, "geometry": { "type": "Point", "coordinates": [ 144.98030232, -37.7669691 ] } },
{ "type": "Feature", "properties": { "STOP_NAME": "Blyth St/Sydney Rd #24", "minutes": 34.7, "tier": 45, "centre": "southern-cross", "MODE": "METRO TRAM" }, "geometry": { "type": "Point", "coordinates": [ 144.96251222, -37.76535602 ] } },
{ "type": "Feature", "properties": { "STOP_NAME": "Blythe St/High St #41", "minutes": 33.6, "tier": 45, "centre": "southern-cross", "MODE": "METRO TRAM" }, "geometry": { "type": "Point", "coordinates": [ 145.00123485, -37.75435803 ] } },
{ "type": "Feature", "properties": { "STOP_NAME": "Boldrewood Pde/Plenty Rd #55", "minutes": 59.8, "tier": 60, "centre": "southern-cross", "MODE": "METRO TRAM" }, "geometry": { "type": "Point", "coordinates": [ 145.02295731000001, -37.72543576 ] } },
{ "type": "Feature", "properties": { "STOP_NAME": "Booran Rd/Glenhuntly Rd #58", "minutes": 36.2, "tier": 45, "centre": "southern-cross", "MODE": "METRO TRAM" }, "geometry": { "type": "Point", "coordinates": [ 145.037808219999988, -37.88896104 ] } },
{ "type": "Feature", "properties": { "STOP_NAME": "Bosisto St/Bridge Rd #17", "minutes": 23.3, "tier": 30, "centre": "southern-cross", "MODE": "METRO TRAM" }, "geometry": { "type": "Point", "coordinates": [ 144.996547029999988, -37.8182715 ] } },
{ "type": "Feature", "properties": { "STOP_NAME": "Boundary Rd/Racecourse Rd #22", "minutes": 30.4, "tier": 45, "centre": "southern-cross", "MODE": "METRO TRAM" }, "geometry": { "type": "Point", "coordinates": [ 144.939852159999987, -37.78913148 ] } },
{ "type": "Feature", "properties": { "STOP_NAME": "Bourke St/Collins St #D18", "minutes": 4.4, "tier": 15, "centre": "southern-cross", "MODE": "METRO TRAM" }, "geometry": { "type": "Point", "coordinates": [ 144.942060379999987, -37.82085537 ] } },
{ "type": "Feature", "properties": { "STOP_NAME": "Bourke St/Spring St #0", "minutes": 14.0, "tier": 15, "centre": "southern-cross", "MODE": "METRO TRAM" }, "geometry": { "type": "Point", "coordinates": [ 144.97324638, -37.81166362 ] } },
{ "type": "Feature", "properties": { "STOP_NAME": "Bourke St/William St #5", "minutes": 4.2, "tier": 15, "centre": "southern-cross", "MODE": "METRO TRAM" }, "geometry": { "type": "Point", "coordinates": [ 144.95824997, -37.81587437 ] } },
{ "type": "Feature", "properties": { "STOP_NAME": "Bourke Street Mall/Elizabeth St #3", "minutes": 10.1, "tier": 15, "centre": "southern-cross", "MODE": "METRO TRAM" }, "geometry": { "type": "Point", "coordinates": [ 144.96275835, -37.81344719 ] } },
{ "type": "Feature", "properties": { "STOP_NAME": "Bourke Street Mall/Swanston St #10", "minutes": 9.3, "tier": 15, "centre": "southern-cross", "MODE": "METRO TRAM" }, "geometry": { "type": "Point", "coordinates": [ 144.965582289999986, -37.81319863 ] } },
{ "type": "Feature", "properties": { "STOP_NAME": "Bowen St/Camberwell Rd #45", "minutes": 39.7, "tier": 45, "centre": "southern-cross", "MODE": "METRO TRAM" }, "geometry": { "type": "Point", "coordinates": [ 145.06420043, -37.83770631 ] } },
{ "type": "Feature", "properties": { "STOP_NAME": "Bowen St/Maribyrnong Rd #39", "minutes": 36.4, "tier": 45, "centre": "southern-cross", "MODE": "METRO TRAM" }, "geometry": { "type": "Point", "coordinates": [ 144.909003070000011, -37.77086174 ] } },
{ "type": "Feature", "properties": { "STOP_NAME": "Box Hill Central/Whitehorse Rd #58", "minutes": 32.7, "tier": 45, "centre": "southern-cross", "MODE": "METRO TRAM" }, "geometry": { "type": "Point", "coordinates": [ 145.12207754, -37.81783515 ] } },
{ "type": "Feature", "properties": { "STOP_NAME": "Boyanda Rd/High St #52", "minutes": 35.9, "tier": 45, "centre": "southern-cross", "MODE": "METRO TRAM" }, "geometry": { "type": "Point", "coordinates": [ 145.05379528, -37.85961375 ] } },
{ "type": "Feature", "properties": { "STOP_NAME": "Bracken Ave/Miller St #36", "minutes": 50.2, "tier": 60, "centre": "southern-cross", "MODE": "METRO TRAM" }, "geometry": { "type": "Point", "coordinates": [ 144.99131409, -37.75144068 ] } },
{ "type": "Feature", "properties": { "STOP_NAME": "Bradshaw St/Keilor Rd #51", "minutes": 49.2, "tier": 60, "centre": "southern-cross", "MODE": "METRO TRAM" }, "geometry": { "type": "Point", "coordinates": [ 144.8959259, -37.73877237 ] } },
{ "type": "Feature", "properties": { "STOP_NAME": "Braille Library/Commercial Rd #28", "minutes": 30.2, "tier": 45, "centre": "southern-cross", "MODE": "METRO TRAM" }, "geometry": { "type": "Point", "coordinates": [ 144.9874126, -37.845899 ] } },
{ "type": "Feature", "properties": { "STOP_NAME": "Brearley Pde/Melville Rd #44", "minutes": 43.8, "tier": 45, "centre": "southern-cross", "MODE": "METRO TRAM" }, "geometry": { "type": "Point", "coordinates": [ 144.94540392, -37.7415921 ] } },
{ "type": "Feature", "properties": { "STOP_NAME": "Brewster St/Mt Alexander Rd #43", "minutes": 34.4, "tier": 45, "centre": "southern-cross", "MODE": "METRO TRAM" }, "geometry": { "type": "Point", "coordinates": [ 144.914226070000012, -37.7502273 ] } },
{ "type": "Feature", "properties": { "STOP_NAME": "Bridge Rd/Church St #61", "minutes": 25.4, "tier": 30, "centre": "southern-cross", "MODE": "METRO TRAM" }, "geometry": { "type": "Point", "coordinates": [ 144.99907934, -37.8187291 ] } },
{ "type": "Feature", "properties": { "STOP_NAME": "Bridport St/Montague St #28", "minutes": 16.3, "tier": 30, "centre": "southern-cross", "MODE": "METRO TRAM" }, "geometry": { "type": "Point", "coordinates": [ 144.955720899999989, -37.8404235 ] } },
{ "type": "Feature", "properties": { "STOP_NAME": "Bridport St/Victoria Ave #29", "minutes": 19.8, "tier": 30, "centre": "southern-cross", "MODE": "METRO TRAM" }, "geometry": { "type": "Point", "coordinates": [ 144.95333717, -37.84156261 ] } },
{ "type": "Feature", "properties": { "STOP_NAME": "Briggs St/Hawthorn Rd #56", "minutes": 49.0, "tier": 60, "centre": "southern-cross", "MODE": "METRO TRAM" }, "geometry": { "type": "Point", "coordinates": [ 145.02244251, -37.88483778 ] } },
{ "type": "Feature", "properties": { "STOP_NAME": "Brighton Rd/Carlisle St #35", "minutes": 34.1, "tier": 45, "centre": "southern-cross", "MODE": "METRO TRAM" }, "geometry": { "type": "Point", "coordinates": [ 144.9876731, -37.86808134 ] } },
{ "type": "Feature", "properties": { "STOP_NAME": "Brighton Rd/Chapel St #36", "minutes": 38.4, "tier": 45, "centre": "southern-cross", "MODE": "METRO TRAM" }, "geometry": { "type": "Point", "coordinates": [ 144.989726749999988, -37.87115338 ] } },
{ "type": "Feature", "properties": { "STOP_NAME": "Brighton Rd/Glenhuntly Rd #43", "minutes": 36.0, "tier": 45, "centre": "southern-cross", "MODE": "METRO TRAM" }, "geometry": { "type": "Point", "coordinates": [ 144.997578, -37.88390364 ] } },
{ "type": "Feature", "properties": { "STOP_NAME": "Brook St/Church St #25", "minutes": 41.5, "tier": 45, "centre": "southern-cross", "MODE": "METRO TRAM" }, "geometry": { "type": "Point", "coordinates": [ 145.0206025, -37.81592073 ] } },
{ "type": "Feature", "properties": { "STOP_NAME": "Bruce St/Gilbert Rd #41", "minutes": 55.0, "tier": 60, "centre": "southern-cross", "MODE": "METRO TRAM" }, "geometry": { "type": "Point", "coordinates": [ 144.98949972, -37.74131642 ] } },
{ "type": "Feature", "properties": { "STOP_NAME": "Brunning St/Brighton Rd #38", "minutes": 41.2, "tier": 45, "centre": "southern-cross", "MODE": "METRO TRAM" }, "geometry": { "type": "Point", "coordinates": [ 144.99012535, -37.87280032 ] } },
{ "type": "Feature", "properties": { "STOP_NAME": "Brunswick Baptist Church/Sydney Rd #24", "minutes": 34.2, "tier": 45, "centre": "southern-cross", "MODE": "METRO TRAM" }, "geometry": { "type": "Point", "coordinates": [ 144.9623018, -37.76557768 ] } },
{ "type": "Feature", "properties": { "STOP_NAME": "Brunswick Rd/Grantham St #29", "minutes": 28.1, "tier": 30, "centre": "southern-cross", "MODE": "METRO TRAM" }, "geometry": { "type": "Point", "coordinates": [ 144.94891503, -37.77553769 ] } },
{ "type": "Feature", "properties": { "STOP_NAME": "Brunswick Rd/Lygon St #120", "minutes": 31.6, "tier": 45, "centre": "southern-cross", "MODE": "METRO TRAM" }, "geometry": { "type": "Point", "coordinates": [ 144.97063402, -37.77845522 ] } },
{ "type": "Feature", "properties": { "STOP_NAME": "Brunswick Rd/Nicholson St #19", "minutes": 24.8, "tier": 30, "centre": "southern-cross", "MODE": "METRO TRAM" }, "geometry": { "type": "Point", "coordinates": [ 144.97822862000001, -37.77933381 ] } },
{ "type": "Feature", "properties": { "STOP_NAME": "Brunswick Rd/Sydney Rd #19", "minutes": 28.4, "tier": 30, "centre": "southern-cross", "MODE": "METRO TRAM" }, "geometry": { "type": "Point", "coordinates": [ 144.96026887, -37.77759128 ] } },
{ "type": "Feature", "properties": { "STOP_NAME": "Brunswick St/Gertrude St #13", "minutes": 18.3, "tier": 30, "centre": "southern-cross", "MODE": "METRO TRAM" }, "geometry": { "type": "Point", "coordinates": [ 144.97705664, -37.8056552 ] } },
{ "type": "Feature", "properties": { "STOP_NAME": "Brunswick Town Hall/Sydney Rd #21", "minutes": 34.3, "tier": 45, "centre": "southern-cross", "MODE": "METRO TRAM" }, "geometry": { "type": "Point", "coordinates": [ 144.96126113, -37.77164265 ] } },
{ "type": "Feature", "properties": { "STOP_NAME": "Brunswick Tram Depot/Sydney Rd #27", "minutes": 39.1, "tier": 45, "centre": "southern-cross", "MODE": "METRO TRAM" }, "geometry": { "type": "Point", "coordinates": [ 144.96363858, -37.75781457 ] } },
{ "type": "Feature", "properties": { "STOP_NAME": "Buchanan Ave/Doncaster Rd #49", "minutes": 58.3, "tier": 60, "centre": "southern-cross", "MODE": "METRO TRAM" }, "geometry": { "type": "Point", "coordinates": [ 145.07772198, -37.79394072 ] } },
{ "type": "Feature", "properties": { "STOP_NAME": "Buckley St/Pascoe Vale Rd #37", "minutes": 42.4, "tier": 45, "centre": "southern-cross", "MODE": "METRO TRAM" }, "geometry": { "type": "Point", "coordinates": [ 144.9263503, -37.75825454 ] } },
{ "type": "Feature", "properties": { "STOP_NAME": "Burke Rd/Camberwell Rd #41", "minutes": 35.0, "tier": 45, "centre": "southern-cross", "MODE": "METRO TRAM" }, "geometry": { "type": "Point", "coordinates": [ 145.05772312, -37.83208437 ] } },
{ "type": "Feature", "properties": { "STOP_NAME": "Burke Rd/Cotham Rd #42", "minutes": 39.7, "tier": 45, "centre": "southern-cross", "MODE": "METRO TRAM" }, "geometry": { "type": "Point", "coordinates": [ 145.060498380000013, -37.8102763 ] } },
{ "type": "Feature", "properties": { "STOP_NAME": "Burke Rd/Doncaster Rd #44", "minutes": 55.3, "tier": 60, "centre": "southern-cross", "MODE": "METRO TRAM" }, "geometry": { "type": "Point", "coordinates": [ 145.06426546, -37.79346799 ] } },
{ "type": "Feature", "properties": { "STOP_NAME": "Burke Rd/High St #44", "minutes": 57.0, "tier": 60, "centre": "southern-cross", "MODE": "METRO TRAM" }, "geometry": { "type": "Point", "coordinates": [ 145.06366194, -37.79353016 ] } },
{ "type": "Feature", "properties": { "STOP_NAME": "Burke Rd/High St #51", "minutes": 37.8, "tier": 45, "centre": "southern-cross", "MODE": "METRO TRAM" }, "geometry": { "type": "Point", "coordinates": [ 145.05121170000001, -37.85930967 ] } },
{ "type": "Feature", "properties": { "STOP_NAME": "Burke Rd/Malvern Rd #50", "minutes": 31.9, "tier": 45, "centre": "southern-cross", "MODE": "METRO TRAM" }, "geometry": { "type": "Point", "coordinates": [ 145.05149082, -37.85432174 ] } },
{ "type": "Feature", "properties": { "STOP_NAME": "Burke Rd/Wattletree Rd #52", "minutes": 42.0, "tier": 45, "centre": "southern-cross", "MODE": "METRO TRAM" }, "geometry": { "type": "Point", "coordinates": [ 145.05007082, -37.86507635 ] } },
{ "type": "Feature", "properties": { "STOP_NAME": "Burke Rd/Waverley Rd #60", "minutes": 34.0, "tier": 45, "centre": "southern-cross", "MODE": "METRO TRAM" }, "geometry": { "type": "Point", "coordinates": [ 145.04832621, -37.87605084 ] } },
{ "type": "Feature", "properties": { "STOP_NAME": "Burke Rd/Whitehorse Rd #42", "minutes": 39.7, "tier": 45, "centre": "southern-cross", "MODE": "METRO TRAM" }, "geometry": { "type": "Point", "coordinates": [ 145.06085747, -37.81044443 ] } },
{ "type": "Feature", "properties": { "STOP_NAME": "Burnley St/Bridge Rd #21", "minutes": 29.5, "tier": 30, "centre": "southern-cross", "MODE": "METRO TRAM" }, "geometry": { "type": "Point", "coordinates": [ 145.00887293, -37.81953496 ] } },
{ "type": "Feature", "properties": { "STOP_NAME": "Burnley St/Swan St #14", "minutes": 16.6, "tier": 30, "centre": "southern-cross", "MODE": "METRO TRAM" }, "geometry": { "type": "Point", "coordinates": [ 145.00735997000001, -37.82679091 ] } },
{ "type": "Feature", "properties": { "STOP_NAME": "Burnley St/Victoria St #24", "minutes": 32.3, "tier": 45, "centre": "southern-cross", "MODE": "METRO TRAM" }, "geometry": { "type": "Point", "coordinates": [ 145.01038534, -37.81144088 ] } },
{ "type": "Feature", "properties": { "STOP_NAME": "Burrowes St/Union Rd #34", "minutes": 41.0, "tier": 45, "centre": "southern-cross", "MODE": "METRO TRAM" }, "geometry": { "type": "Point", "coordinates": [ 144.91494943, -37.77862713 ] } },
{ "type": "Feature", "properties": { "STOP_NAME": "Burwood Rd/Glenferrie Rd #73", "minutes": 20.8, "tier": 30, "centre": "southern-cross", "MODE": "METRO TRAM" }, "geometry": { "type": "Point", "coordinates": [ 145.03526982, -37.82270898 ] } },
{ "type": "Feature", "properties": { "STOP_NAME": "Burwood Rd/Power St #27", "minutes": 21.1, "tier": 30, "centre": "southern-cross", "MODE": "METRO TRAM" }, "geometry": { "type": "Point", "coordinates": [ 145.02627489, -37.82174748 ] } },
{ "type": "Feature", "properties": { "STOP_NAME": "Cabrini Hospital/Wattletree Rd #47", "minutes": 33.7, "tier": 45, "centre": "southern-cross", "MODE": "METRO TRAM" }, "geometry": { "type": "Point", "coordinates": [ 145.03385529, -37.86314842 ] } },
{ "type": "Feature", "properties": { "STOP_NAME": "Callantina Rd/Glenferrie Rd #68", "minutes": 35.4, "tier": 45, "centre": "southern-cross", "MODE": "METRO TRAM" }, "geometry": { "type": "Point", "coordinates": [ 145.03330384, -37.83342728 ] } },
{ "type": "Feature", "properties": { "STOP_NAME": "Camberwell Civic Centre/Camberwell Rd #43", "minutes": 37.0, "tier": 45, "centre": "southern-cross", "MODE": "METRO TRAM" }, "geometry": { "type": "Point", "coordinates": [ 145.06063508, -37.83456557 ] } },
{ "type": "Feature", "properties": { "STOP_NAME": "Camberwell Girls Grammar/Burke Rd #67", "minutes": 33.4, "tier": 45, "centre": "southern-cross", "MODE": "METRO TRAM" }, "geometry": { "type": "Point", "coordinates": [ 145.059053909999989, -37.8185885 ] } },
{ "type": "Feature", "properties": { "STOP_NAME": "Camberwell Junction/Burke Rd #61", "minutes": 32.4, "tier": 45, "centre": "southern-cross", "MODE": "METRO TRAM" }, "geometry": { "type": "Point", "coordinates": [ 145.056840279999989, -37.83108751 ] } },
{ "type": "Feature", "properties": { "STOP_NAME": "Camberwell Junction/Camberwell Rd #40", "minutes": 33.7, "tier": 45, "centre": "southern-cross", "MODE": "METRO TRAM" }, "geometry": { "type": "Point", "coordinates": [ 145.05692926, -37.83159364 ] } },
{ "type": "Feature", "properties": { "STOP_NAME": "Camberwell Junction/Riversdale Rd #40", "minutes": 33.6, "tier": 45, "centre": "southern-cross", "MODE": "METRO TRAM" }, "geometry": { "type": "Point", "coordinates": [ 145.05642645, -37.83126992 ] } },
{ "type": "Feature", "properties": { "STOP_NAME": "Camberwell Market/Riversdale Rd #41", "minutes": 33.9, "tier": 45, "centre": "southern-cross", "MODE": "METRO TRAM" }, "geometry": { "type": "Point", "coordinates": [ 145.05762726, -37.83140689 ] } },
{ "type": "Feature", "properties": { "STOP_NAME": "Camberwell Primary School/Camberwell Rd #42", "minutes": 34.8, "tier": 45, "centre": "southern-cross", "MODE": "METRO TRAM" }, "geometry": { "type": "Point", "coordinates": [ 145.058868139999987, -37.8330495 ] } },
{ "type": "Feature", "properties": { "STOP_NAME": "Camberwell Shopping Centre/Burke Rd #62", "minutes": 31.3, "tier": 45, "centre": "southern-cross", "MODE": "METRO TRAM" }, "geometry": { "type": "Point", "coordinates": [ 145.05681801, -37.83020398 ] } },
{ "type": "Feature", "properties": { "STOP_NAME": "Camberwell Station/Burke Rd #64", "minutes": 26.1, "tier": 30, "centre": "southern-cross", "MODE": "METRO TRAM" }, "geometry": { "type": "Point", "coordinates": [ 145.057631289999989, -37.82605391 ] } },
{ "type": "Feature", "properties": { "STOP_NAME": "Camberwell Tram Depot/Riversdale Rd #39", "minutes": 34.3, "tier": 45, "centre": "southern-cross", "MODE": "METRO TRAM" }, "geometry": { "type": "Point", "coordinates": [ 145.05427282, -37.83107214 ] } },
{ "type": "Feature", "properties": { "STOP_NAME": "Cameron St/Matthews Ave #55", "minutes": 52.2, "tier": 60, "centre": "southern-cross", "MODE": "METRO TRAM" }, "geometry": { "type": "Point", "coordinates": [ 144.890253910000013, -37.72991151 ] } },
{ "type": "Feature", "properties": { "STOP_NAME": "Canterbury Rd/Albert Rd #132", "minutes": 15.8, "tier": 30, "centre": "southern-cross", "MODE": "METRO TRAM" }, "geometry": { "type": "Point", "coordinates": [ 144.959521880000011, -37.84228278 ] } },
{ "type": "Feature", "properties": { "STOP_NAME": "Canterbury Rd/Burke Rd #66", "minutes": 32.4, "tier": 45, "centre": "southern-cross", "MODE": "METRO TRAM" }, "geometry": { "type": "Point", "coordinates": [ 145.05872194, -37.82128659 ] } },
{ "type": "Feature", "properties": { "STOP_NAME": "Canterbury Rd/Fitzroy St #133", "minutes": 18.7, "tier": 30, "centre": "southern-cross", "MODE": "METRO TRAM" }, "geometry": { "type": "Point", "coordinates": [ 144.97677153, -37.86018041 ] } },
{ "type": "Feature", "properties": { "STOP_NAME": "Canterbury Rd/Malvern Rd #36", "minutes": 28.2, "tier": 30, "centre": "southern-cross", "MODE": "METRO TRAM" }, "geometry": { "type": "Point", "coordinates": [ 145.009320699999989, -37.84894802 ] } },
{ "type": "Feature", "properties": { "STOP_NAME": "Canterbury Rd/Mills St #133", "minutes": 17.2, "tier": 30, "centre": "southern-cross", "MODE": "METRO TRAM" }, "geometry": { "type": "Point", "coordinates": [ 144.96013177, -37.84406865 ] } },
{ "type": "Feature", "properties": { "STOP_NAME": "Canterbury Rd/Toorak Rd #133", "minutes": 28.1, "tier": 30, "centre": "southern-cross", "MODE": "METRO TRAM" }, "geometry": { "type": "Point", "coordinates": [ 145.01088768, -37.84138659 ] } },
{ "type": "Feature", "properties": { "STOP_NAME": "Carlisle Ave/Carlisle St #39", "minutes": 30.7, "tier": 45, "centre": "southern-cross", "MODE": "METRO TRAM" }, "geometry": { "type": "Point", "coordinates": [ 144.99673582, -37.86924526 ] } },
{ "type": "Feature", "properties": { "STOP_NAME": "Carlisle St/Chapel St #37", "minutes": 31.1, "tier": 45, "centre": "southern-cross", "MODE": "METRO TRAM" }, "geometry": { "type": "Point", "coordinates": [ 144.990231490000014, -37.86847651 ] } },
{ "type": "Feature", "properties": { "STOP_NAME": "Carlisle St/St Kilda Rd #35", "minutes": 34.9, "tier": 45, "centre": "southern-cross", "MODE": "METRO TRAM" }, "geometry": { "type": "Point", "coordinates": [ 144.98680105, -37.86754374 ] } },
{ "type": "Feature", "properties": { "STOP_NAME": "Carnegie/Truganini Rd #68", "minutes": 42.0, "tier": 45, "centre": "southern-cross", "MODE": "METRO TRAM" }, "geometry": { "type": "Point", "coordinates": [ 145.05580476, -37.89386477 ] } },
{ "type": "Feature", "properties": { "STOP_NAME": "Carr St/Sydney Rd #38", "minutes": 50.4, "tier": 60, "centre": "southern-cross", "MODE": "METRO TRAM" }, "geometry": { "type": "Point", "coordinates": [ 144.964626650000014, -37.73211182 ] } },
{ "type": "Feature", "properties": { "STOP_NAME": "Carter St/Mills St #134", "minutes": 18.2, "tier": 30, "centre": "southern-cross", "MODE": "METRO TRAM" }, "geometry": { "type": "Point", "coordinates": [ 144.958873680000011, -37.84559686 ] } },
{ "type": "Feature", "properties": { "STOP_NAME": "Casino/MCEC/Clarendon St #124A", "minutes": 5.1, "tier": 15, "centre": "southern-cross", "MODE": "METRO TRAM" }, "geometry": { "type": "Point", "coordinates": [ 144.95605749, -37.82328904 ] } },
{ "type": "Feature", "properties": { "STOP_NAME": "Casino/Southbank/Queens Bridge St #115", "minutes": 12.1, "tier": 15, "centre": "southern-cross", "MODE": "METRO TRAM" }, "geometry": { "type": "Point", "coordinates": [ 144.96122485, -37.82211699 ] } },
{ "type": "Feature", "properties": { "STOP_NAME": "Caulfield Junior College/Balaclava Rd #47", "minutes": 37.0, "tier": 45, "centre": "southern-cross", "MODE": "METRO TRAM" }, "geometry": { "type": "Point", "coordinates": [ 145.02117489, -37.87229914 ] } },
{ "type": "Feature", "properties": { "STOP_NAME": "Caulfield Park Bowling Club/Balaclava Rd #52", "minutes": 40.7, "tier": 45, "centre": "southern-cross", "MODE": "METRO TRAM" }, "geometry": { "type": "Point", "coordinates": [ 145.02814417, -37.87313706 ] } },
{ "type": "Feature", "properties": { "STOP_NAME": "Caulfield Park/Balaclava Rd #53", "minutes": 41.7, "tier": 45, "centre": "southern-cross", "MODE": "METRO TRAM" }, "geometry": { "type": "Point", "coordinates": [ 145.0320415, -37.87364387 ] } },
{ "type": "Feature", "properties": { "STOP_NAME": "Caulfield Racecourse/Normanby Rd #56", "minutes": 32.1, "tier": 45, "centre": "southern-cross", "MODE": "METRO TRAM" }, "geometry": { "type": "Point", "coordinates": [ 145.039101530000011, -37.8753568 ] } },
{ "type": "Feature", "properties": { "STOP_NAME": "Caulfield Railway Station/Derby Rd #57", "minutes": 27.2, "tier": 30, "centre": "southern-cross", "MODE": "METRO TRAM" }, "geometry": { "type": "Point", "coordinates": [ 145.04193878000001, -37.87640435 ] } },
{ "type": "Feature", "properties": { "STOP_NAME": "Cecil St/Park St #25", "minutes": 17.7, "tier": 30, "centre": "southern-cross", "MODE": "METRO TRAM" }, "geometry": { "type": "Point", "coordinates": [ 144.95891248, -37.83594598 ] } },
{ "type": "Feature", "properties": { "STOP_NAME": "Cemetery Road West/Royal Pde #14", "minutes": 24.4, "tier": 30, "centre": "southern-cross", "MODE": "METRO TRAM" }, "geometry": { "type": "Point", "coordinates": [ 144.95887943, -37.78971511 ] } },
{ "type": "Feature", "properties": { "STOP_NAME": "Central Park Ave/Cordite Ave #49", "minutes": 50.2, "tier": 60, "centre": "southern-cross", "MODE": "METRO TRAM" }, "geometry": { "type": "Point", "coordinates": [ 144.87797673, -37.768856 ] } },
{ "type": "Feature", "properties": { "STOP_NAME": "Central Pier/Harbour Esp #D2", "minutes": 8.0, "tier": 15, "centre": "southern-cross", "MODE": "METRO TRAM" }, "geometry": { "type": "Point", "coordinates": [ 144.944900679999989, -37.81470491 ] } },
{ "type": "Feature", "properties": { "STOP_NAME": "Centre Rd/Truganini Rd #67", "minutes": 41.0, "tier": 45, "centre": "southern-cross", "MODE": "METRO TRAM" }, "geometry": { "type": "Point", "coordinates": [ 145.054368540000013, -37.89269653 ] } },
{ "type": "Feature", "properties": { "STOP_NAME": "Chapel St/Brighton Rd #37", "minutes": 36.5, "tier": 45, "centre": "southern-cross", "MODE": "METRO TRAM" }, "geometry": { "type": "Point", "coordinates": [ 144.98949396, -37.87177121 ] } },
{ "type": "Feature", "properties": { "STOP_NAME": "Chapel St/Carlisle St #37", "minutes": 31.3, "tier": 45, "centre": "southern-cross", "MODE": "METRO TRAM" }, "geometry": { "type": "Point", "coordinates": [ 144.99013534, -37.86824957 ] } },
{ "type": "Feature", "properties": { "STOP_NAME": "Chapel St/Commercial Rd #31", "minutes": 30.6, "tier": 45, "centre": "southern-cross", "MODE": "METRO TRAM" }, "geometry": { "type": "Point", "coordinates": [ 144.994014709999988, -37.84675967 ] } },
{ "type": "Feature", "properties": { "STOP_NAME": "Chapel St/Dandenong Rd #32", "minutes": 27.2, "tier": 30, "centre": "southern-cross", "MODE": "METRO TRAM" }, "geometry": { "type": "Point", "coordinates": [ 144.99169103, -37.857426 ] } },
{ "type": "Feature", "properties": { "STOP_NAME": "Chapel St/High St #31", "minutes": 32.9, "tier": 45, "centre": "southern-cross", "MODE": "METRO TRAM" }, "geometry": { "type": "Point", "coordinates": [ 144.993208720000013, -37.85175647 ] } },
{ "type": "Feature", "properties": { "STOP_NAME": "Chapel St/Malvern Rd #31", "minutes": 30.6, "tier": 45, "centre": "southern-cross", "MODE": "METRO TRAM" }, "geometry": { "type": "Point", "coordinates": [ 144.99421454, -37.8469343 ] } },
{ "type": "Feature", "properties": { "STOP_NAME": "Chapel St/Toorak Rd #128", "minutes": 19.9, "tier": 30, "centre": "southern-cross", "MODE": "METRO TRAM" }, "geometry": { "type": "Point", "coordinates": [ 144.99575443, -37.8395889 ] } },
{ "type": "Feature", "properties": { "STOP_NAME": "Charles St/Cotham Rd #35", "minutes": 46.3, "tier": 60, "centre": "southern-cross", "MODE": "METRO TRAM" }, "geometry": { "type": "Point", "coordinates": [ 145.03530325, -37.80730828 ] } },
{ "type": "Feature", "properties": { "STOP_NAME": "Charles St/High St #35", "minutes": 43.3, "tier": 45, "centre": "southern-cross", "MODE": "METRO TRAM" }, "geometry": { "type": "Point", "coordinates": [ 145.035977440000011, -37.80501248 ] } },
{ "type": "Feature", "properties": { "STOP_NAME": "Charles St/Smith St #17", "minutes": 21.8, "tier": 30, "centre": "southern-cross", "MODE": "METRO TRAM" }, "geometry": { "type": "Point", "coordinates": [ 144.98338199, -37.80360987 ] } },
{ "type": "Feature", "properties": { "STOP_NAME": "Chatham St/Chapel St #46", "minutes": 28.6, "tier": 30, "centre": "southern-cross", "MODE": "METRO TRAM" }, "geometry": { "type": "Point", "coordinates": [ 144.99367836, -37.84910601 ] } },
{ "type": "Feature", "properties": { "STOP_NAME": "Chatsworth Rd/High St #36", "minutes": 37.8, "tier": 45, "centre": "southern-cross", "MODE": "METRO TRAM" }, "geometry": { "type": "Point", "coordinates": [ 145.00627581, -37.85355558 ] } },
{ "type": "Feature", "properties": { "STOP_NAME": "Chaucer St/Ascot Vale Rd #33", "minutes": 36.2, "tier": 45, "centre": "southern-cross", "MODE": "METRO TRAM" }, "geometry": { "type": "Point", "coordinates": [ 144.92428383, -37.7700506 ] } },
{ "type": "Feature", "properties": { "STOP_NAME": "Chetwynd St/Victoria St #10", "minutes": 19.4, "tier": 30, "centre": "southern-cross", "MODE": "METRO TRAM" }, "geometry": { "type": "Point", "coordinates": [ 144.95239053, -37.80551725 ] } },
{ "type": "Feature", "properties": { "STOP_NAME": "Christowel St/Camberwell Rd #46", "minutes": 36.5, "tier": 45, "centre": "southern-cross", "MODE": "METRO TRAM" }, "geometry": { "type": "Point", "coordinates": [ 145.066076470000013, -37.83940434 ] } },
{ "type": "Feature", "properties": { "STOP_NAME": "Chrystobel Cres/Glenferrie Rd #75", "minutes": 23.6, "tier": 30, "centre": "southern-cross", "MODE": "METRO TRAM" }, "geometry": { "type": "Point", "coordinates": [ 145.03596205, -37.81888148 ] } },
{ "type": "Feature", "properties": { "STOP_NAME": "Church St/Bridge Rd #18", "minutes": 24.3, "tier": 30, "centre": "southern-cross", "MODE": "METRO TRAM" }, "geometry": { "type": "Point", "coordinates": [ 144.998790930000013, -37.81847187 ] } },
{ "type": "Feature", "properties": { "STOP_NAME": "Church St/Swan St #11", "minutes": 21.4, "tier": 30, "centre": "southern-cross", "MODE": "METRO TRAM" }, "geometry": { "type": "Point", "coordinates": [ 144.99809416, -37.82575958 ] } },
{ "type": "Feature", "properties": { "STOP_NAME": "Church St/Victoria St #21", "minutes": 28.4, "tier": 30, "centre": "southern-cross", "MODE": "METRO TRAM" }, "geometry": { "type": "Point", "coordinates": [ 145.00051721, -37.8104897 ] } },
{ "type": "Feature", "properties": { "STOP_NAME": "City Rd/Clarendon St #126", "minutes": 9.2, "tier": 15, "centre": "southern-cross", "MODE": "METRO TRAM" }, "geometry": { "type": "Point", "coordinates": [ 144.95786904, -37.82722256 ] } },
{ "type": "Feature", "properties": { "STOP_NAME": "City Rd/Kings Way #116", "minutes": 15.1, "tier": 30, "centre": "southern-cross", "MODE": "METRO TRAM" }, "geometry": { "type": "Point", "coordinates": [ 144.960576839999987, -37.82626018 ] } },
{ "type": "Feature", "properties": { "STOP_NAME": "City Rd/Light Rail #126", "minutes": 8.2, "tier": 15, "centre": "southern-cross", "MODE": "METRO TRAM" }, "geometry": { "type": "Point", "coordinates": [ 144.95444174, -37.82955117 ] } },
{ "type": "Feature", "properties": { "STOP_NAME": "City Square/Swanston St #11", "minutes": 10.3, "tier": 15, "centre": "southern-cross", "MODE": "METRO TRAM" }, "geometry": { "type": "Point", "coordinates": [ 144.96701723000001, -37.81637753 ] } },
{ "type": "Feature", "properties": { "STOP_NAME": "Cityview Rd/Doncaster Rd #49", "minutes": 58.3, "tier": 60, "centre": "southern-cross", "MODE": "METRO TRAM" }, "geometry": { "type": "Point", "coordinates": [ 145.07746556, -37.7937563 ] } },
{ "type": "Feature", "properties": { "STOP_NAME": "Clarendon St/Albert Rd #130", "minutes": 15.2, "tier": 30, "centre": "southern-cross", "MODE": "METRO TRAM" }, "geometry": { "type": "Point", "coordinates": [ 144.96287067, -37.8395201 ] } },
{ "type": "Feature", "properties": { "STOP_NAME": "Clarendon St/High St #38", "minutes": 45.8, "tier": 60, "centre": "southern-cross", "MODE": "METRO TRAM" }, "geometry": { "type": "Point", "coordinates": [ 145.00055301, -37.75944719 ] } },
{ "type": "Feature", "properties": { "STOP_NAME": "Clarendon St/Park St #24", "minutes": 14.4, "tier": 15, "centre": "southern-cross", "MODE": "METRO TRAM" }, "geometry": { "type": "Point", "coordinates": [ 144.96130775, -37.83520347 ] } },
{ "type": "Feature", "properties": { "STOP_NAME": "Clarendon St/Whiteman St #125", "minutes": 7.1, "tier": 15, "centre": "southern-cross", "MODE": "METRO TRAM" }, "geometry": { "type": "Point", "coordinates": [ 144.95665101, -37.82566042 ] } },
{ "type": "Feature", "properties": { "STOP_NAME": "Clarke Ave/Glenhuntly Rd #57", "minutes": 39.9, "tier": 45, "centre": "southern-cross", "MODE": "METRO TRAM" }, "geometry": { "type": "Point", "coordinates": [ 145.03511412, -37.88850154 ] } },
{ "type": "Feature", "properties": { "STOP_NAME": "Clarke St/High St #30", "minutes": 39.5, "tier": 45, "centre": "southern-cross", "MODE": "METRO TRAM" }, "geometry": { "type": "Point", "coordinates": [ 144.997512199999989, -37.77665327 ] } },
{ "type": "Feature", "properties": { "STOP_NAME": "Clarke St/St Georges Rd #26", "minutes": 38.3, "tier": 45, "centre": "southern-cross", "MODE": "METRO TRAM" }, "geometry": { "type": "Point", "coordinates": [ 144.98975457, -37.77592635 ] } },
{ "type": "Feature", "properties": { "STOP_NAME": "Clendon Rd/Malvern Rd #38", "minutes": 24.6, "tier": 30, "centre": "southern-cross", "MODE": "METRO TRAM" }, "geometry": { "type": "Point", "coordinates": [ 145.01536023, -37.84961775 ] } },
{ "type": "Feature", "properties": { "STOP_NAME": "Cliff St/Chapel St #48", "minutes": 25.4, "tier": 30, "centre": "southern-cross", "MODE": "METRO TRAM" }, "geometry": { "type": "Point", "coordinates": [ 144.99465086, -37.84383268 ] } },
{ "type": "Feature", "properties": { "STOP_NAME": "Clifton Hill Interchange/Queens Pde #25", "minutes": 27.7, "tier": 30, "centre": "southern-cross", "MODE": "METRO TRAM" }, "geometry": { "type": "Point", "coordinates": [ 144.994521420000012, -37.78565028 ] } },
{ "type": "Feature", "properties": { "STOP_NAME": "Closeburn Ave/Dandenong Rd #36", "minutes": 44.7, "tier": 45, "centre": "southern-cross", "MODE": "METRO TRAM" }, "geometry": { "type": "Point", "coordinates": [ 145.00464083, -37.85939453 ] } },
{ "type": "Feature", "properties": { "STOP_NAME": "Clyde St/High St #41", "minutes": 54.6, "tier": 60, "centre": "southern-cross", "MODE": "METRO TRAM" }, "geometry": { "type": "Point", "coordinates": [ 145.054758170000014, -37.7974388 ] } },
{ "type": "Feature", "properties": { "STOP_NAME": "Clyde St/Raleigh Rd #42", "minutes": 39.0, "tier": 45, "centre": "southern-cross", "MODE": "METRO TRAM" }, "geometry": { "type": "Point", "coordinates": [ 144.898841260000012, -37.76969864 ] } },
{ "type": "Feature", "properties": { "STOP_NAME": "Cobden St/High St #35", "minutes": 43.3, "tier": 45, "centre": "southern-cross", "MODE": "METRO TRAM" }, "geometry": { "type": "Point", "coordinates": [ 145.0355465, -37.80498727 ] } },
{ "type": "Feature", "properties": { "STOP_NAME": "Coburg Market/Sydney Rd #33", "minutes": 36.8, "tier": 45, "centre": "southern-cross", "MODE": "METRO TRAM" }, "geometry": { "type": "Point", "coordinates": [ 144.966148440000012, -37.74325874 ] } },
{ "type": "Feature", "properties": { "STOP_NAME": "Coleridge St/Brighton Rd #41", "minutes": 41.4, "tier": 45, "centre": "southern-cross", "MODE": "METRO TRAM" }, "geometry": { "type": "Point", "coordinates": [ 144.995079980000014, -37.88084218 ] } },
{ "type": "Feature", "properties": { "STOP_NAME": "Collett St/Racecourse Rd #24", "minutes": 24.1, "tier": 30, "centre": "southern-cross", "MODE": "METRO TRAM" }, "geometry": { "type": "Point", "coordinates": [ 144.9335218, -37.78850691 ] } },
{ "type": "Feature", "properties": { "STOP_NAME": "Collins St/Elizabeth St #2", "minutes": 8.6, "tier": 15, "centre": "southern-cross", "MODE": "METRO TRAM" }, "geometry": { "type": "Point", "coordinates": [ 144.96366948, -37.81542752 ] } },
{ "type": "Feature", "properties": { "STOP_NAME": "Collins St/High St #41", "minutes": 36.1, "tier": 45, "centre": "southern-cross", "MODE": "METRO TRAM" }, "geometry": { "type": "Point", "coordinates": [ 145.0013659, -37.75454951 ] } },
{ "type": "Feature", "properties": { "STOP_NAME": "Collins St/William St #4", "minutes": 4.7, "tier": 15, "centre": "southern-cross", "MODE": "METRO TRAM" }, "geometry": { "type": "Point", "coordinates": [ 144.95909244, -37.81745702 ] } },
{ "type": "Feature", "properties": { "STOP_NAME": "Commercial Rd/Chapel St #47", "minutes": 30.8, "tier": 45, "centre": "southern-cross", "MODE": "METRO TRAM" }, "geometry": { "type": "Point", "coordinates": [ 144.99403157, -37.84697624 ] } },
{ "type": "Feature", "properties": { "STOP_NAME": "Commercial Rd/St Kilda Rd #25", "minutes": 26.8, "tier": 30, "centre": "southern-cross", "MODE": "METRO TRAM" }, "geometry": { "type": "Point", "coordinates": [ 144.97863142, -37.84452295 ] } },
{ "type": "Feature", "properties": { "STOP_NAME": "Cooloongatta Rd/Riversdale Rd #48", "minutes": 37.3, "tier": 45, "centre": "southern-cross", "MODE": "METRO TRAM" }, "geometry": { "type": "Point", "coordinates": [ 145.077100660000013, -37.8336551 ] } },
{ "type": "Feature", "properties": { "STOP_NAME": "Cooper St/Gilbert Rd #44", "minutes": 54.3, "tier": 60, "centre": "southern-cross", "MODE": "METRO TRAM" }, "geometry": { "type": "Point", "coordinates": [ 144.99059083, -37.73454006 ] } },
{ "type": "Feature", "properties": { "STOP_NAME": "Cooper St/Keilor Rd #50", "minutes": 42.0, "tier": 45, "centre": "southern-cross", "MODE": "METRO TRAM" }, "geometry": { "type": "Point", "coordinates": [ 144.89935136, -37.74003205 ] } },
{ "type": "Feature", "properties": { "STOP_NAME": "Coppin St/Bridge Rd #20", "minutes": 25.3, "tier": 30, "centre": "southern-cross", "MODE": "METRO TRAM" }, "geometry": { "type": "Point", "coordinates": [ 145.00357133, -37.81897658 ] } },
{ "type": "Feature", "properties": { "STOP_NAME": "Coppin St/Swan St #12", "minutes": 22.5, "tier": 30, "centre": "southern-cross", "MODE": "METRO TRAM" }, "geometry": { "type": "Point", "coordinates": [ 145.002579770000011, -37.82625932 ] } },
{ "type": "Feature", "properties": { "STOP_NAME": "Cotham Rd/Burke Rd #70", "minutes": 38.4, "tier": 45, "centre": "southern-cross", "MODE": "METRO TRAM" }, "geometry": { "type": "Point", "coordinates": [ 145.06059636, -37.8108727 ] } },
{ "type": "Feature", "properties": { "STOP_NAME": "Cotham Rd/Glenferrie Rd #80", "minutes": 31.4, "tier": 45, "centre": "southern-cross", "MODE": "METRO TRAM" }, "geometry": { "type": "Point", "coordinates": [ 145.03808168, -37.80790432 ] } },
{ "type": "Feature", "properties": { "STOP_NAME": "Cotter St/Church St #54", "minutes": 24.5, "tier": 30, "centre": "southern-cross", "MODE": "METRO TRAM" }, "geometry": { "type": "Point", "coordinates": [ 144.997057070000011, -37.83050017 ] } },
{ "type": "Feature", "properties": { "STOP_NAME": "Cowderoy St/Park St #141", "minutes": 24.2, "tier": 30, "centre": "southern-cross", "MODE": "METRO TRAM" }, "geometry": { "type": "Point", "coordinates": [ 144.97049994, -37.85717968 ] } },
{ "type": "Feature", "properties": { "STOP_NAME": "Cramer St/Gilbert Rd #42", "minutes": 53.3, "tier": 60, "centre": "southern-cross", "MODE": "METRO TRAM" }, "geometry": { "type": "Point", "coordinates": [ 144.989832150000012, -37.73909615 ] } },
{ "type": "Feature", "properties": { "STOP_NAME": "Crotonhurst Ave/Hawthorn Rd #53", "minutes": 42.0, "tier": 45, "centre": "southern-cross", "MODE": "METRO TRAM" }, "geometry": { "type": "Point", "coordinates": [ 145.02371919, -37.87748761 ] } },
{ "type": "Feature", "properties": { "STOP_NAME": "Crozier St/Nicholson St #132", "minutes": 42.4, "tier": 45, "centre": "southern-cross", "MODE": "METRO TRAM" }, "geometry": { "type": "Point", "coordinates": [ 144.97684134, -37.7494177 ] } },
{ "type": "Feature", "properties": { "STOP_NAME": "Currajong Ave/Burke Rd #58", "minutes": 44.5, "tier": 45, "centre": "southern-cross", "MODE": "METRO TRAM" }, "geometry": { "type": "Point", "coordinates": [ 145.05552031, -37.83808595 ] } },
{ "type": "Feature", "properties": { "STOP_NAME": "Curzon St/Queensberry St #13", "minutes": 20.0, "tier": 30, "centre": "southern-cross", "MODE": "METRO TRAM" }, "geometry": { "type": "Point", "coordinates": [ 144.94794449, -37.80282645 ] } },
{ "type": "Feature", "properties": { "STOP_NAME": "Daly St/Dawson St #33", "minutes": 33.5, "tier": 45, "centre": "southern-cross", "MODE": "METRO TRAM" }, "geometry": { "type": "Point", "coordinates": [ 144.94442475, -37.76959274 ] } },
{ "type": "Feature", "properties": { "STOP_NAME": "Dandenong Rd/Chapel St #42", "minutes": 26.5, "tier": 30, "centre": "southern-cross", "MODE": "METRO TRAM" }, "geometry": { "type": "Point", "coordinates": [ 144.992154989999989, -37.85792055 ] } },
{ "type": "Feature", "properties": { "STOP_NAME": "Dandenong Rd/Derby Rd #58", "minutes": 30.2, "tier": 45, "centre": "southern-cross", "MODE": "METRO TRAM" }, "geometry": { "type": "Point", "coordinates": [ 145.041866230000011, -37.87570923 ] } },
{ "type": "Feature", "properties": { "STOP_NAME": "Dandenong Rd/Glenferrie Rd #52", "minutes": 26.3, "tier": 30, "centre": "southern-cross", "MODE": "METRO TRAM" }, "geometry": { "type": "Point", "coordinates": [ 145.02781001, -37.86605722 ] } },
{ "type": "Feature", "properties": { "STOP_NAME": "Dandenong Rd/Hawthorn Rd #48A", "minutes": 31.8, "tier": 45, "centre": "southern-cross", "MODE": "METRO TRAM" }, "geometry": { "type": "Point", "coordinates": [ 145.025904489999988, -37.86589911 ] } },
{ "type": "Feature", "properties": { "STOP_NAME": "Dandenong Rd/Waverley Rd #59", "minutes": 32.5, "tier": 45, "centre": "southern-cross", "MODE": "METRO TRAM" }, "geometry": { "type": "Point", "coordinates": [ 145.04506876, -37.87584358 ] } },
{ "type": "Feature", "properties": { "STOP_NAME": "Danks St/Mills St #136", "minutes": 20.2, "tier": 30, "centre": "southern-cross", "MODE": "METRO TRAM" }, "geometry": { "type": "Point", "coordinates": [ 144.956077420000014, -37.84932424 ] } },
{ "type": "Feature", "properties": { "STOP_NAME": "Darebin Rd/High St #36", "minutes": 33.3, "tier": 45, "centre": "southern-cross", "MODE": "METRO TRAM" }, "geometry": { "type": "Point", "coordinates": [ 144.999688, -37.76332564 ] } },
{ "type": "Feature", "properties": { "STOP_NAME": "Darling Rd/Waverley Rd #64", "minutes": 40.0, "tier": 45, "centre": "southern-cross", "MODE": "METRO TRAM" }, "geometry": { "type": "Point", "coordinates": [ 145.058765200000011, -37.87726887 ] } },
{ "type": "Feature", "properties": { "STOP_NAME": "Davey Ave/Hawthorn Rd #65", "minutes": 50.6, "tier": 60, "centre": "southern-cross", "MODE": "METRO TRAM" }, "geometry": { "type": "Point", "coordinates": [ 145.018141469999989, -37.90657379 ] } },
{ "type": "Feature", "properties": { "STOP_NAME": "David St/Plenty Rd #47", "minutes": 42.1, "tier": 45, "centre": "southern-cross", "MODE": "METRO TRAM" }, "geometry": { "type": "Point", "coordinates": [ 145.00795821, -37.74320702 ] } },
{ "type": "Feature", "properties": { "STOP_NAME": "Dawson St/Grantham St #31", "minutes": 31.1, "tier": 45, "centre": "southern-cross", "MODE": "METRO TRAM" }, "geometry": { "type": "Point", "coordinates": [ 144.94974099, -37.77029819 ] } },
{ "type": "Feature", "properties": { "STOP_NAME": "De Carle St/Moreland Rd #131", "minutes": 39.8, "tier": 45, "centre": "southern-cross", "MODE": "METRO TRAM" }, "geometry": { "type": "Point", "coordinates": [ 144.966519839999989, -37.75580964 ] } },
{ "type": "Feature", "properties": { "STOP_NAME": "De La Salle College/High St #45", "minutes": 37.0, "tier": 45, "centre": "southern-cross", "MODE": "METRO TRAM" }, "geometry": { "type": "Point", "coordinates": [ 145.0323835, -37.85694174 ] } },
{ "type": "Feature", "properties": { "STOP_NAME": "Deakin St/Park St #141", "minutes": 24.2, "tier": 30, "centre": "southern-cross", "MODE": "METRO TRAM" }, "geometry": { "type": "Point", "coordinates": [ 144.97078692, -37.85749103 ] } },
{ "type": "Feature", "properties": { "STOP_NAME": "Deepdene Park/Whitehorse Rd #44", "minutes": 59.3, "tier": 60, "centre": "southern-cross", "MODE": "METRO TRAM" }, "geometry": { "type": "Point", "coordinates": [ 145.06867098, -37.8113749 ] } },
{ "type": "Feature", "properties": { "STOP_NAME": "Deepdene Shopping Centre/Whitehorse Rd #43", "minutes": 58.3, "tier": 60, "centre": "southern-cross", "MODE": "METRO TRAM" }, "geometry": { "type": "Point", "coordinates": [ 145.06487739, -37.81092511 ] } },
{ "type": "Feature", "properties": { "STOP_NAME": "Dennis St/High St #35", "minutes": 31.6, "tier": 45, "centre": "southern-cross", "MODE": "METRO TRAM" }, "geometry": { "type": "Point", "coordinates": [ 144.99925986, -37.76573355 ] } },
{ "type": "Feature", "properties": { "STOP_NAME": "Densham Rd/Malvern Rd #39", "minutes": 27.2, "tier": 30, "centre": "southern-cross", "MODE": "METRO TRAM" }, "geometry": { "type": "Point", "coordinates": [ 145.01842573, -37.85015603 ] } },
{ "type": "Feature", "properties": { "STOP_NAME": "Derby St/Riversdale Rd #44", "minutes": 32.3, "tier": 45, "centre": "southern-cross", "MODE": "METRO TRAM" }, "geometry": { "type": "Point", "coordinates": [ 145.0658861, -37.8323359 ] } },
{ "type": "Feature", "properties": { "STOP_NAME": "Devon St/Miller St #36", "minutes": 47.3, "tier": 60, "centre": "southern-cross", "MODE": "METRO TRAM" }, "geometry": { "type": "Point", "coordinates": [ 144.99094434, -37.75126315 ] } },
{ "type": "Feature", "properties": { "STOP_NAME": "Dight Ave/Doncaster Rd #50", "minutes": 58.3, "tier": 60, "centre": "southern-cross", "MODE": "METRO TRAM" }, "geometry": { "type": "Point", "coordinates": [ 145.08093609, -37.79437164 ] } },
{ "type": "Feature", "properties": { "STOP_NAME": "Dixon St/High St #47", "minutes": 39.0, "tier": 45, "centre": "southern-cross", "MODE": "METRO TRAM" }, "geometry": { "type": "Point", "coordinates": [ 145.038012540000011, -37.85769356 ] } },
{ "type": "Feature", "properties": { "STOP_NAME": "Dixon St/Wattletree Rd #48", "minutes": 39.9, "tier": 45, "centre": "southern-cross", "MODE": "METRO TRAM" }, "geometry": { "type": "Point", "coordinates": [ 145.03708368, -37.86357179 ] } },
{ "type": "Feature", "properties": { "STOP_NAME": "Djerring Flemington Hub/Mt Alexander Rd  #23", "minutes": 28.4, "tier": 30, "centre": "southern-cross", "MODE": "METRO TRAM" }, "geometry": { "type": "Point", "coordinates": [ 144.939055450000012, -37.78592738 ] } },
{ "type": "Feature", "properties": { "STOP_NAME": "Docklands Park/Harbour Esp #D4", "minutes": 2.3, "tier": 15, "centre": "southern-cross", "MODE": "METRO TRAM" }, "geometry": { "type": "Point", "coordinates": [ 144.947610090000012, -37.82146591 ] } },
{ "type": "Feature", "properties": { "STOP_NAME": "Docklands Stadium/La Trobe St  #D1", "minutes": 7.0, "tier": 15, "centre": "southern-cross", "MODE": "METRO TRAM" }, "geometry": { "type": "Point", "coordinates": [ 144.94640290000001, -37.81460496 ] } },
{ "type": "Feature", "properties": { "STOP_NAME": "Dorcas St/Clarendon St #128", "minutes": 12.2, "tier": 15, "centre": "southern-cross", "MODE": "METRO TRAM" }, "geometry": { "type": "Point", "coordinates": [ 144.96053473, -37.83315343 ] } },
{ "type": "Feature", "properties": { "STOP_NAME": "Dorcas St/Eastern Rd #22", "minutes": 19.5, "tier": 30, "centre": "southern-cross", "MODE": "METRO TRAM" }, "geometry": { "type": "Point", "coordinates": [ 144.96495735, -37.83222966 ] } },
{ "type": "Feature", "properties": { "STOP_NAME": "Dover St/Hawthorn Rd #60", "minutes": 48.0, "tier": 60, "centre": "southern-cross", "MODE": "METRO TRAM" }, "geometry": { "type": "Point", "coordinates": [ 145.02037223, -37.89505832 ] } },
{ "type": "Feature", "properties": { "STOP_NAME": "Droop St/Ballarat Rd #59", "minutes": 25.1, "tier": 30, "centre": "southern-cross", "MODE": "METRO TRAM" }, "geometry": { "type": "Point", "coordinates": [ 144.89357113, -37.79258435 ] } },
{ "type": "Feature", "properties": { "STOP_NAME": "Duke St/Chapel St #44", "minutes": 28.9, "tier": 30, "centre": "southern-cross", "MODE": "METRO TRAM" }, "geometry": { "type": "Point", "coordinates": [ 144.99282688, -37.85410202 ] } },
{ "type": "Feature", "properties": { "STOP_NAME": "Duncraig Ave/Wattletree Rd #44", "minutes": 31.5, "tier": 45, "centre": "southern-cross", "MODE": "METRO TRAM" }, "geometry": { "type": "Point", "coordinates": [ 145.0253815, -37.86206934 ] } },
{ "type": "Feature", "properties": { "STOP_NAME": "Dundas St/Plenty Rd #42", "minutes": 36.8, "tier": 45, "centre": "southern-cross", "MODE": "METRO TRAM" }, "geometry": { "type": "Point", "coordinates": [ 145.00200247, -37.7519829 ] } },
{ "type": "Feature", "properties": { "STOP_NAME": "Earl St/Matthews Ave #56", "minutes": 53.2, "tier": 60, "centre": "southern-cross", "MODE": "METRO TRAM" }, "geometry": { "type": "Point", "coordinates": [ 144.89066774, -37.72732353 ] } },
{ "type": "Feature", "properties": { "STOP_NAME": "East Brighton/Hawthorn Rd #68", "minutes": 54.2, "tier": 60, "centre": "southern-cross", "MODE": "METRO TRAM" }, "geometry": { "type": "Point", "coordinates": [ 145.01688973, -37.91422166 ] } },
{ "type": "Feature", "properties": { "STOP_NAME": "East Richmond Railway Station/Church St #56", "minutes": 22.6, "tier": 30, "centre": "southern-cross", "MODE": "METRO TRAM" }, "geometry": { "type": "Point", "coordinates": [ 144.99784318, -37.82663847 ] } },
{ "type": "Feature", "properties": { "STOP_NAME": "Edgar St/Malvern Rd #48", "minutes": 36.5, "tier": 45, "centre": "southern-cross", "MODE": "METRO TRAM" }, "geometry": { "type": "Point", "coordinates": [ 145.04555536, -37.85355646 ] } },
{ "type": "Feature", "properties": { "STOP_NAME": "Edgewater Square/Gordon St #56", "minutes": 30.3, "tier": 45, "centre": "southern-cross", "MODE": "METRO TRAM" }, "geometry": { "type": "Point", "coordinates": [ 144.890598680000011, -37.78489825 ] } },
{ "type": "Feature", "properties": { "STOP_NAME": "Edinburgh St/Swan St #13", "minutes": 19.7, "tier": 30, "centre": "southern-cross", "MODE": "METRO TRAM" }, "geometry": { "type": "Point", "coordinates": [ 145.004902210000012, -37.82650597 ] } },
{ "type": "Feature", "properties": { "STOP_NAME": "Edsall St/Glenferrie Rd #55", "minutes": 31.3, "tier": 45, "centre": "southern-cross", "MODE": "METRO TRAM" }, "geometry": { "type": "Point", "coordinates": [ 145.0286714, -37.86103406 ] } },
{ "type": "Feature", "properties": { "STOP_NAME": "Edward St/Sydney Rd #31", "minutes": 42.4, "tier": 45, "centre": "southern-cross", "MODE": "METRO TRAM" }, "geometry": { "type": "Point", "coordinates": [ 144.965449549999988, -37.74847354 ] } },
{ "type": "Feature", "properties": { "STOP_NAME": "Egerton Rd/Dandenong Rd #43", "minutes": 34.1, "tier": 45, "centre": "southern-cross", "MODE": "METRO TRAM" }, "geometry": { "type": "Point", "coordinates": [ 145.02205049, -37.86378873 ] } },
{ "type": "Feature", "properties": { "STOP_NAME": "Egerton Rd/Wattletree Rd #43", "minutes": 32.9, "tier": 45, "centre": "southern-cross", "MODE": "METRO TRAM" }, "geometry": { "type": "Point", "coordinates": [ 145.022753990000012, -37.86170982 ] } },
{ "type": "Feature", "properties": { "STOP_NAME": "Elgar Rd/Burwood Hwy #62", "minutes": 49.5, "tier": 60, "centre": "southern-cross", "MODE": "METRO TRAM" }, "geometry": { "type": "Point", "coordinates": [ 145.108704460000013, -37.84950531 ] } },
{ "type": "Feature", "properties": { "STOP_NAME": "Elgar Rd/Riversdale Rd #61", "minutes": 47.0, "tier": 60, "centre": "southern-cross", "MODE": "METRO TRAM" }, "geometry": { "type": "Point", "coordinates": [ 145.110371930000014, -37.83760932 ] } },
{ "type": "Feature", "properties": { "STOP_NAME": "Elgar Rd/Whitehorse Rd #56", "minutes": 37.2, "tier": 45, "centre": "southern-cross", "MODE": "METRO TRAM" }, "geometry": { "type": "Point", "coordinates": [ 145.11559159, -37.81691144 ] } },
{ "type": "Feature", "properties": { "STOP_NAME": "Elizabeth St/Bourke St #5", "minutes": 7.8, "tier": 15, "centre": "southern-cross", "MODE": "METRO TRAM" }, "geometry": { "type": "Point", "coordinates": [ 144.96350963, -37.81421718 ] } },
{ "type": "Feature", "properties": { "STOP_NAME": "Elizabeth St/Church St #64", "minutes": 32.0, "tier": 45, "centre": "southern-cross", "MODE": "METRO TRAM" }, "geometry": { "type": "Point", "coordinates": [ 145.00016514, -37.81259249 ] } },
{ "type": "Feature", "properties": { "STOP_NAME": "Elizabeth St/Collins St #5", "minutes": 6.3, "tier": 15, "centre": "southern-cross", "MODE": "METRO TRAM" }, "geometry": { "type": "Point", "coordinates": [ 144.963403559999989, -37.81642322 ] } },
{ "type": "Feature", "properties": { "STOP_NAME": "Elizabeth St/Flinders St #4", "minutes": 5.8, "tier": 15, "centre": "southern-cross", "MODE": "METRO TRAM" }, "geometry": { "type": "Point", "coordinates": [ 144.96462602, -37.8182377 ] } },
{ "type": "Feature", "properties": { "STOP_NAME": "Elizabeth St/Malvern Rd #45", "minutes": 41.4, "tier": 45, "centre": "southern-cross", "MODE": "METRO TRAM" }, "geometry": { "type": "Point", "coordinates": [ 145.03530389, -37.85225933 ] } },
{ "type": "Feature", "properties": { "STOP_NAME": "Elliott Ave/Royal Park #24", "minutes": 23.1, "tier": 30, "centre": "southern-cross", "MODE": "METRO TRAM" }, "geometry": { "type": "Point", "coordinates": [ 144.94975101, -37.78801554 ] } },
{ "type": "Feature", "properties": { "STOP_NAME": "Elmhurst Rd/Balaclava Rd #47", "minutes": 37.0, "tier": 45, "centre": "southern-cross", "MODE": "METRO TRAM" }, "geometry": { "type": "Point", "coordinates": [ 145.02109944, -37.87214468 ] } },
{ "type": "Feature", "properties": { "STOP_NAME": "Elsternwick Railway Station/Glenhuntly Rd #44", "minutes": 31.0, "tier": 45, "centre": "southern-cross", "MODE": "METRO TRAM" }, "geometry": { "type": "Point", "coordinates": [ 145.00055749, -37.88430576 ] } },
{ "type": "Feature", "properties": { "STOP_NAME": "Elsternwick Shopping Centre/Glenhuntly Rd #45", "minutes": 35.5, "tier": 45, "centre": "southern-cross", "MODE": "METRO TRAM" }, "geometry": { "type": "Point", "coordinates": [ 145.0039452, -37.88475077 ] } },
{ "type": "Feature", "properties": { "STOP_NAME": "Empress Rd/Balaclava Rd #41", "minutes": 42.2, "tier": 45, "centre": "southern-cross", "MODE": "METRO TRAM" }, "geometry": { "type": "Point", "coordinates": [ 145.001577489999988, -37.86970606 ] } },
{ "type": "Feature", "properties": { "STOP_NAME": "Epsom Rd/Maribyrnong Rd #40", "minutes": 45.0, "tier": 45, "centre": "southern-cross", "MODE": "METRO TRAM" }, "geometry": { "type": "Point", "coordinates": [ 144.90512121, -37.7704323 ] } },
{ "type": "Feature", "properties": { "STOP_NAME": "Epworth Hospital/Bridge Rd #15", "minutes": 22.6, "tier": 30, "centre": "southern-cross", "MODE": "METRO TRAM" }, "geometry": { "type": "Point", "coordinates": [ 144.99380768, -37.81790945 ] } },
{ "type": "Feature", "properties": { "STOP_NAME": "Erica Ave/Wattletree Rd #51", "minutes": 44.0, "tier": 45, "centre": "southern-cross", "MODE": "METRO TRAM" }, "geometry": { "type": "Point", "coordinates": [ 145.04657053, -37.86461278 ] } },
{ "type": "Feature", "properties": { "STOP_NAME": "Errol St/Victoria St #11", "minutes": 21.4, "tier": 30, "centre": "southern-cross", "MODE": "METRO TRAM" }, "geometry": { "type": "Point", "coordinates": [ 144.94944632, -37.80519567 ] } },
{ "type": "Feature", "properties": { "STOP_NAME": "Essendon North PS/Keilor Rd #49", "minutes": 41.0, "tier": 45, "centre": "southern-cross", "MODE": "METRO TRAM" }, "geometry": { "type": "Point", "coordinates": [ 144.902884519999986, -37.74150083 ] } },
{ "type": "Feature", "properties": { "STOP_NAME": "Essendon North Primary School/Keilor Rd #49", "minutes": 48.0, "tier": 60, "centre": "southern-cross", "MODE": "METRO TRAM" }, "geometry": { "type": "Point", "coordinates": [ 144.902970180000011, -37.74168259 ] } },
{ "type": "Feature", "properties": { "STOP_NAME": "Essendon Tram Depot/Mt Alexander Rd #27", "minutes": 36.8, "tier": 45, "centre": "southern-cross", "MODE": "METRO TRAM" }, "geometry": { "type": "Point", "coordinates": [ 144.93121976, -37.77943672 ] } },
{ "type": "Feature", "properties": { "STOP_NAME": "Essex Rd/Riversdale Rd #53", "minutes": 46.4, "tier": 60, "centre": "southern-cross", "MODE": "METRO TRAM" }, "geometry": { "type": "Point", "coordinates": [ 145.09094889, -37.83508806 ] } },
{ "type": "Feature", "properties": { "STOP_NAME": "Ethel Gr/Plenty Rd #53", "minutes": 57.8, "tier": 60, "centre": "southern-cross", "MODE": "METRO TRAM" }, "geometry": { "type": "Point", "coordinates": [ 145.017208399999987, -37.7291332 ] } },
{ "type": "Feature", "properties": { "STOP_NAME": "Exhibition St/Collins St #7", "minutes": 11.3, "tier": 15, "centre": "southern-cross", "MODE": "METRO TRAM" }, "geometry": { "type": "Point", "coordinates": [ 144.97071158, -37.81421535 ] } },
{ "type": "Feature", "properties": { "STOP_NAME": "Exhibition St/La Trobe St #8", "minutes": 16.1, "tier": 30, "centre": "southern-cross", "MODE": "METRO TRAM" }, "geometry": { "type": "Point", "coordinates": [ 144.96762067, -37.80845759 ] } },
{ "type": "Feature", "properties": { "STOP_NAME": "Fairview Ave/Toorak Rd #57", "minutes": 48.6, "tier": 60, "centre": "southern-cross", "MODE": "METRO TRAM" }, "geometry": { "type": "Point", "coordinates": [ 145.09236053, -37.84998057 ] } },
{ "type": "Feature", "properties": { "STOP_NAME": "Fallon St/Glenhuntly Rd #55", "minutes": 44.1, "tier": 45, "centre": "southern-cross", "MODE": "METRO TRAM" }, "geometry": { "type": "Point", "coordinates": [ 145.03098555, -37.88810811 ] } },
{ "type": "Feature", "properties": { "STOP_NAME": "Fawkner Park/Toorak Rd #123", "minutes": 28.1, "tier": 30, "centre": "southern-cross", "MODE": "METRO TRAM" }, "geometry": { "type": "Point", "coordinates": [ 144.98070617, -37.83761951 ] } },
{ "type": "Feature", "properties": { "STOP_NAME": "Federation Square/Swanston St #13", "minutes": 7.2, "tier": 15, "centre": "southern-cross", "MODE": "METRO TRAM" }, "geometry": { "type": "Point", "coordinates": [ 144.96798207, -37.8184759 ] } },
{ "type": "Feature", "properties": { "STOP_NAME": "Fenwick St/Lygon St #116", "minutes": 27.4, "tier": 30, "centre": "southern-cross", "MODE": "METRO TRAM" }, "geometry": { "type": "Point", "coordinates": [ 144.96918649, -37.78736999 ] } },
{ "type": "Feature", "properties": { "STOP_NAME": "Ferguson St/Maribyrnong Rd #38", "minutes": 36.4, "tier": 45, "centre": "southern-cross", "MODE": "METRO TRAM" }, "geometry": { "type": "Point", "coordinates": [ 144.91275662000001, -37.77141495 ] } },
{ "type": "Feature", "properties": { "STOP_NAME": "Fermanagh Rd/Riversdale Rd #42", "minutes": 33.5, "tier": 45, "centre": "southern-cross", "MODE": "METRO TRAM" }, "geometry": { "type": "Point", "coordinates": [ 145.060199250000011, -37.83168361 ] } },
{ "type": "Feature", "properties": { "STOP_NAME": "Ferndale St/Riversdale Rd #60", "minutes": 49.1, "tier": 60, "centre": "southern-cross", "MODE": "METRO TRAM" }, "geometry": { "type": "Point", "coordinates": [ 145.10665805, -37.83709005 ] } },
{ "type": "Feature", "properties": { "STOP_NAME": "Ferrars St/Park St #26", "minutes": 16.0, "tier": 30, "centre": "southern-cross", "MODE": "METRO TRAM" }, "geometry": { "type": "Point", "coordinates": [ 144.95640508, -37.83663243 ] } },
{ "type": "Feature", "properties": { "STOP_NAME": "Findon Cres/Barkers Rd #27", "minutes": 36.6, "tier": 45, "centre": "southern-cross", "MODE": "METRO TRAM" }, "geometry": { "type": "Point", "coordinates": [ 145.02062002, -37.81271281 ] } },
{ "type": "Feature", "properties": { "STOP_NAME": "Findon St/Barkers Rd #27", "minutes": 35.3, "tier": 45, "centre": "southern-cross", "MODE": "METRO TRAM" }, "geometry": { "type": "Point", "coordinates": [ 145.02077465, -37.81287762 ] } },
{ "type": "Feature", "properties": { "STOP_NAME": "Fitzroy Bowls Club/Brunswick St #20", "minutes": 30.1, "tier": 45, "centre": "southern-cross", "MODE": "METRO TRAM" }, "geometry": { "type": "Point", "coordinates": [ 144.980096479999986, -37.78829657 ] } },
{ "type": "Feature", "properties": { "STOP_NAME": "Fitzroy St/Park St #143", "minutes": 20.6, "tier": 30, "centre": "southern-cross", "MODE": "METRO TRAM" }, "geometry": { "type": "Point", "coordinates": [ 144.97445338, -37.86098764 ] } },
{ "type": "Feature", "properties": { "STOP_NAME": "Fitzwilliam St/Glenferrie Rd #78", "minutes": 33.1, "tier": 45, "centre": "southern-cross", "MODE": "METRO TRAM" }, "geometry": { "type": "Point", "coordinates": [ 145.03720911, -37.81211635 ] } },
{ "type": "Feature", "properties": { "STOP_NAME": "Flagstaff Railway Station/William St #7", "minutes": 7.2, "tier": 15, "centre": "southern-cross", "MODE": "METRO TRAM" }, "geometry": { "type": "Point", "coordinates": [ 144.95651664, -37.81199629 ] } },
{ "type": "Feature", "properties": { "STOP_NAME": "Flagstaff Station/La Trobe St  #3", "minutes": 7.1, "tier": 15, "centre": "southern-cross", "MODE": "METRO TRAM" }, "geometry": { "type": "Point", "coordinates": [ 144.95676376, -37.81168516 ] } },
{ "type": "Feature", "properties": { "STOP_NAME": "Flemington Bridge Station/Flemington Rd #22", "minutes": 27.4, "tier": 30, "centre": "southern-cross", "MODE": "METRO TRAM" }, "geometry": { "type": "Point", "coordinates": [ 144.94093197, -37.78827623 ] } },
{ "type": "Feature", "properties": { "STOP_NAME": "Flemington Racecourse/Epsom Rd #30", "minutes": 36.2, "tier": 45, "centre": "southern-cross", "MODE": "METRO TRAM" }, "geometry": { "type": "Point", "coordinates": [ 144.91998705, -37.78604275 ] } },
{ "type": "Feature", "properties": { "STOP_NAME": "Flemington Racecourse/Racecourse Rd #29", "minutes": 32.6, "tier": 45, "centre": "southern-cross", "MODE": "METRO TRAM" }, "geometry": { "type": "Point", "coordinates": [ 144.92200573, -37.78734904 ] } },
{ "type": "Feature", "properties": { "STOP_NAME": "Flemington Rd/Peel St #12", "minutes": 15.2, "tier": 30, "centre": "southern-cross", "MODE": "METRO TRAM" }, "geometry": { "type": "Point", "coordinates": [ 144.95671633, -37.80145599 ] } },
{ "type": "Feature", "properties": { "STOP_NAME": "Fletcher St/Napier St #41", "minutes": 33.2, "tier": 45, "centre": "southern-cross", "MODE": "METRO TRAM" }, "geometry": { "type": "Point", "coordinates": [ 144.91760129, -37.75492807 ] } },
{ "type": "Feature", "properties": { "STOP_NAME": "Fletcher St/Pascoe Vale Rd #38", "minutes": 44.4, "tier": 45, "centre": "southern-cross", "MODE": "METRO TRAM" }, "geometry": { "type": "Point", "coordinates": [ 144.92603553, -37.75611321 ] } },
{ "type": "Feature", "properties": { "STOP_NAME": "Flinders St/Queens Bridge St #1", "minutes": 9.3, "tier": 15, "centre": "southern-cross", "MODE": "METRO TRAM" }, "geometry": { "type": "Point", "coordinates": [ 144.96123971, -37.81951285 ] } },
{ "type": "Feature", "properties": { "STOP_NAME": "Flinders Street Railway Station/Elizabeth St #1", "minutes": 6.1, "tier": 15, "centre": "southern-cross", "MODE": "METRO TRAM" }, "geometry": { "type": "Point", "coordinates": [ 144.964765269999987, -37.81771743 ] } },
{ "type": "Feature", "properties": { "STOP_NAME": "Flinders Street West/Flinders St #D6", "minutes": 6.0, "tier": 15, "centre": "southern-cross", "MODE": "METRO TRAM" }, "geometry": { "type": "Point", "coordinates": [ 144.95360832, -37.82147119 ] } },
{ "type": "Feature", "properties": { "STOP_NAME": "Flockhart St/Victoria St #23", "minutes": 32.5, "tier": 45, "centre": "southern-cross", "MODE": "METRO TRAM" }, "geometry": { "type": "Point", "coordinates": [ 145.00687288, -37.81111112 ] } },
{ "type": "Feature", "properties": { "STOP_NAME": "Florence Ave/Cotham Rd #39", "minutes": 54.2, "tier": 60, "centre": "southern-cross", "MODE": "METRO TRAM" }, "geometry": { "type": "Point", "coordinates": [ 145.049276819999989, -37.80893742 ] } },
{ "type": "Feature", "properties": { "STOP_NAME": "Footscray Market/Leeds St #63", "minutes": 14.5, "tier": 15, "centre": "southern-cross", "MODE": "METRO TRAM" }, "geometry": { "type": "Point", "coordinates": [ 144.90105834, -37.80008059 ] } },
{ "type": "Feature", "properties": { "STOP_NAME": "Footscray Station/Leeds St #64", "minutes": 12.8, "tier": 15, "centre": "southern-cross", "MODE": "METRO TRAM" }, "geometry": { "type": "Point", "coordinates": [ 144.900919710000011, -37.80136679 ] } },
{ "type": "Feature", "properties": { "STOP_NAME": "Fordham Gardens/Camberwell Rd #50", "minutes": 36.1, "tier": 45, "centre": "southern-cross", "MODE": "METRO TRAM" }, "geometry": { "type": "Point", "coordinates": [ 145.073407, -37.84591394 ] } },
{ "type": "Feature", "properties": { "STOP_NAME": "Fordholm Rd/Riversdale Rd #31", "minutes": 31.4, "tier": 45, "centre": "southern-cross", "MODE": "METRO TRAM" }, "geometry": { "type": "Point", "coordinates": [ 145.031628, -37.82850585 ] } },
{ "type": "Feature", "properties": { "STOP_NAME": "Francis St/Malvern Rd #33", "minutes": 23.5, "tier": 30, "centre": "southern-cross", "MODE": "METRO TRAM" }, "geometry": { "type": "Point", "coordinates": [ 145.00043426, -37.84765291 ] } },
{ "type": "Feature", "properties": { "STOP_NAME": "Fraser St/High St #46", "minutes": 39.0, "tier": 45, "centre": "southern-cross", "MODE": "METRO TRAM" }, "geometry": { "type": "Point", "coordinates": [ 145.03561113, -37.85738316 ] } },
{ "type": "Feature", "properties": { "STOP_NAME": "Fraser St/Light Rail #131", "minutes": 15.3, "tier": 30, "centre": "southern-cross", "MODE": "METRO TRAM" }, "geometry": { "type": "Point", "coordinates": [ 144.9710255, -37.85376429 ] } },
{ "type": "Feature", "properties": { "STOP_NAME": "Fraser St/Park St #140", "minutes": 23.2, "tier": 30, "centre": "southern-cross", "MODE": "METRO TRAM" }, "geometry": { "type": "Point", "coordinates": [ 144.96742472, -37.85575684 ] } },
{ "type": "Feature", "properties": { "STOP_NAME": "Fraser St/Patterson St #140", "minutes": 23.2, "tier": 30, "centre": "southern-cross", "MODE": "METRO TRAM" }, "geometry": { "type": "Point", "coordinates": [ 144.96712689, -37.85542727 ] } },
{ "type": "Feature", "properties": { "STOP_NAME": "Freeman St/Nicholson St #16", "minutes": 21.8, "tier": 30, "centre": "southern-cross", "MODE": "METRO TRAM" }, "geometry": { "type": "Point", "coordinates": [ 144.97653949, -37.78881227 ] } },
{ "type": "Feature", "properties": { "STOP_NAME": "Fullarton Rd/Matthews Ave #54", "minutes": 52.2, "tier": 60, "centre": "southern-cross", "MODE": "METRO TRAM" }, "geometry": { "type": "Point", "coordinates": [ 144.889832790000014, -37.73235517 ] } },
{ "type": "Feature", "properties": { "STOP_NAME": "Gadd St/St Georges Rd #31", "minutes": 32.9, "tier": 45, "centre": "southern-cross", "MODE": "METRO TRAM" }, "geometry": { "type": "Point", "coordinates": [ 144.9926912, -37.76263888 ] } },
{ "type": "Feature", "properties": { "STOP_NAME": "Gaffney St/Sydney Rd #37", "minutes": 40.9, "tier": 45, "centre": "southern-cross", "MODE": "METRO TRAM" }, "geometry": { "type": "Point", "coordinates": [ 144.96540724, -37.73385558 ] } },
{ "type": "Feature", "properties": { "STOP_NAME": "Gardenvale Rd/Hawthorn Rd #62", "minutes": 49.0, "tier": 60, "centre": "southern-cross", "MODE": "METRO TRAM" }, "geometry": { "type": "Point", "coordinates": [ 145.01952548, -37.89949587 ] } },
{ "type": "Feature", "properties": { "STOP_NAME": "Gardiner Railway Station/Burke Rd #51", "minutes": 31.8, "tier": 45, "centre": "southern-cross", "MODE": "METRO TRAM" }, "geometry": { "type": "Point", "coordinates": [ 145.05264471000001, -37.85279981 ] } },
{ "type": "Feature", "properties": { "STOP_NAME": "Gardiner Rd/Glenferrie Rd #67", "minutes": 34.7, "tier": 45, "centre": "southern-cross", "MODE": "METRO TRAM" }, "geometry": { "type": "Point", "coordinates": [ 145.032940489999987, -37.83555701 ] } },
{ "type": "Feature", "properties": { "STOP_NAME": "Gardiner Station/Burke Rd #51", "minutes": 31.6, "tier": 45, "centre": "southern-cross", "MODE": "METRO TRAM" }, "geometry": { "type": "Point", "coordinates": [ 145.052663169999988, -37.85296233 ] } },
{ "type": "Feature", "properties": { "STOP_NAME": "Gatehouse St/Royal Pde #13", "minutes": 24.6, "tier": 30, "centre": "southern-cross", "MODE": "METRO TRAM" }, "geometry": { "type": "Point", "coordinates": [ 144.95830955, -37.79267912 ] } },
{ "type": "Feature", "properties": { "STOP_NAME": "Geelong Rd/Droop St #61", "minutes": 22.2, "tier": 30, "centre": "southern-cross", "MODE": "METRO TRAM" }, "geometry": { "type": "Point", "coordinates": [ 144.89713113, -37.79679335 ] } },
{ "type": "Feature", "properties": { "STOP_NAME": "Gertrude St/Brunswick St #13", "minutes": 18.3, "tier": 30, "centre": "southern-cross", "MODE": "METRO TRAM" }, "geometry": { "type": "Point", "coordinates": [ 144.97711935, -37.80585453 ] } },
{ "type": "Feature", "properties": { "STOP_NAME": "Gertrude St/Smith St #15", "minutes": 20.8, "tier": 30, "centre": "southern-cross", "MODE": "METRO TRAM" }, "geometry": { "type": "Point", "coordinates": [ 144.98309473, -37.8062364 ] } },
{ "type": "Feature", "properties": { "STOP_NAME": "Gibbons St/Church St #55", "minutes": 22.8, "tier": 30, "centre": "southern-cross", "MODE": "METRO TRAM" }, "geometry": { "type": "Point", "coordinates": [ 144.99745614, -37.82876768 ] } },
{ "type": "Feature", "properties": { "STOP_NAME": "Gilmour St/Burwood Hwy #59", "minutes": 48.4, "tier": 60, "centre": "southern-cross", "MODE": "METRO TRAM" }, "geometry": { "type": "Point", "coordinates": [ 145.09873958, -37.85074163 ] } },
{ "type": "Feature", "properties": { "STOP_NAME": "Gipps St/Church St #58", "minutes": 23.1, "tier": 30, "centre": "southern-cross", "MODE": "METRO TRAM" }, "geometry": { "type": "Point", "coordinates": [ 144.99816288, -37.82405752 ] } },
{ "type": "Feature", "properties": { "STOP_NAME": "Gladstone Ave/St Georges Rd #30", "minutes": 42.3, "tier": 45, "centre": "southern-cross", "MODE": "METRO TRAM" }, "geometry": { "type": "Point", "coordinates": [ 144.99194965, -37.76529375 ] } },
{ "type": "Feature", "properties": { "STOP_NAME": "Gladstone St/High St #36", "minutes": 45.3, "tier": 60, "centre": "southern-cross", "MODE": "METRO TRAM" }, "geometry": { "type": "Point", "coordinates": [ 145.04001449, -37.80353871 ] } },
{ "type": "Feature", "properties": { "STOP_NAME": "Glass St/Mt Alexander Rd #45", "minutes": 38.0, "tier": 45, "centre": "southern-cross", "MODE": "METRO TRAM" }, "geometry": { "type": "Point", "coordinates": [ 144.91163004, -37.74648648 ] } },
{ "type": "Feature", "properties": { "STOP_NAME": "Glen Eira Rd/Brighton Rd #39", "minutes": 42.2, "tier": 45, "centre": "southern-cross", "MODE": "METRO TRAM" }, "geometry": { "type": "Point", "coordinates": [ 144.99201768, -37.87595969 ] } },
{ "type": "Feature", "properties": { "STOP_NAME": "Glen Eira Rd/Hawthorn Rd #54", "minutes": 43.0, "tier": 45, "centre": "southern-cross", "MODE": "METRO TRAM" }, "geometry": { "type": "Point", "coordinates": [ 145.02320518, -37.88012843 ] } },
{ "type": "Feature", "properties": { "STOP_NAME": "Glen Huntly Railway Station/Glen Huntly Rd  #61", "minutes": 32.3, "tier": 45, "centre": "southern-cross", "MODE": "METRO TRAM" }, "geometry": { "type": "Point", "coordinates": [ 145.042750469999987, -37.889548 ] } },
{ "type": "Feature", "properties": { "STOP_NAME": "Glen Iris Rd/Camberwell Rd #48", "minutes": 39.0, "tier": 45, "centre": "southern-cross", "MODE": "METRO TRAM" }, "geometry": { "type": "Point", "coordinates": [ 145.069159, -37.84233873 ] } },
{ "type": "Feature", "properties": { "STOP_NAME": "Glenarm Rd/Malvern Rd #50", "minutes": 32.3, "tier": 45, "centre": "southern-cross", "MODE": "METRO TRAM" }, "geometry": { "type": "Point", "coordinates": [ 145.051295079999989, -37.85441763 ] } },
{ "type": "Feature", "properties": { "STOP_NAME": "Glenbervie Rd/Toorak Rd #139", "minutes": 35.0, "tier": 45, "centre": "southern-cross", "MODE": "METRO TRAM" }, "geometry": { "type": "Point", "coordinates": [ 145.02981717, -37.84361542 ] } },
{ "type": "Feature", "properties": { "STOP_NAME": "Glendale St/Riversdale Rd #57", "minutes": 52.0, "tier": 60, "centre": "southern-cross", "MODE": "METRO TRAM" }, "geometry": { "type": "Point", "coordinates": [ 145.10030602, -37.83620369 ] } },
{ "type": "Feature", "properties": { "STOP_NAME": "Glenferrie Railway Station/Glenferrie Rd #74", "minutes": 19.1, "tier": 30, "centre": "southern-cross", "MODE": "METRO TRAM" }, "geometry": { "type": "Point", "coordinates": [ 145.03565887, -37.82131863 ] } },
{ "type": "Feature", "properties": { "STOP_NAME": "Glenferrie Rd/Cotham Rd #36", "minutes": 31.4, "tier": 45, "centre": "southern-cross", "MODE": "METRO TRAM" }, "geometry": { "type": "Point", "coordinates": [ 145.03790741, -37.80762205 ] } },
{ "type": "Feature", "properties": { "STOP_NAME": "Glenferrie Rd/High St #44", "minutes": 33.6, "tier": 45, "centre": "southern-cross", "MODE": "METRO TRAM" }, "geometry": { "type": "Point", "coordinates": [ 145.02916631, -37.85653646 ] } },
{ "type": "Feature", "properties": { "STOP_NAME": "Glenferrie Rd/Malvern Rd #43", "minutes": 39.0, "tier": 45, "centre": "southern-cross", "MODE": "METRO TRAM" }, "geometry": { "type": "Point", "coordinates": [ 145.02986746, -37.85154665 ] } },
{ "type": "Feature", "properties": { "STOP_NAME": "Glenferrie Rd/Riversdale Rd #32", "minutes": 32.4, "tier": 45, "centre": "southern-cross", "MODE": "METRO TRAM" }, "geometry": { "type": "Point", "coordinates": [ 145.0344709, -37.82884172 ] } },
{ "type": "Feature", "properties": { "STOP_NAME": "Glenferrie Rd/Toorak Rd #139", "minutes": 35.0, "tier": 45, "centre": "southern-cross", "MODE": "METRO TRAM" }, "geometry": { "type": "Point", "coordinates": [ 145.02998756, -37.84361827 ] } },
{ "type": "Feature", "properties": { "STOP_NAME": "Glenferrie Rd/Wattletree Rd #45", "minutes": 31.4, "tier": 45, "centre": "southern-cross", "MODE": "METRO TRAM" }, "geometry": { "type": "Point", "coordinates": [ 145.02850849, -37.8624552 ] } },
{ "type": "Feature", "properties": { "STOP_NAME": "Glenferrie Station/Glenferrie Rd #74", "minutes": 20.3, "tier": 30, "centre": "southern-cross", "MODE": "METRO TRAM" }, "geometry": { "type": "Point", "coordinates": [ 145.03566829, -37.82053476 ] } },
{ "type": "Feature", "properties": { "STOP_NAME": "Glenhuntly Rd/Hawthorn Rd #57", "minutes": 45.0, "tier": 45, "centre": "southern-cross", "MODE": "METRO TRAM" }, "geometry": { "type": "Point", "coordinates": [ 145.02184807, -37.88708072 ] } },
{ "type": "Feature", "properties": { "STOP_NAME": "Glenhuntly Rd/Truganini Rd #66", "minutes": 41.0, "tier": 45, "centre": "southern-cross", "MODE": "METRO TRAM" }, "geometry": { "type": "Point", "coordinates": [ 145.0540475, -37.89106911 ] } },
{ "type": "Feature", "properties": { "STOP_NAME": "Glenhuntly Shops/Glenhuntly Rd #60", "minutes": 32.6, "tier": 45, "centre": "southern-cross", "MODE": "METRO TRAM" }, "geometry": { "type": "Point", "coordinates": [ 145.04076688, -37.88930772 ] } },
{ "type": "Feature", "properties": { "STOP_NAME": "Glenhuntly Tram Depot/Glenhuntly Rd #53", "minutes": 46.6, "tier": 60, "centre": "southern-cross", "MODE": "METRO TRAM" }, "geometry": { "type": "Point", "coordinates": [ 145.02710997, -37.88761063 ] } },
{ "type": "Feature", "properties": { "STOP_NAME": "Glenlyon Rd/Lygon St #122", "minutes": 32.4, "tier": 45, "centre": "southern-cross", "MODE": "METRO TRAM" }, "geometry": { "type": "Point", "coordinates": [ 144.97141481, -37.77273715 ] } },
{ "type": "Feature", "properties": { "STOP_NAME": "Glenlyon Rd/Nicholson St #21", "minutes": 27.8, "tier": 30, "centre": "southern-cross", "MODE": "METRO TRAM" }, "geometry": { "type": "Point", "coordinates": [ 144.979281609999987, -37.77318779 ] } },
{ "type": "Feature", "properties": { "STOP_NAME": "Glenlyon Rd/Sydney Rd #21", "minutes": 33.4, "tier": 45, "centre": "southern-cross", "MODE": "METRO TRAM" }, "geometry": { "type": "Point", "coordinates": [ 144.96147305, -37.77136695 ] } },
{ "type": "Feature", "properties": { "STOP_NAME": "Glyndon Rd/Riversdale Rd #49", "minutes": 39.7, "tier": 45, "centre": "southern-cross", "MODE": "METRO TRAM" }, "geometry": { "type": "Point", "coordinates": [ 145.07933301, -37.8338898 ] } },
{ "type": "Feature", "properties": { "STOP_NAME": "Gold St/Queens Pde #24", "minutes": 26.0, "tier": 30, "centre": "southern-cross", "MODE": "METRO TRAM" }, "geometry": { "type": "Point", "coordinates": [ 144.99026498, -37.78893914 ] } },
{ "type": "Feature", "properties": { "STOP_NAME": "Gooch St/High St #39", "minutes": 46.8, "tier": 60, "centre": "southern-cross", "MODE": "METRO TRAM" }, "geometry": { "type": "Point", "coordinates": [ 145.0007412, -37.75835995 ] } },
{ "type": "Feature", "properties": { "STOP_NAME": "Gordon St/River St #54", "minutes": 32.0, "tier": 45, "centre": "southern-cross", "MODE": "METRO TRAM" }, "geometry": { "type": "Point", "coordinates": [ 144.890930919999988, -37.78000184 ] } },
{ "type": "Feature", "properties": { "STOP_NAME": "Gower St/Plenty Rd #48", "minutes": 55.0, "tier": 60, "centre": "southern-cross", "MODE": "METRO TRAM" }, "geometry": { "type": "Point", "coordinates": [ 145.00959071, -37.74115286 ] } },
{ "type": "Feature", "properties": { "STOP_NAME": "Graham St/Light Rail #128", "minutes": 13.2, "tier": 15, "centre": "southern-cross", "MODE": "METRO TRAM" }, "geometry": { "type": "Point", "coordinates": [ 144.93719006, -37.83705429 ] } },
{ "type": "Feature", "properties": { "STOP_NAME": "Graham St/Victoria Ave #31", "minutes": 22.1, "tier": 30, "centre": "southern-cross", "MODE": "METRO TRAM" }, "geometry": { "type": "Point", "coordinates": [ 144.949825589999989, -37.84567393 ] } },
{ "type": "Feature", "properties": { "STOP_NAME": "Grandview Ave/Toorak Rd #54", "minutes": 40.4, "tier": 45, "centre": "southern-cross", "MODE": "METRO TRAM" }, "geometry": { "type": "Point", "coordinates": [ 145.08459567, -37.84919661 ] } },
{ "type": "Feature", "properties": { "STOP_NAME": "Grange Rd/Glenhuntly Rd #62", "minutes": 35.4, "tier": 45, "centre": "southern-cross", "MODE": "METRO TRAM" }, "geometry": { "type": "Point", "coordinates": [ 145.045039769999988, -37.88983839 ] } },
{ "type": "Feature", "properties": { "STOP_NAME": "Grange Rd/Toorak Rd #133", "minutes": 28.1, "tier": 30, "centre": "southern-cross", "MODE": "METRO TRAM" }, "geometry": { "type": "Point", "coordinates": [ 145.01058511, -37.84122828 ] } },
{ "type": "Feature", "properties": { "STOP_NAME": "Grant St-Police Memorial/St Kilda Rd #17", "minutes": 13.1, "tier": 15, "centre": "southern-cross", "MODE": "METRO TRAM" }, "geometry": { "type": "Point", "coordinates": [ 144.97054956, -37.8242787 ] } },
{ "type": "Feature", "properties": { "STOP_NAME": "Grant St/Sturt St #18", "minutes": 17.4, "tier": 30, "centre": "southern-cross", "MODE": "METRO TRAM" }, "geometry": { "type": "Point", "coordinates": [ 144.96663426, -37.82577919 ] } },
{ "type": "Feature", "properties": { "STOP_NAME": "Grantham St/Dawson St #31", "minutes": 31.1, "tier": 45, "centre": "southern-cross", "MODE": "METRO TRAM" }, "geometry": { "type": "Point", "coordinates": [ 144.94953211, -37.77005124 ] } },
{ "type": "Feature", "properties": { "STOP_NAME": "Grattan St/Church St #24", "minutes": 32.3, "tier": 45, "centre": "southern-cross", "MODE": "METRO TRAM" }, "geometry": { "type": "Point", "coordinates": [ 145.01860689, -37.81790581 ] } },
{ "type": "Feature", "properties": { "STOP_NAME": "Greeves St/Carlisle St #34", "minutes": 30.6, "tier": 45, "centre": "southern-cross", "MODE": "METRO TRAM" }, "geometry": { "type": "Point", "coordinates": [ 144.98400639, -37.86747788 ] } },
{ "type": "Feature", "properties": { "STOP_NAME": "Grice Cres/Mt Alexander Rd #42", "minutes": 36.4, "tier": 45, "centre": "southern-cross", "MODE": "METRO TRAM" }, "geometry": { "type": "Point", "coordinates": [ 144.91589421, -37.75266296 ] } },
{ "type": "Feature", "properties": { "STOP_NAME": "Haines St/Abbotsford St #16", "minutes": 26.4, "tier": 30, "centre": "southern-cross", "MODE": "METRO TRAM" }, "geometry": { "type": "Point", "coordinates": [ 144.94634395, -37.79828366 ] } },
{ "type": "Feature", "properties": { "STOP_NAME": "Halstead St/Hawthorn Rd #52", "minutes": 40.5, "tier": 45, "centre": "southern-cross", "MODE": "METRO TRAM" }, "geometry": { "type": "Point", "coordinates": [ 145.024154149999987, -37.87525099 ] } },
{ "type": "Feature", "properties": { "STOP_NAME": "Hanover St/Brunswick St #14", "minutes": 21.3, "tier": 30, "centre": "southern-cross", "MODE": "METRO TRAM" }, "geometry": { "type": "Point", "coordinates": [ 144.97761062, -37.80283501 ] } },
{ "type": "Feature", "properties": { "STOP_NAME": "Harbour Esp/Collins St #D16", "minutes": 1.3, "tier": 15, "centre": "southern-cross", "MODE": "METRO TRAM" }, "geometry": { "type": "Point", "coordinates": [ 144.94803758, -37.82079748 ] } },
{ "type": "Feature", "properties": { "STOP_NAME": "Harding St/Nicholson St #133", "minutes": 47.8, "tier": 60, "centre": "southern-cross", "MODE": "METRO TRAM" }, "geometry": { "type": "Point", "coordinates": [ 144.97731019, -37.74637073 ] } },
{ "type": "Feature", "properties": { "STOP_NAME": "Harding St/Sydney Rd #32", "minutes": 39.5, "tier": 45, "centre": "southern-cross", "MODE": "METRO TRAM" }, "geometry": { "type": "Point", "coordinates": [ 144.96605843, -37.74488833 ] } },
{ "type": "Feature", "properties": { "STOP_NAME": "Hardwicke St/Whitehorse Rd #45", "minutes": 59.3, "tier": 60, "centre": "southern-cross", "MODE": "METRO TRAM" }, "geometry": { "type": "Point", "coordinates": [ 145.07178499, -37.81175036 ] } },
{ "type": "Feature", "properties": { "STOP_NAME": "Harold Holt Swim Centre/High St #49", "minutes": 42.0, "tier": 45, "centre": "southern-cross", "MODE": "METRO TRAM" }, "geometry": { "type": "Point", "coordinates": [ 145.044198419999987, -37.85845437 ] } },
{ "type": "Feature", "properties": { "STOP_NAME": "Harold St/Danks St #137", "minutes": 21.2, "tier": 30, "centre": "southern-cross", "MODE": "METRO TRAM" }, "geometry": { "type": "Point", "coordinates": [ 144.9591807, -37.85136066 ] } },
{ "type": "Feature", "properties": { "STOP_NAME": "Harp Rd/High St #39", "minutes": 49.9, "tier": 60, "centre": "southern-cross", "MODE": "METRO TRAM" }, "geometry": { "type": "Point", "coordinates": [ 145.05043601, -37.79941303 ] } },
{ "type": "Feature", "properties": { "STOP_NAME": "Harp Village/High St #40", "minutes": 50.3, "tier": 60, "centre": "southern-cross", "MODE": "METRO TRAM" }, "geometry": { "type": "Point", "coordinates": [ 145.05202394, -37.79862823 ] } },
{ "type": "Feature", "properties": { "STOP_NAME": "Harris Ave/Burke Rd #52", "minutes": 35.5, "tier": 45, "centre": "southern-cross", "MODE": "METRO TRAM" }, "geometry": { "type": "Point", "coordinates": [ 145.05304243, -37.84977841 ] } },
{ "type": "Feature", "properties": { "STOP_NAME": "Hastings Rd/Riversdale Rd #38", "minutes": 37.9, "tier": 45, "centre": "southern-cross", "MODE": "METRO TRAM" }, "geometry": { "type": "Point", "coordinates": [ 145.05134006, -37.8306902 ] } },
{ "type": "Feature", "properties": { "STOP_NAME": "Havelock St/Carlisle St #32", "minutes": 24.9, "tier": 30, "centre": "southern-cross", "MODE": "METRO TRAM" }, "geometry": { "type": "Point", "coordinates": [ 144.978584540000014, -37.86704244 ] } },
{ "type": "Feature", "properties": { "STOP_NAME": "Hawker St/Matthews Ave #57", "minutes": 54.2, "tier": 60, "centre": "southern-cross", "MODE": "METRO TRAM" }, "geometry": { "type": "Point", "coordinates": [ 144.891389870000012, -37.72306487 ] } },
{ "type": "Feature", "properties": { "STOP_NAME": "Hawksburn Rd/Toorak Rd #130", "minutes": 24.1, "tier": 30, "centre": "southern-cross", "MODE": "METRO TRAM" }, "geometry": { "type": "Point", "coordinates": [ 145.002335570000014, -37.84036764 ] } },
{ "type": "Feature", "properties": { "STOP_NAME": "Hawthorn Bridge/Bridge Rd #23", "minutes": 31.3, "tier": 45, "centre": "southern-cross", "MODE": "METRO TRAM" }, "geometry": { "type": "Point", "coordinates": [ 145.01637102, -37.8199499 ] } },
{ "type": "Feature", "properties": { "STOP_NAME": "Hawthorn Railway Station/Burwood Rd #26", "minutes": 19.1, "tier": 30, "centre": "southern-cross", "MODE": "METRO TRAM" }, "geometry": { "type": "Point", "coordinates": [ 145.024817219999989, -37.82145268 ] } },
{ "type": "Feature", "properties": { "STOP_NAME": "Hawthorn Rd/Balaclava Rd #51", "minutes": 37.0, "tier": 45, "centre": "southern-cross", "MODE": "METRO TRAM" }, "geometry": { "type": "Point", "coordinates": [ 145.02494735, -37.87279508 ] } },
{ "type": "Feature", "properties": { "STOP_NAME": "Hawthorn Rd/Dandenong Rd #48", "minutes": 31.7, "tier": 45, "centre": "southern-cross", "MODE": "METRO TRAM" }, "geometry": { "type": "Point", "coordinates": [ 145.02576928, -37.86542823 ] } },
{ "type": "Feature", "properties": { "STOP_NAME": "Hawthorn Rd/Glenhuntly Rd #51", "minutes": 46.0, "tier": 60, "centre": "southern-cross", "MODE": "METRO TRAM" }, "geometry": { "type": "Point", "coordinates": [ 145.02222579, -37.88698794 ] } },
{ "type": "Feature", "properties": { "STOP_NAME": "Heller St/Grantham St #29", "minutes": 29.7, "tier": 30, "centre": "southern-cross", "MODE": "METRO TRAM" }, "geometry": { "type": "Point", "coordinates": [ 144.94885227, -37.77493281 ] } },
{ "type": "Feature", "properties": { "STOP_NAME": "High St/Barkers Rd #29", "minutes": 36.3, "tier": 45, "centre": "southern-cross", "MODE": "METRO TRAM" }, "geometry": { "type": "Point", "coordinates": [ 145.023178879999989, -37.81302615 ] } },
{ "type": "Feature", "properties": { "STOP_NAME": "High St/Chapel St #45", "minutes": 32.4, "tier": 45, "centre": "southern-cross", "MODE": "METRO TRAM" }, "geometry": { "type": "Point", "coordinates": [ 144.99328287, -37.85195599 ] } },
{ "type": "Feature", "properties": { "STOP_NAME": "High St/Cotham Rd #34", "minutes": 42.1, "tier": 45, "centre": "southern-cross", "MODE": "METRO TRAM" }, "geometry": { "type": "Point", "coordinates": [ 145.03130217, -37.80698912 ] } },
{ "type": "Feature", "properties": { "STOP_NAME": "High St/Glenferrie Rd #57", "minutes": 34.0, "tier": 45, "centre": "southern-cross", "MODE": "METRO TRAM" }, "geometry": { "type": "Point", "coordinates": [ 145.029181349999988, -37.85682509 ] } },
{ "type": "Feature", "properties": { "STOP_NAME": "High St/St Kilda Rd #27", "minutes": 28.4, "tier": 30, "centre": "southern-cross", "MODE": "METRO TRAM" }, "geometry": { "type": "Point", "coordinates": [ 144.98055399, -37.84986386 ] } },
{ "type": "Feature", "properties": { "STOP_NAME": "Highett St/Church St #62", "minutes": 22.1, "tier": 30, "centre": "southern-cross", "MODE": "METRO TRAM" }, "geometry": { "type": "Point", "coordinates": [ 144.999574380000013, -37.81596188 ] } },
{ "type": "Feature", "properties": { "STOP_NAME": "Highfield Rd/Riversdale Rd #51", "minutes": 44.4, "tier": 45, "centre": "southern-cross", "MODE": "METRO TRAM" }, "geometry": { "type": "Point", "coordinates": [ 145.084854299999989, -37.83436725 ] } },
{ "type": "Feature", "properties": { "STOP_NAME": "Highfield Rd/Toorak Rd #53", "minutes": 37.3, "tier": 45, "centre": "southern-cross", "MODE": "METRO TRAM" }, "geometry": { "type": "Point", "coordinates": [ 145.081811789999989, -37.84873673 ] } },
{ "type": "Feature", "properties": { "STOP_NAME": "Highpoint Shopping Centre/Wests Rd #49", "minutes": 38.8, "tier": 45, "centre": "southern-cross", "MODE": "METRO TRAM" }, "geometry": { "type": "Point", "coordinates": [ 144.88218077, -37.77310408 ] } },
{ "type": "Feature", "properties": { "STOP_NAME": "Highview Gr/Burwood Hwy #69", "minutes": 53.9, "tier": 60, "centre": "southern-cross", "MODE": "METRO TRAM" }, "geometry": { "type": "Point", "coordinates": [ 145.14634167, -37.85194242 ] } },
{ "type": "Feature", "properties": { "STOP_NAME": "Hill St/Church St #24", "minutes": 32.3, "tier": 45, "centre": "southern-cross", "MODE": "METRO TRAM" }, "geometry": { "type": "Point", "coordinates": [ 145.01875282, -37.81797135 ] } },
{ "type": "Feature", "properties": { "STOP_NAME": "Hobson St/Malvern Rd #33", "minutes": 26.2, "tier": 30, "centre": "southern-cross", "MODE": "METRO TRAM" }, "geometry": { "type": "Point", "coordinates": [ 145.001155430000011, -37.84788144 ] } },
{ "type": "Feature", "properties": { "STOP_NAME": "Hoddle St/Fletcher St #39", "minutes": 45.4, "tier": 60, "centre": "southern-cross", "MODE": "METRO TRAM" }, "geometry": { "type": "Point", "coordinates": [ 144.92276188, -37.75546977 ] } },
{ "type": "Feature", "properties": { "STOP_NAME": "Hoddle St/Victoria Pde #18", "minutes": 17.8, "tier": 30, "centre": "southern-cross", "MODE": "METRO TRAM" }, "geometry": { "type": "Point", "coordinates": [ 144.99064424, -37.80972686 ] } },
{ "type": "Feature", "properties": { "STOP_NAME": "Hodgson St/Smith St #18", "minutes": 24.7, "tier": 30, "centre": "southern-cross", "MODE": "METRO TRAM" }, "geometry": { "type": "Point", "coordinates": [ 144.98374388, -37.8015794 ] } },
{ "type": "Feature", "properties": { "STOP_NAME": "Hoffmans Rd/Keilor Rd #52", "minutes": 50.2, "tier": 60, "centre": "southern-cross", "MODE": "METRO TRAM" }, "geometry": { "type": "Point", "coordinates": [ 144.892546939999988, -37.73747737 ] } },
{ "type": "Feature", "properties": { "STOP_NAME": "Holden St/Nicholson St #19", "minutes": 24.8, "tier": 30, "centre": "southern-cross", "MODE": "METRO TRAM" }, "geometry": { "type": "Point", "coordinates": [ 144.97816678, -37.77993654 ] } },
{ "type": "Feature", "properties": { "STOP_NAME": "Holden St/St Georges Rd #24", "minutes": 35.3, "tier": 45, "centre": "southern-cross", "MODE": "METRO TRAM" }, "geometry": { "type": "Point", "coordinates": [ 144.98651987, -37.78007062 ] } },
{ "type": "Feature", "properties": { "STOP_NAME": "Hood St/Whitehorse Rd #55", "minutes": 39.1, "tier": 45, "centre": "southern-cross", "MODE": "METRO TRAM" }, "geometry": { "type": "Point", "coordinates": [ 145.10945346, -37.81616419 ] } },
{ "type": "Feature", "properties": { "STOP_NAME": "Hope St/Melville Rd #36", "minutes": 35.1, "tier": 45, "centre": "southern-cross", "MODE": "METRO TRAM" }, "geometry": { "type": "Point", "coordinates": [ 144.944384140000011, -37.76204015 ] } },
{ "type": "Feature", "properties": { "STOP_NAME": "Hornby St/Dandenong Rd #33", "minutes": 33.4, "tier": 45, "centre": "southern-cross", "MODE": "METRO TRAM" }, "geometry": { "type": "Point", "coordinates": [ 144.99574837, -37.85827918 ] } },
{ "type": "Feature", "properties": { "STOP_NAME": "Hornby St/High St #32", "minutes": 33.4, "tier": 45, "centre": "southern-cross", "MODE": "METRO TRAM" }, "geometry": { "type": "Point", "coordinates": [ 144.996435850000012, -37.85219895 ] } },
{ "type": "Feature", "properties": { "STOP_NAME": "Hotham St/Balaclava Rd #40", "minutes": 41.1, "tier": 45, "centre": "southern-cross", "MODE": "METRO TRAM" }, "geometry": { "type": "Point", "coordinates": [ 144.999624790000013, -37.86960981 ] } },
{ "type": "Feature", "properties": { "STOP_NAME": "Hotham St/Brighton Rd #42", "minutes": 37.9, "tier": 45, "centre": "southern-cross", "MODE": "METRO TRAM" }, "geometry": { "type": "Point", "coordinates": [ 144.99634407, -37.88286431 ] } },
{ "type": "Feature", "properties": { "STOP_NAME": "Hotham St/Carlisle St #40", "minutes": 41.2, "tier": 45, "centre": "southern-cross", "MODE": "METRO TRAM" }, "geometry": { "type": "Point", "coordinates": [ 144.99928854, -37.86943287 ] } },
{ "type": "Feature", "properties": { "STOP_NAME": "Hotham St/Maribyrnong Rd #38", "minutes": 36.4, "tier": 45, "centre": "southern-cross", "MODE": "METRO TRAM" }, "geometry": { "type": "Point", "coordinates": [ 144.912330239999989, -37.77123617 ] } },
{ "type": "Feature", "properties": { "STOP_NAME": "Howard St/Church St #53", "minutes": 29.6, "tier": 30, "centre": "southern-cross", "MODE": "METRO TRAM" }, "geometry": { "type": "Point", "coordinates": [ 144.99668831, -37.8327919 ] } },
{ "type": "Feature", "properties": { "STOP_NAME": "Howard St/Victoria St #9", "minutes": 16.6, "tier": 30, "centre": "southern-cross", "MODE": "METRO TRAM" }, "geometry": { "type": "Point", "coordinates": [ 144.95350235, -37.80556361 ] } },
{ "type": "Feature", "properties": { "STOP_NAME": "Hughes St/Waverley Rd #63", "minutes": 37.0, "tier": 45, "centre": "southern-cross", "MODE": "METRO TRAM" }, "geometry": { "type": "Point", "coordinates": [ 145.05690499, -37.87710299 ] } },
{ "type": "Feature", "properties": { "STOP_NAME": "Huntingtower Rd/High St #42", "minutes": 27.5, "tier": 30, "centre": "southern-cross", "MODE": "METRO TRAM" }, "geometry": { "type": "Point", "coordinates": [ 145.02367259, -37.85583154 ] } },
{ "type": "Feature", "properties": { "STOP_NAME": "Hutton St/St Georges Rd #33", "minutes": 45.3, "tier": 60, "centre": "southern-cross", "MODE": "METRO TRAM" }, "geometry": { "type": "Point", "coordinates": [ 144.99393074, -37.75541444 ] } },
{ "type": "Feature", "properties": { "STOP_NAME": "Ievers St/Royal Pde #17", "minutes": 27.4, "tier": 30, "centre": "southern-cross", "MODE": "METRO TRAM" }, "geometry": { "type": "Point", "coordinates": [ 144.9596398, -37.78188803 ] } },
{ "type": "Feature", "properties": { "STOP_NAME": "Inglisby Rd/Whitehorse Rd #54", "minutes": 38.9, "tier": 45, "centre": "southern-cross", "MODE": "METRO TRAM" }, "geometry": { "type": "Point", "coordinates": [ 145.10312266, -37.8154045 ] } },
{ "type": "Feature", "properties": { "STOP_NAME": "Inkerman Rd/Hawthorn Rd #50", "minutes": 36.4, "tier": 45, "centre": "southern-cross", "MODE": "METRO TRAM" }, "geometry": { "type": "Point", "coordinates": [ 145.02518919, -37.86969909 ] } },
{ "type": "Feature", "properties": { "STOP_NAME": "Inkerman St/Chapel St #38", "minutes": 41.3, "tier": 45, "centre": "southern-cross", "MODE": "METRO TRAM" }, "geometry": { "type": "Point", "coordinates": [ 144.99079142, -37.86544011 ] } },
{ "type": "Feature", "properties": { "STOP_NAME": "Inkerman St/St Kilda Rd #34", "minutes": 35.9, "tier": 45, "centre": "southern-cross", "MODE": "METRO TRAM" }, "geometry": { "type": "Point", "coordinates": [ 144.98590098, -37.8651132 ] } },
{ "type": "Feature", "properties": { "STOP_NAME": "Irving Rd/Malvern Rd #39", "minutes": 27.7, "tier": 30, "centre": "southern-cross", "MODE": "METRO TRAM" }, "geometry": { "type": "Point", "coordinates": [ 145.01867854, -37.85005214 ] } },
{ "type": "Feature", "properties": { "STOP_NAME": "Irving Rd/Toorak Rd #136", "minutes": 32.0, "tier": 45, "centre": "southern-cross", "MODE": "METRO TRAM" }, "geometry": { "type": "Point", "coordinates": [ 145.0200863, -37.84246086 ] } },
{ "type": "Feature", "properties": { "STOP_NAME": "Irymple Ave/High St #42", "minutes": 58.2, "tier": 60, "centre": "southern-cross", "MODE": "METRO TRAM" }, "geometry": { "type": "Point", "coordinates": [ 145.05715908, -37.796397 ] } },
{ "type": "Feature", "properties": { "STOP_NAME": "Jacka Bvd/Fitzroy St #135", "minutes": 20.1, "tier": 30, "centre": "southern-cross", "MODE": "METRO TRAM" }, "geometry": { "type": "Point", "coordinates": [ 144.973004839999987, -37.86241359 ] } },
{ "type": "Feature", "properties": { "STOP_NAME": "Jacka St/Gilbert Rd #45", "minutes": 55.3, "tier": 60, "centre": "southern-cross", "MODE": "METRO TRAM" }, "geometry": { "type": "Point", "coordinates": [ 144.99084821, -37.7329944 ] } },
{ "type": "Feature", "properties": { "STOP_NAME": "Jacobs Reserve/Melville Rd #38", "minutes": 38.1, "tier": 45, "centre": "southern-cross", "MODE": "METRO TRAM" }, "geometry": { "type": "Point", "coordinates": [ 144.94538538, -37.75662349 ] } },
{ "type": "Feature", "properties": { "STOP_NAME": "Jasmine St/Glenhuntly Rd #52", "minutes": 46.0, "tier": 60, "centre": "southern-cross", "MODE": "METRO TRAM" }, "geometry": { "type": "Point", "coordinates": [ 145.024141289999989, -37.88721838 ] } },
{ "type": "Feature", "properties": { "STOP_NAME": "Johnson St/Glenferrie Rd #76", "minutes": 26.6, "tier": 30, "centre": "southern-cross", "MODE": "METRO TRAM" }, "geometry": { "type": "Point", "coordinates": [ 145.03631124, -37.81685063 ] } },
{ "type": "Feature", "properties": { "STOP_NAME": "Johnston St/Brunswick St #16", "minutes": 24.3, "tier": 30, "centre": "southern-cross", "MODE": "METRO TRAM" }, "geometry": { "type": "Point", "coordinates": [ 144.978364, -37.79853129 ] } },
{ "type": "Feature", "properties": { "STOP_NAME": "Johnston St/Nicholson St #13", "minutes": 18.8, "tier": 30, "centre": "southern-cross", "MODE": "METRO TRAM" }, "geometry": { "type": "Point", "coordinates": [ 144.974859259999988, -37.79836294 ] } },
{ "type": "Feature", "properties": { "STOP_NAME": "Johnston St/Smith St #19", "minutes": 24.8, "tier": 30, "centre": "southern-cross", "MODE": "METRO TRAM" }, "geometry": { "type": "Point", "coordinates": [ 144.984163880000011, -37.79908131 ] } },
{ "type": "Feature", "properties": { "STOP_NAME": "Jolimont Rd/Wellington Pde #10", "minutes": 15.3, "tier": 30, "centre": "southern-cross", "MODE": "METRO TRAM" }, "geometry": { "type": "Point", "coordinates": [ 144.97979141, -37.81575029 ] } },
{ "type": "Feature", "properties": { "STOP_NAME": "Jolimont Station-MCG/Wellington Pde #11", "minutes": 11.6, "tier": 15, "centre": "southern-cross", "MODE": "METRO TRAM" }, "geometry": { "type": "Point", "coordinates": [ 144.98477463, -37.81630429 ] } },
{ "type": "Feature", "properties": { "STOP_NAME": "Kambrook Rd/Balaclava Rd #54", "minutes": 34.5, "tier": 45, "centre": "southern-cross", "MODE": "METRO TRAM" }, "geometry": { "type": "Point", "coordinates": [ 145.03613231, -37.87414477 ] } },
{ "type": "Feature", "properties": { "STOP_NAME": "Kambrook Rd/Glenhuntly Rd #56", "minutes": 41.5, "tier": 45, "centre": "southern-cross", "MODE": "METRO TRAM" }, "geometry": { "type": "Point", "coordinates": [ 145.03308536, -37.88825137 ] } },
{ "type": "Feature", "properties": { "STOP_NAME": "Kean St/Glenhuntly Rd #56", "minutes": 41.9, "tier": 45, "centre": "southern-cross", "MODE": "METRO TRAM" }, "geometry": { "type": "Point", "coordinates": [ 145.03343339, -37.8884194 ] } },
{ "type": "Feature", "properties": { "STOP_NAME": "Keats St/Burwood Hwy #69", "minutes": 54.0, "tier": 60, "centre": "southern-cross", "MODE": "METRO TRAM" }, "geometry": { "type": "Point", "coordinates": [ 145.14624168, -37.85185073 ] } },
{ "type": "Feature", "properties": { "STOP_NAME": "Keele St/Smith St #20", "minutes": 25.8, "tier": 30, "centre": "southern-cross", "MODE": "METRO TRAM" }, "geometry": { "type": "Point", "coordinates": [ 144.98475119, -37.79669422 ] } },
{ "type": "Feature", "properties": { "STOP_NAME": "Keilor Rd/Matthews Ave #53", "minutes": 51.2, "tier": 60, "centre": "southern-cross", "MODE": "METRO TRAM" }, "geometry": { "type": "Point", "coordinates": [ 144.88936458, -37.73525758 ] } },
{ "type": "Feature", "properties": { "STOP_NAME": "Kenilworth Gr/Malvern Rd #49", "minutes": 35.5, "tier": 45, "centre": "southern-cross", "MODE": "METRO TRAM" }, "geometry": { "type": "Point", "coordinates": [ 145.048319529999986, -37.85389971 ] } },
{ "type": "Feature", "properties": { "STOP_NAME": "Kent Gr/Balaclava Rd #45", "minutes": 46.1, "tier": 60, "centre": "southern-cross", "MODE": "METRO TRAM" }, "geometry": { "type": "Point", "coordinates": [ 145.01473187, -37.87134353 ] } },
{ "type": "Feature", "properties": { "STOP_NAME": "Kent St/Church St #63", "minutes": 31.4, "tier": 45, "centre": "southern-cross", "MODE": "METRO TRAM" }, "geometry": { "type": "Point", "coordinates": [ 145.00003874, -37.81432962 ] } },
{ "type": "Feature", "properties": { "STOP_NAME": "Kerferd Rd/Canterbury Rd #132", "minutes": 16.1, "tier": 30, "centre": "southern-cross", "MODE": "METRO TRAM" }, "geometry": { "type": "Point", "coordinates": [ 144.959346790000012, -37.84245096 ] } },
{ "type": "Feature", "properties": { "STOP_NAME": "Kew Cemetery/High St #37", "minutes": 46.3, "tier": 60, "centre": "southern-cross", "MODE": "METRO TRAM" }, "geometry": { "type": "Point", "coordinates": [ 145.0425641, -37.80247266 ] } },
{ "type": "Feature", "properties": { "STOP_NAME": "Kew High School/High St #43", "minutes": 54.7, "tier": 60, "centre": "southern-cross", "MODE": "METRO TRAM" }, "geometry": { "type": "Point", "coordinates": [ 145.06108881, -37.79465037 ] } },
{ "type": "Feature", "properties": { "STOP_NAME": "Kew Junction/High St #32", "minutes": 41.7, "tier": 45, "centre": "southern-cross", "MODE": "METRO TRAM" }, "geometry": { "type": "Point", "coordinates": [ 145.028582809999989, -37.80759248 ] } },
{ "type": "Feature", "properties": { "STOP_NAME": "Kew Shopping Centre/High St #33", "minutes": 41.3, "tier": 45, "centre": "southern-cross", "MODE": "METRO TRAM" }, "geometry": { "type": "Point", "coordinates": [ 145.03131054, -37.80667385 ] } },
{ "type": "Feature", "properties": { "STOP_NAME": "Kew Traffic School/Cotham Rd #41", "minutes": 55.3, "tier": 60, "centre": "southern-cross", "MODE": "METRO TRAM" }, "geometry": { "type": "Point", "coordinates": [ 145.05766764, -37.80993225 ] } },
{ "type": "Feature", "properties": { "STOP_NAME": "King William St/Brunswick St #14", "minutes": 21.3, "tier": 30, "centre": "southern-cross", "MODE": "METRO TRAM" }, "geometry": { "type": "Point", "coordinates": [ 144.977807289999987, -37.80270321 ] } },
{ "type": "Feature", "properties": { "STOP_NAME": "Kings Way/Sturt St #20", "minutes": 22.2, "tier": 30, "centre": "southern-cross", "MODE": "METRO TRAM" }, "geometry": { "type": "Point", "coordinates": [ 144.96533424, -37.83009138 ] } },
{ "type": "Feature", "properties": { "STOP_NAME": "Kooyong Railway Station/Glenferrie Rd #65", "minutes": 27.1, "tier": 30, "centre": "southern-cross", "MODE": "METRO TRAM" }, "geometry": { "type": "Point", "coordinates": [ 145.03243108, -37.83933346 ] } },
{ "type": "Feature", "properties": { "STOP_NAME": "Kooyong Rd/Balaclava Rd #46", "minutes": 37.9, "tier": 45, "centre": "southern-cross", "MODE": "METRO TRAM" }, "geometry": { "type": "Point", "coordinates": [ 145.017620560000012, -37.87172566 ] } },
{ "type": "Feature", "properties": { "STOP_NAME": "Kooyong Rd/Dandenong Rd #42", "minutes": 32.6, "tier": 45, "centre": "southern-cross", "MODE": "METRO TRAM" }, "geometry": { "type": "Point", "coordinates": [ 145.01883375, -37.86250903 ] } },
{ "type": "Feature", "properties": { "STOP_NAME": "Kooyong Rd/Glenhuntly Rd #49", "minutes": 50.4, "tier": 60, "centre": "southern-cross", "MODE": "METRO TRAM" }, "geometry": { "type": "Point", "coordinates": [ 145.015086020000012, -37.88610173 ] } },
{ "type": "Feature", "properties": { "STOP_NAME": "Kooyong Rd/High St #41", "minutes": 24.2, "tier": 30, "centre": "southern-cross", "MODE": "METRO TRAM" }, "geometry": { "type": "Point", "coordinates": [ 145.02058071, -37.85541912 ] } },
{ "type": "Feature", "properties": { "STOP_NAME": "Kooyong Rd/Malvern Rd #40", "minutes": 31.5, "tier": 45, "centre": "southern-cross", "MODE": "METRO TRAM" }, "geometry": { "type": "Point", "coordinates": [ 145.02130587, -37.85040273 ] } },
{ "type": "Feature", "properties": { "STOP_NAME": "Kooyong Rd/Toorak Rd #137", "minutes": 33.0, "tier": 45, "centre": "southern-cross", "MODE": "METRO TRAM" }, "geometry": { "type": "Point", "coordinates": [ 145.02306477, -37.84284435 ] } },
{ "type": "Feature", "properties": { "STOP_NAME": "Kooyong Rd/Wattletree Rd #42", "minutes": 29.2, "tier": 30, "centre": "southern-cross", "MODE": "METRO TRAM" }, "geometry": { "type": "Point", "coordinates": [ 145.019899259999988, -37.86134642 ] } },
{ "type": "Feature", "properties": { "STOP_NAME": "Kooyong Tennis Centre/Glenferrie Rd #66", "minutes": 32.4, "tier": 45, "centre": "southern-cross", "MODE": "METRO TRAM" }, "geometry": { "type": "Point", "coordinates": [ 145.03235111, -37.83849403 ] } },
{ "type": "Feature", "properties": { "STOP_NAME": "Kooyongkoot Rd/Riversdale Rd #34", "minutes": 33.4, "tier": 45, "centre": "southern-cross", "MODE": "METRO TRAM" }, "geometry": { "type": "Point", "coordinates": [ 145.0384727, -37.82917882 ] } },
{ "type": "Feature", "properties": { "STOP_NAME": "La Trobe St/Spencer St #119", "minutes": 5.8, "tier": 15, "centre": "southern-cross", "MODE": "METRO TRAM" }, "geometry": { "type": "Point", "coordinates": [ 144.951502409999989, -37.81340511 ] } },
{ "type": "Feature", "properties": { "STOP_NAME": "La Trobe St/Victoria St #9", "minutes": 16.9, "tier": 30, "centre": "southern-cross", "MODE": "METRO TRAM" }, "geometry": { "type": "Point", "coordinates": [ 144.970971819999988, -37.80761421 ] } },
{ "type": "Feature", "properties": { "STOP_NAME": "Lakeside Dr/Burwood Hwy #72", "minutes": 59.6, "tier": 60, "centre": "southern-cross", "MODE": "METRO TRAM" }, "geometry": { "type": "Point", "coordinates": [ 145.164637019999986, -37.85436493 ] } },
{ "type": "Feature", "properties": { "STOP_NAME": "Langridge St/Patterson St #139", "minutes": 22.2, "tier": 30, "centre": "southern-cross", "MODE": "METRO TRAM" }, "geometry": { "type": "Point", "coordinates": [ 144.96558736, -37.85478788 ] } },
{ "type": "Feature", "properties": { "STOP_NAME": "Lansdowne Rd/Dandenong Rd #37", "minutes": 38.4, "tier": 45, "centre": "southern-cross", "MODE": "METRO TRAM" }, "geometry": { "type": "Point", "coordinates": [ 145.00727758, -37.8598267 ] } },
{ "type": "Feature", "properties": { "STOP_NAME": "Lansdowne St/Victoria Pde #13", "minutes": 18.3, "tier": 30, "centre": "southern-cross", "MODE": "METRO TRAM" }, "geometry": { "type": "Point", "coordinates": [ 144.978343810000013, -37.80843491 ] } },
{ "type": "Feature", "properties": { "STOP_NAME": "Lansdowne St/Wellington Pde #9", "minutes": 14.3, "tier": 15, "centre": "southern-cross", "MODE": "METRO TRAM" }, "geometry": { "type": "Point", "coordinates": [ 144.977164069999986, -37.81545285 ] } },
{ "type": "Feature", "properties": { "STOP_NAME": "Latona Ave/Gilbert Rd #39", "minutes": 50.3, "tier": 60, "centre": "southern-cross", "MODE": "METRO TRAM" }, "geometry": { "type": "Point", "coordinates": [ 144.98880394, -37.74563926 ] } },
{ "type": "Feature", "properties": { "STOP_NAME": "Laura St/Glenhuntly Rd #57", "minutes": 39.2, "tier": 45, "centre": "southern-cross", "MODE": "METRO TRAM" }, "geometry": { "type": "Point", "coordinates": [ 145.035484880000013, -37.88866994 ] } },
{ "type": "Feature", "properties": { "STOP_NAME": "Lauriston Girls School/Malvern Rd #42", "minutes": 36.9, "tier": 45, "centre": "southern-cross", "MODE": "METRO TRAM" }, "geometry": { "type": "Point", "coordinates": [ 145.02614147, -37.85105166 ] } },
{ "type": "Feature", "properties": { "STOP_NAME": "Leake St/Mt Alexander Rd #45", "minutes": 38.0, "tier": 45, "centre": "southern-cross", "MODE": "METRO TRAM" }, "geometry": { "type": "Point", "coordinates": [ 144.91146268, -37.74638439 ] } },
{ "type": "Feature", "properties": { "STOP_NAME": "Leeds St/Hopkins St #63", "minutes": 16.2, "tier": 30, "centre": "southern-cross", "MODE": "METRO TRAM" }, "geometry": { "type": "Point", "coordinates": [ 144.90091715, -37.79985278 ] } },
{ "type": "Feature", "properties": { "STOP_NAME": "Leicester St/Brunswick St #17", "minutes": 25.3, "tier": 30, "centre": "southern-cross", "MODE": "METRO TRAM" }, "geometry": { "type": "Point", "coordinates": [ 144.97885197, -37.79562886 ] } },
{ "type": "Feature", "properties": { "STOP_NAME": "Lennox St/Swan St #9", "minutes": 15.8, "tier": 30, "centre": "southern-cross", "MODE": "METRO TRAM" }, "geometry": { "type": "Point", "coordinates": [ 144.993484200000012, -37.82523953 ] } },
{ "type": "Feature", "properties": { "STOP_NAME": "Lennox St/Victoria St #20", "minutes": 26.1, "tier": 30, "centre": "southern-cross", "MODE": "METRO TRAM" }, "geometry": { "type": "Point", "coordinates": [ 144.99575984, -37.80999428 ] } },
{ "type": "Feature", "properties": { "STOP_NAME": "Leonard St/Royal Pde #15", "minutes": 25.5, "tier": 30, "centre": "southern-cross", "MODE": "METRO TRAM" }, "geometry": { "type": "Point", "coordinates": [ 144.95889446000001, -37.78793104 ] } },
{ "type": "Feature", "properties": { "STOP_NAME": "Leopold St/St Kilda Rd #24", "minutes": 24.9, "tier": 30, "centre": "southern-cross", "MODE": "METRO TRAM" }, "geometry": { "type": "Point", "coordinates": [ 144.97740511, -37.84115853 ] } },
{ "type": "Feature", "properties": { "STOP_NAME": "Leslie St/Victoria St #23", "minutes": 30.3, "tier": 45, "centre": "southern-cross", "MODE": "METRO TRAM" }, "geometry": { "type": "Point", "coordinates": [ 145.007617149999987, -37.81131297 ] } },
{ "type": "Feature", "properties": { "STOP_NAME": "Leura Gr/Burke Rd #58", "minutes": 40.4, "tier": 45, "centre": "southern-cross", "MODE": "METRO TRAM" }, "geometry": { "type": "Point", "coordinates": [ 145.05533644, -37.83816402 ] } },
{ "type": "Feature", "properties": { "STOP_NAME": "Lewisham Rd/High St #34", "minutes": 37.4, "tier": 45, "centre": "southern-cross", "MODE": "METRO TRAM" }, "geometry": { "type": "Point", "coordinates": [ 144.9996855, -37.85265073 ] } },
{ "type": "Feature", "properties": { "STOP_NAME": "Liddiard St/Glenferrie Rd #75", "minutes": 23.9, "tier": 30, "centre": "southern-cross", "MODE": "METRO TRAM" }, "geometry": { "type": "Point", "coordinates": [ 145.03621927, -37.8186064 ] } },
{ "type": "Feature", "properties": { "STOP_NAME": "Lincoln Rd/Mt Alexander Rd #46", "minutes": 50.0, "tier": 60, "centre": "southern-cross", "MODE": "METRO TRAM" }, "geometry": { "type": "Point", "coordinates": [ 144.91035051, -37.74476958 ] } },
{ "type": "Feature", "properties": { "STOP_NAME": "Lincoln Square/Swanston St #3", "minutes": 21.8, "tier": 30, "centre": "southern-cross", "MODE": "METRO TRAM" }, "geometry": { "type": "Point", "coordinates": [ 144.96368745, -37.80236978 ] } },
{ "type": "Feature", "properties": { "STOP_NAME": "Lithgow St/Toorak Rd #53", "minutes": 38.0, "tier": 45, "centre": "southern-cross", "MODE": "METRO TRAM" }, "geometry": { "type": "Point", "coordinates": [ 145.08229584, -37.84891585 ] } },
{ "type": "Feature", "properties": { "STOP_NAME": "Llaneast St/Glenferrie Rd #55", "minutes": 31.3, "tier": 45, "centre": "southern-cross", "MODE": "METRO TRAM" }, "geometry": { "type": "Point", "coordinates": [ 145.02846377, -37.86114774 ] } },
{ "type": "Feature", "properties": { "STOP_NAME": "Lockhart St/Hawthorn Rd #56", "minutes": 44.0, "tier": 45, "centre": "southern-cross", "MODE": "METRO TRAM" }, "geometry": { "type": "Point", "coordinates": [ 145.02234697, -37.88458384 ] } },
{ "type": "Feature", "properties": { "STOP_NAME": "Lockhart St/Riversdale Rd #52", "minutes": 48.6, "tier": 60, "centre": "southern-cross", "MODE": "METRO TRAM" }, "geometry": { "type": "Point", "coordinates": [ 145.08813951, -37.83475409 ] } },
{ "type": "Feature", "properties": { "STOP_NAME": "Lonsdale St/Spencer St #120", "minutes": 2.9, "tier": 15, "centre": "southern-cross", "MODE": "METRO TRAM" }, "geometry": { "type": "Point", "coordinates": [ 144.952381159999987, -37.81531286 ] } },
{ "type": "Feature", "properties": { "STOP_NAME": "Lorne Rd/Malvern Rd #35", "minutes": 27.4, "tier": 30, "centre": "southern-cross", "MODE": "METRO TRAM" }, "geometry": { "type": "Point", "coordinates": [ 145.006489030000012, -37.8485937 ] } },
{ "type": "Feature", "properties": { "STOP_NAME": "Lorne St/St Kilda Rd #27", "minutes": 27.4, "tier": 30, "centre": "southern-cross", "MODE": "METRO TRAM" }, "geometry": { "type": "Point", "coordinates": [ 144.98029512, -37.84935476 ] } },
{ "type": "Feature", "properties": { "STOP_NAME": "Luna Park/The Esplanade #138", "minutes": 22.5, "tier": 30, "centre": "southern-cross", "MODE": "METRO TRAM" }, "geometry": { "type": "Point", "coordinates": [ 144.976835490000013, -37.86698535 ] } },
{ "type": "Feature", "properties": { "STOP_NAME": "Lygon St/Elgin St #112", "minutes": 23.7, "tier": 30, "centre": "southern-cross", "MODE": "METRO TRAM" }, "geometry": { "type": "Point", "coordinates": [ 144.96715938, -37.79711281 ] } },
{ "type": "Feature", "properties": { "STOP_NAME": "Lyric St/Gordon St #55", "minutes": 39.3, "tier": 45, "centre": "southern-cross", "MODE": "METRO TRAM" }, "geometry": { "type": "Point", "coordinates": [ 144.89115113, -37.78224068 ] } },
{ "type": "Feature", "properties": { "STOP_NAME": "Lytton St/Lygon St #113", "minutes": 24.4, "tier": 30, "centre": "southern-cross", "MODE": "METRO TRAM" }, "geometry": { "type": "Point", "coordinates": [ 144.96802483, -37.79412682 ] } },
{ "type": "Feature", "properties": { "STOP_NAME": "MCG Gates 4-7/John Cain Arena #7C", "minutes": 21.0, "tier": 30, "centre": "southern-cross", "MODE": "METRO TRAM" }, "geometry": { "type": "Point", "coordinates": [ 144.98352999, -37.82238396 ] } },
{ "type": "Feature", "properties": { "STOP_NAME": "Macarthur Rd/Royal Pde #14", "minutes": 25.9, "tier": 30, "centre": "southern-cross", "MODE": "METRO TRAM" }, "geometry": { "type": "Point", "coordinates": [ 144.958644, -37.79001743 ] } },
{ "type": "Feature", "properties": { "STOP_NAME": "Macgregor St/Waverley Rd #62", "minutes": 37.0, "tier": 45, "centre": "southern-cross", "MODE": "METRO TRAM" }, "geometry": { "type": "Point", "coordinates": [ 145.05500099, -37.87687328 ] } },
{ "type": "Feature", "properties": { "STOP_NAME": "Madden Gr/Swan St #17", "minutes": 25.3, "tier": 30, "centre": "southern-cross", "MODE": "METRO TRAM" }, "geometry": { "type": "Point", "coordinates": [ 145.01651056, -37.82746811 ] } },
{ "type": "Feature", "properties": { "STOP_NAME": "Malcolm St/Chapel St #51", "minutes": 23.4, "tier": 30, "centre": "southern-cross", "MODE": "METRO TRAM" }, "geometry": { "type": "Point", "coordinates": [ 144.996018709999987, -37.83696197 ] } },
{ "type": "Feature", "properties": { "STOP_NAME": "Malvern Railway Station/Glenferrie Rd #53", "minutes": 30.1, "tier": 45, "centre": "southern-cross", "MODE": "METRO TRAM" }, "geometry": { "type": "Point", "coordinates": [ 145.02777434, -37.86526359 ] } },
{ "type": "Feature", "properties": { "STOP_NAME": "Malvern Rd/Chapel St #47", "minutes": 30.6, "tier": 45, "centre": "southern-cross", "MODE": "METRO TRAM" }, "geometry": { "type": "Point", "coordinates": [ 144.99425496, -37.84670068 ] } },
{ "type": "Feature", "properties": { "STOP_NAME": "Malvern Rd/Glenferrie Rd #59", "minutes": 39.0, "tier": 45, "centre": "southern-cross", "MODE": "METRO TRAM" }, "geometry": { "type": "Point", "coordinates": [ 145.02993931, -37.85183623 ] } },
{ "type": "Feature", "properties": { "STOP_NAME": "Malvern Rd/High St #53", "minutes": 33.7, "tier": 45, "centre": "southern-cross", "MODE": "METRO TRAM" }, "geometry": { "type": "Point", "coordinates": [ 145.056331300000011, -37.85999811 ] } },
{ "type": "Feature", "properties": { "STOP_NAME": "Malvern Tram Depot/Glenferrie Rd #56", "minutes": 34.4, "tier": 45, "centre": "southern-cross", "MODE": "METRO TRAM" }, "geometry": { "type": "Point", "coordinates": [ 145.02882741, -37.85901804 ] } },
{ "type": "Feature", "properties": { "STOP_NAME": "Manningtree Rd/Glenferrie Rd #72", "minutes": 24.2, "tier": 30, "centre": "southern-cross", "MODE": "METRO TRAM" }, "geometry": { "type": "Point", "coordinates": [ 145.03497017, -37.82415489 ] } },
{ "type": "Feature", "properties": { "STOP_NAME": "Mansfield St/High St #40", "minutes": 33.8, "tier": 45, "centre": "southern-cross", "MODE": "METRO TRAM" }, "geometry": { "type": "Point", "coordinates": [ 145.00083072000001, -37.7567213 ] } },
{ "type": "Feature", "properties": { "STOP_NAME": "Maple Cres/Camberwell Rd #47", "minutes": 38.6, "tier": 45, "centre": "southern-cross", "MODE": "METRO TRAM" }, "geometry": { "type": "Point", "coordinates": [ 145.06764207, -37.84080886 ] } },
{ "type": "Feature", "properties": { "STOP_NAME": "Maribyrnong College/River St #53", "minutes": 33.0, "tier": 45, "centre": "southern-cross", "MODE": "METRO TRAM" }, "geometry": { "type": "Point", "coordinates": [ 144.88778609, -37.77959402 ] } },
{ "type": "Feature", "properties": { "STOP_NAME": "Maribyrnong Community Centre/Raleigh Rd #45", "minutes": 41.0, "tier": 45, "centre": "southern-cross", "MODE": "METRO TRAM" }, "geometry": { "type": "Point", "coordinates": [ 144.88954811, -37.76873947 ] } },
{ "type": "Feature", "properties": { "STOP_NAME": "Maribyrnong Park/Maribyrnong Rd #41", "minutes": 45.0, "tier": 45, "centre": "southern-cross", "MODE": "METRO TRAM" }, "geometry": { "type": "Point", "coordinates": [ 144.90257069, -37.7702968 ] } },
{ "type": "Feature", "properties": { "STOP_NAME": "Maribyrnong Rd/Ascot Vale Rd #34", "minutes": 32.6, "tier": 45, "centre": "southern-cross", "MODE": "METRO TRAM" }, "geometry": { "type": "Point", "coordinates": [ 144.92402367, -37.77245216 ] } },
{ "type": "Feature", "properties": { "STOP_NAME": "Maribyrnong Rd/Mt Alexander Rd #30", "minutes": 36.1, "tier": 45, "centre": "southern-cross", "MODE": "METRO TRAM" }, "geometry": { "type": "Point", "coordinates": [ 144.92694856, -37.77300833 ] } },
{ "type": "Feature", "properties": { "STOP_NAME": "Maribyrnong Rd/Union Rd #37", "minutes": 34.6, "tier": 45, "centre": "southern-cross", "MODE": "METRO TRAM" }, "geometry": { "type": "Point", "coordinates": [ 144.916070209999987, -37.77187014 ] } },
{ "type": "Feature", "properties": { "STOP_NAME": "Market St/Flinders St #3", "minutes": 8.9, "tier": 15, "centre": "southern-cross", "MODE": "METRO TRAM" }, "geometry": { "type": "Point", "coordinates": [ 144.96179738, -37.81906291 ] } },
{ "type": "Feature", "properties": { "STOP_NAME": "Maroona Rd/Glenhuntly Rd #63", "minutes": 38.5, "tier": 45, "centre": "southern-cross", "MODE": "METRO TRAM" }, "geometry": { "type": "Point", "coordinates": [ 145.047658469999988, -37.89014321 ] } },
{ "type": "Feature", "properties": { "STOP_NAME": "Marshall Ave/Cotham Rd #38", "minutes": 53.1, "tier": 60, "centre": "southern-cross", "MODE": "METRO TRAM" }, "geometry": { "type": "Point", "coordinates": [ 145.04583452, -37.80852889 ] } },
{ "type": "Feature", "properties": { "STOP_NAME": "Marshall Rd/Matthews Ave #58", "minutes": 53.2, "tier": 60, "centre": "southern-cross", "MODE": "METRO TRAM" }, "geometry": { "type": "Point", "coordinates": [ 144.892078809999987, -37.71837305 ] } },
{ "type": "Feature", "properties": { "STOP_NAME": "Mary St/Park St #142", "minutes": 23.1, "tier": 30, "centre": "southern-cross", "MODE": "METRO TRAM" }, "geometry": { "type": "Point", "coordinates": [ 144.97319027, -37.85979438 ] } },
{ "type": "Feature", "properties": { "STOP_NAME": "Mathoura Rd/Malvern Rd #35", "minutes": 27.4, "tier": 30, "centre": "southern-cross", "MODE": "METRO TRAM" }, "geometry": { "type": "Point", "coordinates": [ 145.00668529, -37.84847987 ] } },
{ "type": "Feature", "properties": { "STOP_NAME": "Matlock Ct/Dandenong Rd #43", "minutes": 35.7, "tier": 45, "centre": "southern-cross", "MODE": "METRO TRAM" }, "geometry": { "type": "Point", "coordinates": [ 145.021913180000013, -37.86382247 ] } },
{ "type": "Feature", "properties": { "STOP_NAME": "Matthews Ave/Keilor Rd #53A", "minutes": 53.5, "tier": 60, "centre": "southern-cross", "MODE": "METRO TRAM" }, "geometry": { "type": "Point", "coordinates": [ 144.89016754, -37.73655163 ] } },
{ "type": "Feature", "properties": { "STOP_NAME": "Mayfield Ave/Glenferrie Rd #62", "minutes": 33.1, "tier": 45, "centre": "southern-cross", "MODE": "METRO TRAM" }, "geometry": { "type": "Point", "coordinates": [ 145.03110172, -37.84573666 ] } },
{ "type": "Feature", "properties": { "STOP_NAME": "McCutcheon St/High St #34", "minutes": 33.4, "tier": 45, "centre": "southern-cross", "MODE": "METRO TRAM" }, "geometry": { "type": "Point", "coordinates": [ 144.99928108, -37.7674732 ] } },
{ "type": "Feature", "properties": { "STOP_NAME": "McKay St/Victoria St #22", "minutes": 29.3, "tier": 30, "centre": "southern-cross", "MODE": "METRO TRAM" }, "geometry": { "type": "Point", "coordinates": [ 145.00404071, -37.81082884 ] } },
{ "type": "Feature", "properties": { "STOP_NAME": "McNamara St/Gilbert Rd #46", "minutes": 57.0, "tier": 60, "centre": "southern-cross", "MODE": "METRO TRAM" }, "geometry": { "type": "Point", "coordinates": [ 144.9913588, -37.73005621 ] } },
{ "type": "Feature", "properties": { "STOP_NAME": "Melbourne Aquarium/Flinders St #2", "minutes": 9.0, "tier": 15, "centre": "southern-cross", "MODE": "METRO TRAM" }, "geometry": { "type": "Point", "coordinates": [ 144.957821020000011, -37.82030972 ] } },
{ "type": "Feature", "properties": { "STOP_NAME": "Melbourne Cemetery/Lygon St #115", "minutes": 27.6, "tier": 30, "centre": "southern-cross", "MODE": "METRO TRAM" }, "geometry": { "type": "Point", "coordinates": [ 144.96879666000001, -37.78958017 ] } },
{ "type": "Feature", "properties": { "STOP_NAME": "Melbourne Central & State Library stations/La Trobe St (Melb... #6", "minutes": 10.2, "tier": 15, "centre": "southern-cross", "MODE": "METRO TRAM" }, "geometry": { "type": "Point", "coordinates": [ 144.964115170000014, -37.80954153 ] } },
{ "type": "Feature", "properties": { "STOP_NAME": "Melbourne Central Station/Elizabeth St #5", "minutes": 8.0, "tier": 15, "centre": "southern-cross", "MODE": "METRO TRAM" }, "geometry": { "type": "Point", "coordinates": [ 144.96142925, -37.81055845 ] } },
{ "type": "Feature", "properties": { "STOP_NAME": "Melbourne Central Station/La Trobe St  #5", "minutes": 9.3, "tier": 15, "centre": "southern-cross", "MODE": "METRO TRAM" }, "geometry": { "type": "Point", "coordinates": [ 144.961025979999988, -37.81035321 ] } },
{ "type": "Feature", "properties": { "STOP_NAME": "Melbourne Central Station/Swanston St #8", "minutes": 11.1, "tier": 15, "centre": "southern-cross", "MODE": "METRO TRAM" }, "geometry": { "type": "Point", "coordinates": [ 144.96427381, -37.81038237 ] } },
{ "type": "Feature", "properties": { "STOP_NAME": "Melbourne Museum/Nicholson St #11", "minutes": 17.2, "tier": 30, "centre": "southern-cross", "MODE": "METRO TRAM" }, "geometry": { "type": "Point", "coordinates": [ 144.973600940000011, -37.80575799 ] } },
{ "type": "Feature", "properties": { "STOP_NAME": "Melbourne Showgrounds/Union Rd #33", "minutes": 32.4, "tier": 45, "centre": "southern-cross", "MODE": "METRO TRAM" }, "geometry": { "type": "Point", "coordinates": [ 144.914787350000012, -37.78035452 ] } },
{ "type": "Feature", "properties": { "STOP_NAME": "Melbourne Sports & Aquatic Centre/Albert Rd #131", "minutes": 16.2, "tier": 30, "centre": "southern-cross", "MODE": "METRO TRAM" }, "geometry": { "type": "Point", "coordinates": [ 144.96111127, -37.8406882 ] } },
{ "type": "Feature", "properties": { "STOP_NAME": "Melbourne Sports and Aquatic Centre/Light Rail #129", "minutes": 14.4, "tier": 15, "centre": "southern-cross", "MODE": "METRO TRAM" }, "geometry": { "type": "Point", "coordinates": [ 144.96166702, -37.84526677 ] } },
{ "type": "Feature", "properties": { "STOP_NAME": "Melbourne Town Hall/Collins St #6", "minutes": 7.3, "tier": 15, "centre": "southern-cross", "MODE": "METRO TRAM" }, "geometry": { "type": "Point", "coordinates": [ 144.96595735, -37.81567433 ] } },
{ "type": "Feature", "properties": { "STOP_NAME": "Melbourne University/Swanston St #1", "minutes": 20.5, "tier": 30, "centre": "southern-cross", "MODE": "METRO TRAM" }, "geometry": { "type": "Point", "coordinates": [ 144.96419183, -37.79930548 ] } },
{ "type": "Feature", "properties": { "STOP_NAME": "Melbourne Zoo/Royal Park #26", "minutes": 25.9, "tier": 30, "centre": "southern-cross", "MODE": "METRO TRAM" }, "geometry": { "type": "Point", "coordinates": [ 144.94921893, -37.78261723 ] } },
{ "type": "Feature", "properties": { "STOP_NAME": "Melrose St/Flemington Rd #20", "minutes": 26.4, "tier": 30, "centre": "southern-cross", "MODE": "METRO TRAM" }, "geometry": { "type": "Point", "coordinates": [ 144.94348502, -37.79039354 ] } },
{ "type": "Feature", "properties": { "STOP_NAME": "Mercer Rd/High St #43", "minutes": 30.0, "tier": 30, "centre": "southern-cross", "MODE": "METRO TRAM" }, "geometry": { "type": "Point", "coordinates": [ 145.02593803, -37.85612189 ] } },
{ "type": "Feature", "properties": { "STOP_NAME": "Merchant St/Collins St #D17", "minutes": 3.3, "tier": 15, "centre": "southern-cross", "MODE": "METRO TRAM" }, "geometry": { "type": "Point", "coordinates": [ 144.945415809999986, -37.82152677 ] } },
{ "type": "Feature", "properties": { "STOP_NAME": "Mercy College/Sydney Rd #39", "minutes": 51.4, "tier": 60, "centre": "southern-cross", "MODE": "METRO TRAM" }, "geometry": { "type": "Point", "coordinates": [ 144.96385917, -37.72989065 ] } },
{ "type": "Feature", "properties": { "STOP_NAME": "Meredith St/Malvern Rd #46", "minutes": 34.2, "tier": 45, "centre": "southern-cross", "MODE": "METRO TRAM" }, "geometry": { "type": "Point", "coordinates": [ 145.03923379, -37.85278446 ] } },
{ "type": "Feature", "properties": { "STOP_NAME": "Mernda Ave/Glenhuntly Rd #64", "minutes": 42.0, "tier": 45, "centre": "southern-cross", "MODE": "METRO TRAM" }, "geometry": { "type": "Point", "coordinates": [ 145.04990306, -37.89040572 ] } },
{ "type": "Feature", "properties": { "STOP_NAME": "Mernda Rd/Glenferrie Rd #64", "minutes": 30.5, "tier": 45, "centre": "southern-cross", "MODE": "METRO TRAM" }, "geometry": { "type": "Point", "coordinates": [ 145.03166576000001, -37.84247481 ] } },
{ "type": "Feature", "properties": { "STOP_NAME": "Merribell Ave/Nicholson St #134", "minutes": 46.8, "tier": 60, "centre": "southern-cross", "MODE": "METRO TRAM" }, "geometry": { "type": "Point", "coordinates": [ 144.97772812, -37.74435924 ] } },
{ "type": "Feature", "properties": { "STOP_NAME": "Michael St/Queens Pde #24", "minutes": 33.7, "tier": 45, "centre": "southern-cross", "MODE": "METRO TRAM" }, "geometry": { "type": "Point", "coordinates": [ 144.99141612, -37.788364 ] } },
{ "type": "Feature", "properties": { "STOP_NAME": "Middle Park Station/Light Rail #130", "minutes": 14.1, "tier": 15, "centre": "southern-cross", "MODE": "METRO TRAM" }, "geometry": { "type": "Point", "coordinates": [ 144.9656838, -37.84962583 ] } },
{ "type": "Feature", "properties": { "STOP_NAME": "Middle Rd/Burke Rd #55", "minutes": 43.4, "tier": 45, "centre": "southern-cross", "MODE": "METRO TRAM" }, "geometry": { "type": "Point", "coordinates": [ 145.05424527, -37.84379642 ] } },
{ "type": "Feature", "properties": { "STOP_NAME": "Middle St/Mt Alexander Rd #28", "minutes": 37.8, "tier": 45, "centre": "southern-cross", "MODE": "METRO TRAM" }, "geometry": { "type": "Point", "coordinates": [ 144.92983303, -37.7774568 ] } },
{ "type": "Feature", "properties": { "STOP_NAME": "Middleborough Rd/Burwood Hwy #66", "minutes": 49.2, "tier": 60, "centre": "southern-cross", "MODE": "METRO TRAM" }, "geometry": { "type": "Point", "coordinates": [ 145.13183727, -37.85201954 ] } },
{ "type": "Feature", "properties": { "STOP_NAME": "Miles St/Sturt St #19", "minutes": 23.2, "tier": 30, "centre": "southern-cross", "MODE": "METRO TRAM" }, "geometry": { "type": "Point", "coordinates": [ 144.96575477, -37.82843147 ] } },
{ "type": "Feature", "properties": { "STOP_NAME": "Miller St/Gilbert Rd #37", "minutes": 49.7, "tier": 60, "centre": "southern-cross", "MODE": "METRO TRAM" }, "geometry": { "type": "Point", "coordinates": [ 144.988041829999986, -37.75031243 ] } },
{ "type": "Feature", "properties": { "STOP_NAME": "Miller St/High St #42", "minutes": 35.8, "tier": 45, "centre": "southern-cross", "MODE": "METRO TRAM" }, "geometry": { "type": "Point", "coordinates": [ 145.00160269, -37.75249881 ] } },
{ "type": "Feature", "properties": { "STOP_NAME": "Miller St/Nicholson St #20", "minutes": 26.8, "tier": 30, "centre": "southern-cross", "MODE": "METRO TRAM" }, "geometry": { "type": "Point", "coordinates": [ 144.978672820000014, -37.77678207 ] } },
{ "type": "Feature", "properties": { "STOP_NAME": "Miller St/St Georges Rd #25", "minutes": 38.1, "tier": 45, "centre": "southern-cross", "MODE": "METRO TRAM" }, "geometry": { "type": "Point", "coordinates": [ 144.988301330000013, -37.77801932 ] } },
{ "type": "Feature", "properties": { "STOP_NAME": "Miller St/St Georges Rd #34", "minutes": 46.3, "tier": 60, "centre": "southern-cross", "MODE": "METRO TRAM" }, "geometry": { "type": "Point", "coordinates": [ 144.99488466, -37.7520332 ] } },
{ "type": "Feature", "properties": { "STOP_NAME": "Millicent St/Burwood Hwy #60", "minutes": 49.4, "tier": 60, "centre": "southern-cross", "MODE": "METRO TRAM" }, "geometry": { "type": "Point", "coordinates": [ 145.102155149999987, -37.85050837 ] } },
{ "type": "Feature", "properties": { "STOP_NAME": "Mills St/Danks St #136", "minutes": 20.2, "tier": 30, "centre": "southern-cross", "MODE": "METRO TRAM" }, "geometry": { "type": "Point", "coordinates": [ 144.95607734, -37.84973878 ] } },
{ "type": "Feature", "properties": { "STOP_NAME": "Mimosa Rd/Glenhuntly Rd #65", "minutes": 40.0, "tier": 45, "centre": "southern-cross", "MODE": "METRO TRAM" }, "geometry": { "type": "Point", "coordinates": [ 145.05219195, -37.89071398 ] } },
{ "type": "Feature", "properties": { "STOP_NAME": "Mitchell St/Carlisle St #34", "minutes": 30.5, "tier": 45, "centre": "southern-cross", "MODE": "METRO TRAM" }, "geometry": { "type": "Point", "coordinates": [ 144.98396911, -37.8675944 ] } },
{ "type": "Feature", "properties": { "STOP_NAME": "Mitchell St/High St #32", "minutes": 41.0, "tier": 45, "centre": "southern-cross", "MODE": "METRO TRAM" }, "geometry": { "type": "Point", "coordinates": [ 144.99856925, -37.77113795 ] } },
{ "type": "Feature", "properties": { "STOP_NAME": "Mitchell St/Holmes St #128", "minutes": 39.8, "tier": 45, "centre": "southern-cross", "MODE": "METRO TRAM" }, "geometry": { "type": "Point", "coordinates": [ 144.97433358, -37.75938678 ] } },
{ "type": "Feature", "properties": { "STOP_NAME": "Mont Albert Rd/Burke Rd #68", "minutes": 34.4, "tier": 45, "centre": "southern-cross", "MODE": "METRO TRAM" }, "geometry": { "type": "Point", "coordinates": [ 145.059542240000013, -37.81599212 ] } },
{ "type": "Feature", "properties": { "STOP_NAME": "Montague St/Bridport St #28", "minutes": 16.6, "tier": 30, "centre": "southern-cross", "MODE": "METRO TRAM" }, "geometry": { "type": "Point", "coordinates": [ 144.95538431, -37.84067899 ] } },
{ "type": "Feature", "properties": { "STOP_NAME": "Montague St/Light Rail #126", "minutes": 10.2, "tier": 15, "centre": "southern-cross", "MODE": "METRO TRAM" }, "geometry": { "type": "Point", "coordinates": [ 144.948469069999987, -37.83024028 ] } },
{ "type": "Feature", "properties": { "STOP_NAME": "Montague St/Park St #27", "minutes": 18.9, "tier": 30, "centre": "southern-cross", "MODE": "METRO TRAM" }, "geometry": { "type": "Point", "coordinates": [ 144.954465520000014, -37.8373287 ] } },
{ "type": "Feature", "properties": { "STOP_NAME": "Montgomery St/Mt Alexander Rd #31", "minutes": 37.4, "tier": 45, "centre": "southern-cross", "MODE": "METRO TRAM" }, "geometry": { "type": "Point", "coordinates": [ 144.92623253, -37.7705986 ] } },
{ "type": "Feature", "properties": { "STOP_NAME": "Mooltan St/Mt Alexander Rd #24", "minutes": 29.4, "tier": 30, "centre": "southern-cross", "MODE": "METRO TRAM" }, "geometry": { "type": "Point", "coordinates": [ 144.93699879, -37.78393582 ] } },
{ "type": "Feature", "properties": { "STOP_NAME": "Moonee Ponds Junction/Pascoe Vale Rd #32", "minutes": 35.1, "tier": 45, "centre": "southern-cross", "MODE": "METRO TRAM" }, "geometry": { "type": "Point", "coordinates": [ 144.92491587, -37.76693466 ] } },
{ "type": "Feature", "properties": { "STOP_NAME": "Moonee Valley Civic Centre/Pascoe Vale Rd #34", "minutes": 40.4, "tier": 45, "centre": "southern-cross", "MODE": "METRO TRAM" }, "geometry": { "type": "Point", "coordinates": [ 144.92545458, -37.76431271 ] } },
{ "type": "Feature", "properties": { "STOP_NAME": "Moonga Rd/Toorak Rd #138", "minutes": 34.0, "tier": 45, "centre": "southern-cross", "MODE": "METRO TRAM" }, "geometry": { "type": "Point", "coordinates": [ 145.02624773, -37.8432312 ] } },
{ "type": "Feature", "properties": { "STOP_NAME": "Moor St/Nicholson St #12", "minutes": 17.8, "tier": 30, "centre": "southern-cross", "MODE": "METRO TRAM" }, "geometry": { "type": "Point", "coordinates": [ 144.97424037, -37.80189393 ] } },
{ "type": "Feature", "properties": { "STOP_NAME": "Moorakyne Ave/Glenferrie Rd #61", "minutes": 41.4, "tier": 45, "centre": "southern-cross", "MODE": "METRO TRAM" }, "geometry": { "type": "Point", "coordinates": [ 145.03073118, -37.84770405 ] } },
{ "type": "Feature", "properties": { "STOP_NAME": "Moore St/Maribyrnong Rd #35", "minutes": 35.5, "tier": 45, "centre": "southern-cross", "MODE": "METRO TRAM" }, "geometry": { "type": "Point", "coordinates": [ 144.92113538000001, -37.77221197 ] } },
{ "type": "Feature", "properties": { "STOP_NAME": "Moore St/Sydney Rd #29", "minutes": 39.6, "tier": 45, "centre": "southern-cross", "MODE": "METRO TRAM" }, "geometry": { "type": "Point", "coordinates": [ 144.964551269999987, -37.75350466 ] } },
{ "type": "Feature", "properties": { "STOP_NAME": "Moray St/Park St #23", "minutes": 16.9, "tier": 30, "centre": "southern-cross", "MODE": "METRO TRAM" }, "geometry": { "type": "Point", "coordinates": [ 144.96385036, -37.83447246 ] } },
{ "type": "Feature", "properties": { "STOP_NAME": "Moreland Rd/Holmes St #129", "minutes": 39.4, "tier": 45, "centre": "southern-cross", "MODE": "METRO TRAM" }, "geometry": { "type": "Point", "coordinates": [ 144.97475384, -37.7568797 ] } },
{ "type": "Feature", "properties": { "STOP_NAME": "Moreland Rd/Melville Rd #40", "minutes": 39.1, "tier": 45, "centre": "southern-cross", "MODE": "METRO TRAM" }, "geometry": { "type": "Point", "coordinates": [ 144.94590108, -37.75316294 ] } },
{ "type": "Feature", "properties": { "STOP_NAME": "Moreland Rd/Nicholson St #129", "minutes": 39.4, "tier": 45, "centre": "southern-cross", "MODE": "METRO TRAM" }, "geometry": { "type": "Point", "coordinates": [ 144.974978740000012, -37.75654111 ] } },
{ "type": "Feature", "properties": { "STOP_NAME": "Moreland Rd/Sydney Rd #28", "minutes": 37.0, "tier": 45, "centre": "southern-cross", "MODE": "METRO TRAM" }, "geometry": { "type": "Point", "coordinates": [ 144.96401602, -37.75564023 ] } },
{ "type": "Feature", "properties": { "STOP_NAME": "Moreland Station/Cameron St #133", "minutes": 34.0, "tier": 45, "centre": "southern-cross", "MODE": "METRO TRAM" }, "geometry": { "type": "Point", "coordinates": [ 144.962118690000011, -37.75529201 ] } },
{ "type": "Feature", "properties": { "STOP_NAME": "Moreland Station/Moreland Rd #133", "minutes": 34.4, "tier": 45, "centre": "southern-cross", "MODE": "METRO TRAM" }, "geometry": { "type": "Point", "coordinates": [ 144.96238062, -37.75526049 ] } },
{ "type": "Feature", "properties": { "STOP_NAME": "Morrah St/Royal Pde #12", "minutes": 23.4, "tier": 30, "centre": "southern-cross", "MODE": "METRO TRAM" }, "geometry": { "type": "Point", "coordinates": [ 144.95794368, -37.79565568 ] } },
{ "type": "Feature", "properties": { "STOP_NAME": "Moubray St/St Kilda Rd #26", "minutes": 27.4, "tier": 30, "centre": "southern-cross", "MODE": "METRO TRAM" }, "geometry": { "type": "Point", "coordinates": [ 144.97971927, -37.84755154 ] } },
{ "type": "Feature", "properties": { "STOP_NAME": "Mount Alexander College/Mt Alexander Rd #25", "minutes": 34.8, "tier": 45, "centre": "southern-cross", "MODE": "METRO TRAM" }, "geometry": { "type": "Point", "coordinates": [ 144.933940580000012, -37.78244033 ] } },
{ "type": "Feature", "properties": { "STOP_NAME": "Mt Alexander Rd/Keilor Rd #47", "minutes": 39.0, "tier": 45, "centre": "southern-cross", "MODE": "METRO TRAM" }, "geometry": { "type": "Point", "coordinates": [ 144.90894359, -37.74395158 ] } },
{ "type": "Feature", "properties": { "STOP_NAME": "Munro St/Sydney Rd #32", "minutes": 39.7, "tier": 45, "centre": "southern-cross", "MODE": "METRO TRAM" }, "geometry": { "type": "Point", "coordinates": [ 144.96583797, -37.74506476 ] } },
{ "type": "Feature", "properties": { "STOP_NAME": "Munro St/Union Rd #35", "minutes": 37.0, "tier": 45, "centre": "southern-cross", "MODE": "METRO TRAM" }, "geometry": { "type": "Point", "coordinates": [ 144.915395030000013, -37.77610272 ] } },
{ "type": "Feature", "properties": { "STOP_NAME": "Murphy St/Flemington Rd #15", "minutes": 18.1, "tier": 30, "centre": "southern-cross", "MODE": "METRO TRAM" }, "geometry": { "type": "Point", "coordinates": [ 144.95239376, -37.79758696 ] } },
{ "type": "Feature", "properties": { "STOP_NAME": "Murray Rd/Gilbert Rd #43", "minutes": 53.3, "tier": 60, "centre": "southern-cross", "MODE": "METRO TRAM" }, "geometry": { "type": "Point", "coordinates": [ 144.9902143, -37.73671452 ] } },
{ "type": "Feature", "properties": { "STOP_NAME": "Murray Rd/Plenty Rd #49", "minutes": 54.8, "tier": 60, "centre": "southern-cross", "MODE": "METRO TRAM" }, "geometry": { "type": "Point", "coordinates": [ 145.01136477, -37.73889378 ] } },
{ "type": "Feature", "properties": { "STOP_NAME": "Murray St/Malvern Rd #41", "minutes": 34.2, "tier": 45, "centre": "southern-cross", "MODE": "METRO TRAM" }, "geometry": { "type": "Point", "coordinates": [ 145.02391849, -37.85087919 ] } },
{ "type": "Feature", "properties": { "STOP_NAME": "Murray St/Pascoe Vale Rd #36", "minutes": 42.4, "tier": 45, "centre": "southern-cross", "MODE": "METRO TRAM" }, "geometry": { "type": "Point", "coordinates": [ 144.92607836, -37.75986286 ] } },
{ "type": "Feature", "properties": { "STOP_NAME": "Napier St/Gertrude St #14", "minutes": 21.2, "tier": 30, "centre": "southern-cross", "MODE": "METRO TRAM" }, "geometry": { "type": "Point", "coordinates": [ 144.97928726, -37.80590978 ] } },
{ "type": "Feature", "properties": { "STOP_NAME": "Narrak Rd/Whitehorse Rd #51", "minutes": 42.4, "tier": 45, "centre": "southern-cross", "MODE": "METRO TRAM" }, "geometry": { "type": "Point", "coordinates": [ 145.09516962, -37.81456418 ] } },
{ "type": "Feature", "properties": { "STOP_NAME": "Nelson Rd/Whitehorse Rd #57", "minutes": 34.9, "tier": 45, "centre": "southern-cross", "MODE": "METRO TRAM" }, "geometry": { "type": "Point", "coordinates": [ 145.11986051, -37.81745731 ] } },
{ "type": "Feature", "properties": { "STOP_NAME": "New Quay Prom/Docklands Dr #D10", "minutes": 11.9, "tier": 15, "centre": "southern-cross", "MODE": "METRO TRAM" }, "geometry": { "type": "Point", "coordinates": [ 144.94050751, -37.81378105 ] } },
{ "type": "Feature", "properties": { "STOP_NAME": "NewQuay Prom/Docklands Dr #D10", "minutes": 10.9, "tier": 15, "centre": "southern-cross", "MODE": "METRO TRAM" }, "geometry": { "type": "Point", "coordinates": [ 144.9415088, -37.81331193 ] } },
{ "type": "Feature", "properties": { "STOP_NAME": "Newmarket Plaza/Racecourse Rd #26", "minutes": 19.2, "tier": 30, "centre": "southern-cross", "MODE": "METRO TRAM" }, "geometry": { "type": "Point", "coordinates": [ 144.92815427, -37.78797103 ] } },
{ "type": "Feature", "properties": { "STOP_NAME": "Newry St/Brunswick St #19", "minutes": 27.2, "tier": 30, "centre": "southern-cross", "MODE": "METRO TRAM" }, "geometry": { "type": "Point", "coordinates": [ 144.979664820000011, -37.79080346 ] } },
{ "type": "Feature", "properties": { "STOP_NAME": "Nicholls St/Wattletree Rd #46", "minutes": 32.5, "tier": 45, "centre": "southern-cross", "MODE": "METRO TRAM" }, "geometry": { "type": "Point", "coordinates": [ 145.03095836, -37.86265842 ] } },
{ "type": "Feature", "properties": { "STOP_NAME": "Nicholson St/Droop St #62", "minutes": 18.5, "tier": 30, "centre": "southern-cross", "MODE": "METRO TRAM" }, "geometry": { "type": "Point", "coordinates": [ 144.89941162, -37.79927622 ] } },
{ "type": "Feature", "properties": { "STOP_NAME": "Nicholson St/Fletcher St #40", "minutes": 37.0, "tier": 45, "centre": "southern-cross", "MODE": "METRO TRAM" }, "geometry": { "type": "Point", "coordinates": [ 144.92020502, -37.75517232 ] } },
{ "type": "Feature", "properties": { "STOP_NAME": "Nicholson St/Hopkins St #62", "minutes": 17.4, "tier": 30, "centre": "southern-cross", "MODE": "METRO TRAM" }, "geometry": { "type": "Point", "coordinates": [ 144.89973634, -37.79984074 ] } },
{ "type": "Feature", "properties": { "STOP_NAME": "Nicholson St/Victoria Pde #10", "minutes": 14.4, "tier": 15, "centre": "southern-cross", "MODE": "METRO TRAM" }, "geometry": { "type": "Point", "coordinates": [ 144.97356184, -37.80801928 ] } },
{ "type": "Feature", "properties": { "STOP_NAME": "Normanby Ave/High St #38", "minutes": 45.8, "tier": 60, "centre": "southern-cross", "MODE": "METRO TRAM" }, "geometry": { "type": "Point", "coordinates": [ 145.00032051, -37.75965052 ] } },
{ "type": "Feature", "properties": { "STOP_NAME": "Normanby Ave/St Georges Rd #32", "minutes": 45.1, "tier": 60, "centre": "southern-cross", "MODE": "METRO TRAM" }, "geometry": { "type": "Point", "coordinates": [ 144.99325622, -37.75895364 ] } },
{ "type": "Feature", "properties": { "STOP_NAME": "Normanby Rd/Balaclava Rd #55", "minutes": 32.8, "tier": 45, "centre": "southern-cross", "MODE": "METRO TRAM" }, "geometry": { "type": "Point", "coordinates": [ 145.03769979, -37.87419795 ] } },
{ "type": "Feature", "properties": { "STOP_NAME": "North Balwyn Shopping Centre/Doncaster Rd #47", "minutes": 58.8, "tier": 60, "centre": "southern-cross", "MODE": "METRO TRAM" }, "geometry": { "type": "Point", "coordinates": [ 145.071439700000013, -37.79271153 ] } },
{ "type": "Feature", "properties": { "STOP_NAME": "North Coburg Terminus/Sydney Rd #40", "minutes": 52.4, "tier": 60, "centre": "southern-cross", "MODE": "METRO TRAM" }, "geometry": { "type": "Point", "coordinates": [ 144.96365015, -37.72758 ] } },
{ "type": "Feature", "properties": { "STOP_NAME": "North Melbourne Town Hall/Errol St #12", "minutes": 20.8, "tier": 30, "centre": "southern-cross", "MODE": "METRO TRAM" }, "geometry": { "type": "Point", "coordinates": [ 144.94953494, -37.80322364 ] } },
{ "type": "Feature", "properties": { "STOP_NAME": "North Melbourne Town Hall/Queensberry St #12", "minutes": 21.2, "tier": 30, "centre": "southern-cross", "MODE": "METRO TRAM" }, "geometry": { "type": "Point", "coordinates": [ 144.94940519, -37.80298707 ] } },
{ "type": "Feature", "properties": { "STOP_NAME": "North Port Station/Light Rail #127", "minutes": 11.2, "tier": 15, "centre": "southern-cross", "MODE": "METRO TRAM" }, "geometry": { "type": "Point", "coordinates": [ 144.94348967, -37.83320837 ] } },
{ "type": "Feature", "properties": { "STOP_NAME": "North Rd/Hawthorn Rd #63", "minutes": 50.0, "tier": 60, "centre": "southern-cross", "MODE": "METRO TRAM" }, "geometry": { "type": "Point", "coordinates": [ 145.01907183, -37.90156994 ] } },
{ "type": "Feature", "properties": { "STOP_NAME": "North Richmond Railway Station/Victoria St #19", "minutes": 14.4, "tier": 15, "centre": "southern-cross", "MODE": "METRO TRAM" }, "geometry": { "type": "Point", "coordinates": [ 144.992962330000012, -37.8096943 ] } },
{ "type": "Feature", "properties": { "STOP_NAME": "Northcote Ave/Hawthorn Rd #53", "minutes": 48.0, "tier": 60, "centre": "southern-cross", "MODE": "METRO TRAM" }, "geometry": { "type": "Point", "coordinates": [ 145.02391985, -37.87721162 ] } },
{ "type": "Feature", "properties": { "STOP_NAME": "Northcote Town Hall/High St #31", "minutes": 39.8, "tier": 45, "centre": "southern-cross", "MODE": "METRO TRAM" }, "geometry": { "type": "Point", "coordinates": [ 144.99783706, -37.77471223 ] } },
{ "type": "Feature", "properties": { "STOP_NAME": "Nott St/Wattletree Rd #51", "minutes": 41.0, "tier": 45, "centre": "southern-cross", "MODE": "METRO TRAM" }, "geometry": { "type": "Point", "coordinates": [ 145.04699802, -37.86478209 ] } },
{ "type": "Feature", "properties": { "STOP_NAME": "Oak Gr/Waverley Rd #63", "minutes": 42.5, "tier": 45, "centre": "southern-cross", "MODE": "METRO TRAM" }, "geometry": { "type": "Point", "coordinates": [ 145.05654607, -37.87691683 ] } },
{ "type": "Feature", "properties": { "STOP_NAME": "Oakover Rd/Gilbert Rd #38", "minutes": 50.9, "tier": 60, "centre": "southern-cross", "MODE": "METRO TRAM" }, "geometry": { "type": "Point", "coordinates": [ 144.988374599999986, -37.74808317 ] } },
{ "type": "Feature", "properties": { "STOP_NAME": "Oberwyl Rd/Toorak Rd #54", "minutes": 40.0, "tier": 45, "centre": "southern-cross", "MODE": "METRO TRAM" }, "geometry": { "type": "Point", "coordinates": [ 145.08430427, -37.84903867 ] } },
{ "type": "Feature", "properties": { "STOP_NAME": "Old Burwood Rd/Burwood Hwy #67", "minutes": 52.6, "tier": 60, "centre": "southern-cross", "MODE": "METRO TRAM" }, "geometry": { "type": "Point", "coordinates": [ 145.138044900000011, -37.85148705 ] } },
{ "type": "Feature", "properties": { "STOP_NAME": "Olympic Boulevard #7D", "minutes": 17.9, "tier": 30, "centre": "southern-cross", "MODE": "METRO TRAM" }, "geometry": { "type": "Point", "coordinates": [ 144.98685655, -37.8241351 ] } },
{ "type": "Feature", "properties": { "STOP_NAME": "Ontario St/Balaclava Rd #44", "minutes": 46.1, "tier": 60, "centre": "southern-cross", "MODE": "METRO TRAM" }, "geometry": { "type": "Point", "coordinates": [ 145.01236326, -37.87106925 ] } },
{ "type": "Feature", "properties": { "STOP_NAME": "Orange Gr/Camberwell Rd #47", "minutes": 40.1, "tier": 45, "centre": "southern-cross", "MODE": "METRO TRAM" }, "geometry": { "type": "Point", "coordinates": [ 145.067814879999986, -37.84115415 ] } },
{ "type": "Feature", "properties": { "STOP_NAME": "Orange Gr/Carlisle St #39", "minutes": 30.6, "tier": 45, "centre": "southern-cross", "MODE": "METRO TRAM" }, "geometry": { "type": "Point", "coordinates": [ 144.99651320000001, -37.86907024 ] } },
{ "type": "Feature", "properties": { "STOP_NAME": "Ormond Rd/Mt Alexander Rd #30", "minutes": 39.8, "tier": 45, "centre": "southern-cross", "MODE": "METRO TRAM" }, "geometry": { "type": "Point", "coordinates": [ 144.92690792, -37.77243086 ] } },
{ "type": "Feature", "properties": { "STOP_NAME": "Orrong Cres/Camberwell Rd #48", "minutes": 38.5, "tier": 45, "centre": "southern-cross", "MODE": "METRO TRAM" }, "geometry": { "type": "Point", "coordinates": [ 145.069119199999989, -37.84212179 ] } },
{ "type": "Feature", "properties": { "STOP_NAME": "Orrong Rd/Balaclava Rd #43", "minutes": 45.1, "tier": 60, "centre": "southern-cross", "MODE": "METRO TRAM" }, "geometry": { "type": "Point", "coordinates": [ 145.00846648000001, -37.87055279 ] } },
{ "type": "Feature", "properties": { "STOP_NAME": "Orrong Rd/Dandenong Rd #38", "minutes": 42.3, "tier": 45, "centre": "southern-cross", "MODE": "METRO TRAM" }, "geometry": { "type": "Point", "coordinates": [ 145.01083392000001, -37.8603014 ] } },
{ "type": "Feature", "properties": { "STOP_NAME": "Orrong Rd/Glenhuntly Rd #46", "minutes": 38.1, "tier": 45, "centre": "southern-cross", "MODE": "METRO TRAM" }, "geometry": { "type": "Point", "coordinates": [ 145.006211189999988, -37.88505052 ] } },
{ "type": "Feature", "properties": { "STOP_NAME": "Orrong Rd/High St #38", "minutes": 28.2, "tier": 30, "centre": "southern-cross", "MODE": "METRO TRAM" }, "geometry": { "type": "Point", "coordinates": [ 145.011452029999987, -37.85421989 ] } },
{ "type": "Feature", "properties": { "STOP_NAME": "Orrong Rd/Malvern Rd #37", "minutes": 25.2, "tier": 30, "centre": "southern-cross", "MODE": "METRO TRAM" }, "geometry": { "type": "Point", "coordinates": [ 145.012075790000011, -37.84919284 ] } },
{ "type": "Feature", "properties": { "STOP_NAME": "Orrong Rd/Toorak Rd #134", "minutes": 30.1, "tier": 45, "centre": "southern-cross", "MODE": "METRO TRAM" }, "geometry": { "type": "Point", "coordinates": [ 145.014048269999989, -37.84175536 ] } },
{ "type": "Feature", "properties": { "STOP_NAME": "Osborne Gr/Plenty Rd #44", "minutes": 51.8, "tier": 60, "centre": "southern-cross", "MODE": "METRO TRAM" }, "geometry": { "type": "Point", "coordinates": [ 145.00541972, -37.74687698 ] } },
{ "type": "Feature", "properties": { "STOP_NAME": "Osburn Ave/Doncaster Rd #48", "minutes": 57.3, "tier": 60, "centre": "southern-cross", "MODE": "METRO TRAM" }, "geometry": { "type": "Point", "coordinates": [ 145.07456724, -37.79341156 ] } },
{ "type": "Feature", "properties": { "STOP_NAME": "Otira Rd/Balaclava Rd #44", "minutes": 46.1, "tier": 60, "centre": "southern-cross", "MODE": "METRO TRAM" }, "geometry": { "type": "Point", "coordinates": [ 145.01238308, -37.87117772 ] } },
{ "type": "Feature", "properties": { "STOP_NAME": "Pakington St/High St #34", "minutes": 42.3, "tier": 45, "centre": "southern-cross", "MODE": "METRO TRAM" }, "geometry": { "type": "Point", "coordinates": [ 145.033837440000013, -37.80561661 ] } },
{ "type": "Feature", "properties": { "STOP_NAME": "Palermo St/Chapel St #49", "minutes": 22.2, "tier": 30, "centre": "southern-cross", "MODE": "METRO TRAM" }, "geometry": { "type": "Point", "coordinates": [ 144.99521237, -37.84156226 ] } },
{ "type": "Feature", "properties": { "STOP_NAME": "Park Gr/Swan St #16", "minutes": 19.8, "tier": 30, "centre": "southern-cross", "MODE": "METRO TRAM" }, "geometry": { "type": "Point", "coordinates": [ 145.0117783, -37.82726212 ] } },
{ "type": "Feature", "properties": { "STOP_NAME": "Park St/Clarendon St #129", "minutes": 13.2, "tier": 15, "centre": "southern-cross", "MODE": "METRO TRAM" }, "geometry": { "type": "Point", "coordinates": [ 144.96158548, -37.83543357 ] } },
{ "type": "Feature", "properties": { "STOP_NAME": "Park St/Fitzroy St #134", "minutes": 19.1, "tier": 30, "centre": "southern-cross", "MODE": "METRO TRAM" }, "geometry": { "type": "Point", "coordinates": [ 144.97525782, -37.86108259 ] } },
{ "type": "Feature", "properties": { "STOP_NAME": "Park St/Montague St #27", "minutes": 20.5, "tier": 30, "centre": "southern-cross", "MODE": "METRO TRAM" }, "geometry": { "type": "Point", "coordinates": [ 144.954176100000012, -37.83752193 ] } },
{ "type": "Feature", "properties": { "STOP_NAME": "Park St/Royal Park #28", "minutes": 28.1, "tier": 30, "centre": "southern-cross", "MODE": "METRO TRAM" }, "geometry": { "type": "Point", "coordinates": [ 144.94980376, -37.77706714 ] } },
{ "type": "Feature", "properties": { "STOP_NAME": "Park St/St Georges Rd #23", "minutes": 36.5, "tier": 45, "centre": "southern-cross", "MODE": "METRO TRAM" }, "geometry": { "type": "Point", "coordinates": [ 144.98527725, -37.78150928 ] } },
{ "type": "Feature", "properties": { "STOP_NAME": "Parkhill Rd/High St #36", "minutes": 46.0, "tier": 60, "centre": "southern-cross", "MODE": "METRO TRAM" }, "geometry": { "type": "Point", "coordinates": [ 145.03975456, -37.80348933 ] } },
{ "type": "Feature", "properties": { "STOP_NAME": "Parkside St/Glenhuntly Rd #48", "minutes": 49.4, "tier": 60, "centre": "southern-cross", "MODE": "METRO TRAM" }, "geometry": { "type": "Point", "coordinates": [ 145.012241280000012, -37.88575632 ] } },
{ "type": "Feature", "properties": { "STOP_NAME": "Parliament Railway Station/Macarthur St #10", "minutes": 13.3, "tier": 15, "centre": "southern-cross", "MODE": "METRO TRAM" }, "geometry": { "type": "Point", "coordinates": [ 144.974487689999989, -37.81237888 ] } },
{ "type": "Feature", "properties": { "STOP_NAME": "Pascoe Vale Rd/Fletcher St #38", "minutes": 44.4, "tier": 45, "centre": "southern-cross", "MODE": "METRO TRAM" }, "geometry": { "type": "Point", "coordinates": [ 144.92581693, -37.75581197 ] } },
{ "type": "Feature", "properties": { "STOP_NAME": "Peel St/Smith St #16", "minutes": 21.8, "tier": 30, "centre": "southern-cross", "MODE": "METRO TRAM" }, "geometry": { "type": "Point", "coordinates": [ 144.98334793, -37.80486193 ] } },
{ "type": "Feature", "properties": { "STOP_NAME": "Peel St/Victoria St #8", "minutes": 13.2, "tier": 15, "centre": "southern-cross", "MODE": "METRO TRAM" }, "geometry": { "type": "Point", "coordinates": [ 144.95621805, -37.8059352 ] } },
{ "type": "Feature", "properties": { "STOP_NAME": "Pelham St/Elizabeth St #9", "minutes": 16.7, "tier": 30, "centre": "southern-cross", "MODE": "METRO TRAM" }, "geometry": { "type": "Point", "coordinates": [ 144.95746377, -37.80194658 ] } },
{ "type": "Feature", "properties": { "STOP_NAME": "Perth St/High St #29", "minutes": 31.4, "tier": 45, "centre": "southern-cross", "MODE": "METRO TRAM" }, "geometry": { "type": "Point", "coordinates": [ 144.98772713, -37.85105009 ] } },
{ "type": "Feature", "properties": { "STOP_NAME": "Peverill St/Burke Rd #69", "minutes": 35.4, "tier": 45, "centre": "southern-cross", "MODE": "METRO TRAM" }, "geometry": { "type": "Point", "coordinates": [ 145.06006867, -37.81410829 ] } },
{ "type": "Feature", "properties": { "STOP_NAME": "Pigdon St/Lygon St #118", "minutes": 30.7, "tier": 45, "centre": "southern-cross", "MODE": "METRO TRAM" }, "geometry": { "type": "Point", "coordinates": [ 144.970073609999986, -37.78192413 ] } },
{ "type": "Feature", "properties": { "STOP_NAME": "Pine Ave/Burke Rd #57", "minutes": 41.4, "tier": 45, "centre": "southern-cross", "MODE": "METRO TRAM" }, "geometry": { "type": "Point", "coordinates": [ 145.05494056, -37.84025724 ] } },
{ "type": "Feature", "properties": { "STOP_NAME": "Plant St/Malvern Rd #44", "minutes": 47.4, "tier": 60, "centre": "southern-cross", "MODE": "METRO TRAM" }, "geometry": { "type": "Point", "coordinates": [ 145.032494899999989, -37.851897 ] } },
{ "type": "Feature", "properties": { "STOP_NAME": "Pleasant Rd/Burke Rd #59", "minutes": 36.9, "tier": 45, "centre": "southern-cross", "MODE": "METRO TRAM" }, "geometry": { "type": "Point", "coordinates": [ 145.05582908, -37.83541453 ] } },
{ "type": "Feature", "properties": { "STOP_NAME": "Port Junction/Whiteman St #125", "minutes": 7.4, "tier": 15, "centre": "southern-cross", "MODE": "METRO TRAM" }, "geometry": { "type": "Point", "coordinates": [ 144.95620781, -37.82607628 ] } },
{ "type": "Feature", "properties": { "STOP_NAME": "Porter St/Commercial Rd #29", "minutes": 31.2, "tier": 45, "centre": "southern-cross", "MODE": "METRO TRAM" }, "geometry": { "type": "Point", "coordinates": [ 144.99058337, -37.84631364 ] } },
{ "type": "Feature", "properties": { "STOP_NAME": "Power St/Burwood Rd #27", "minutes": 20.9, "tier": 30, "centre": "southern-cross", "MODE": "METRO TRAM" }, "geometry": { "type": "Point", "coordinates": [ 145.026282329999987, -37.82146823 ] } },
{ "type": "Feature", "properties": { "STOP_NAME": "Power St/Glenferrie Rd #64", "minutes": 29.7, "tier": 30, "centre": "southern-cross", "MODE": "METRO TRAM" }, "geometry": { "type": "Point", "coordinates": [ 145.03196673, -37.84184 ] } },
{ "type": "Feature", "properties": { "STOP_NAME": "Power St/Riversdale Rd #29", "minutes": 28.8, "tier": 30, "centre": "southern-cross", "MODE": "METRO TRAM" }, "geometry": { "type": "Point", "coordinates": [ 145.02544278, -37.82739295 ] } },
{ "type": "Feature", "properties": { "STOP_NAME": "Prahran Market/Commercial Rd #30", "minutes": 32.2, "tier": 45, "centre": "southern-cross", "MODE": "METRO TRAM" }, "geometry": { "type": "Point", "coordinates": [ 144.99227051, -37.84654069 ] } },
{ "type": "Feature", "properties": { "STOP_NAME": "Prahran RSL/High St  #33", "minutes": 35.6, "tier": 45, "centre": "southern-cross", "MODE": "METRO TRAM" }, "geometry": { "type": "Point", "coordinates": [ 144.99808883, -37.85243434 ] } },
{ "type": "Feature", "properties": { "STOP_NAME": "Prahran Station/High St #30", "minutes": 25.4, "tier": 30, "centre": "southern-cross", "MODE": "METRO TRAM" }, "geometry": { "type": "Point", "coordinates": [ 144.98973147, -37.85131864 ] } },
{ "type": "Feature", "properties": { "STOP_NAME": "Presbyterian Ladies College/Burwood Hwy #61", "minutes": 49.4, "tier": 60, "centre": "southern-cross", "MODE": "METRO TRAM" }, "geometry": { "type": "Point", "coordinates": [ 145.1054763, -37.84996708 ] } },
{ "type": "Feature", "properties": { "STOP_NAME": "Princes Park/Hawthorn Rd #59", "minutes": 47.0, "tier": 60, "centre": "southern-cross", "MODE": "METRO TRAM" }, "geometry": { "type": "Point", "coordinates": [ 145.0206853, -37.89313508 ] } },
{ "type": "Feature", "properties": { "STOP_NAME": "Princes St/Fitzroy St #132", "minutes": 21.6, "tier": 30, "centre": "southern-cross", "MODE": "METRO TRAM" }, "geometry": { "type": "Point", "coordinates": [ 144.980572560000013, -37.85792968 ] } },
{ "type": "Feature", "properties": { "STOP_NAME": "Princes St/Lygon St #114", "minutes": 26.5, "tier": 30, "centre": "southern-cross", "MODE": "METRO TRAM" }, "geometry": { "type": "Point", "coordinates": [ 144.968268630000011, -37.79268914 ] } },
{ "type": "Feature", "properties": { "STOP_NAME": "Princes Tce/Melville Rd #43", "minutes": 42.1, "tier": 45, "centre": "southern-cross", "MODE": "METRO TRAM" }, "geometry": { "type": "Point", "coordinates": [ 144.94499886, -37.74392811 ] } },
{ "type": "Feature", "properties": { "STOP_NAME": "Prospect Hill Rd/Burke Rd #63", "minutes": 28.0, "tier": 30, "centre": "southern-cross", "MODE": "METRO TRAM" }, "geometry": { "type": "Point", "coordinates": [ 145.0572223, -37.82821902 ] } },
{ "type": "Feature", "properties": { "STOP_NAME": "Punt Rd/Bridge Rd #14", "minutes": 20.3, "tier": 30, "centre": "southern-cross", "MODE": "METRO TRAM" }, "geometry": { "type": "Point", "coordinates": [ 144.99021674, -37.81753279 ] } },
{ "type": "Feature", "properties": { "STOP_NAME": "Punt Rd/Commercial Rd #27", "minutes": 30.0, "tier": 30, "centre": "southern-cross", "MODE": "METRO TRAM" }, "geometry": { "type": "Point", "coordinates": [ 144.98486293, -37.84563009 ] } },
{ "type": "Feature", "properties": { "STOP_NAME": "Punt Rd/High St #28", "minutes": 30.4, "tier": 45, "centre": "southern-cross", "MODE": "METRO TRAM" }, "geometry": { "type": "Point", "coordinates": [ 144.98404671, -37.85056356 ] } },
{ "type": "Feature", "properties": { "STOP_NAME": "Punt Rd/Toorak Rd #125", "minutes": 21.6, "tier": 30, "centre": "southern-cross", "MODE": "METRO TRAM" }, "geometry": { "type": "Point", "coordinates": [ 144.986741020000011, -37.83841678 ] } },
{ "type": "Feature", "properties": { "STOP_NAME": "Punt Rd/Wellington Pde #14", "minutes": 16.8, "tier": 30, "centre": "southern-cross", "MODE": "METRO TRAM" }, "geometry": { "type": "Point", "coordinates": [ 144.98967538, -37.81738838 ] } },
{ "type": "Feature", "properties": { "STOP_NAME": "QPO/Cotham Rd #34", "minutes": 42.3, "tier": 45, "centre": "southern-cross", "MODE": "METRO TRAM" }, "geometry": { "type": "Point", "coordinates": [ 145.031657, -37.80688691 ] } },
{ "type": "Feature", "properties": { "STOP_NAME": "Queen St/Bourke St #4", "minutes": 5.8, "tier": 15, "centre": "southern-cross", "MODE": "METRO TRAM" }, "geometry": { "type": "Point", "coordinates": [ 144.95983472, -37.81525299 ] } },
{ "type": "Feature", "properties": { "STOP_NAME": "Queen Victoria Market/Elizabeth St #7", "minutes": 14.9, "tier": 15, "centre": "southern-cross", "MODE": "METRO TRAM" }, "geometry": { "type": "Point", "coordinates": [ 144.9595742, -37.80656115 ] } },
{ "type": "Feature", "properties": { "STOP_NAME": "Queen Victoria Market/Peel St #9", "minutes": 12.2, "tier": 15, "centre": "southern-cross", "MODE": "METRO TRAM" }, "geometry": { "type": "Point", "coordinates": [ 144.955778970000011, -37.80744156 ] } },
{ "type": "Feature", "properties": { "STOP_NAME": "Queens Park/Pascoe Vale Rd #35", "minutes": 41.4, "tier": 45, "centre": "southern-cross", "MODE": "METRO TRAM" }, "geometry": { "type": "Point", "coordinates": [ 144.925811, -37.76252564 ] } },
{ "type": "Feature", "properties": { "STOP_NAME": "Queens Pde/Toorak Rd #57", "minutes": 46.4, "tier": 60, "centre": "southern-cross", "MODE": "METRO TRAM" }, "geometry": { "type": "Point", "coordinates": [ 145.09273101, -37.85015779 ] } },
{ "type": "Feature", "properties": { "STOP_NAME": "Queens Way/Queens Way #31", "minutes": 31.4, "tier": 45, "centre": "southern-cross", "MODE": "METRO TRAM" }, "geometry": { "type": "Point", "coordinates": [ 144.98740648, -37.85615426 ] } },
{ "type": "Feature", "properties": { "STOP_NAME": "Queensberry St/Abbotsford St #14", "minutes": 17.3, "tier": 30, "centre": "southern-cross", "MODE": "METRO TRAM" }, "geometry": { "type": "Point", "coordinates": [ 144.945628269999986, -37.80238955 ] } },
{ "type": "Feature", "properties": { "STOP_NAME": "Queensberry St/Peel St #11", "minutes": 14.2, "tier": 15, "centre": "southern-cross", "MODE": "METRO TRAM" }, "geometry": { "type": "Point", "coordinates": [ 144.9564408, -37.80362305 ] } },
{ "type": "Feature", "properties": { "STOP_NAME": "Queensberry St/Swanston St #4", "minutes": 15.4, "tier": 30, "centre": "southern-cross", "MODE": "METRO TRAM" }, "geometry": { "type": "Point", "coordinates": [ 144.96310774, -37.80569411 ] } },
{ "type": "Feature", "properties": { "STOP_NAME": "RMIT University/Swanston St #7", "minutes": 12.0, "tier": 15, "centre": "southern-cross", "MODE": "METRO TRAM" }, "geometry": { "type": "Point", "coordinates": [ 144.96329043, -37.80813946 ] } },
{ "type": "Feature", "properties": { "STOP_NAME": "Racing Victoria/Epsom Rd #31", "minutes": 37.2, "tier": 45, "centre": "southern-cross", "MODE": "METRO TRAM" }, "geometry": { "type": "Point", "coordinates": [ 144.91812486, -37.78401825 ] } },
{ "type": "Feature", "properties": { "STOP_NAME": "Raglan St/Clarendon St #130a", "minutes": 14.2, "tier": 15, "centre": "southern-cross", "MODE": "METRO TRAM" }, "geometry": { "type": "Point", "coordinates": [ 144.96258223000001, -37.83761364 ] } },
{ "type": "Feature", "properties": { "STOP_NAME": "Raglan St/Plenty Rd #43", "minutes": 50.8, "tier": 60, "centre": "southern-cross", "MODE": "METRO TRAM" }, "geometry": { "type": "Point", "coordinates": [ 145.0037008, -37.74918195 ] } },
{ "type": "Feature", "properties": { "STOP_NAME": "Raleigh Rd/Wests Rd #48", "minutes": 42.4, "tier": 45, "centre": "southern-cross", "MODE": "METRO TRAM" }, "geometry": { "type": "Point", "coordinates": [ 144.882813270000014, -37.76963693 ] } },
{ "type": "Feature", "properties": { "STOP_NAME": "Randall St/Raleigh Rd #45", "minutes": 41.0, "tier": 45, "centre": "southern-cross", "MODE": "METRO TRAM" }, "geometry": { "type": "Point", "coordinates": [ 144.88893821, -37.76862941 ] } },
{ "type": "Feature", "properties": { "STOP_NAME": "Rathmines Rd/Burke Rd #66", "minutes": 33.0, "tier": 45, "centre": "southern-cross", "MODE": "METRO TRAM" }, "geometry": { "type": "Point", "coordinates": [ 145.05846692, -37.82148065 ] } },
{ "type": "Feature", "properties": { "STOP_NAME": "Raynes St/Hawthorn Rd #61", "minutes": 48.0, "tier": 60, "centre": "southern-cross", "MODE": "METRO TRAM" }, "geometry": { "type": "Point", "coordinates": [ 145.02006662, -37.89670233 ] } },
{ "type": "Feature", "properties": { "STOP_NAME": "Reid St/Nicholson St #17", "minutes": 22.8, "tier": 30, "centre": "southern-cross", "MODE": "METRO TRAM" }, "geometry": { "type": "Point", "coordinates": [ 144.97713844, -37.78558732 ] } },
{ "type": "Feature", "properties": { "STOP_NAME": "Rennie St/Nicholson St #131", "minutes": 41.4, "tier": 45, "centre": "southern-cross", "MODE": "METRO TRAM" }, "geometry": { "type": "Point", "coordinates": [ 144.97650522, -37.75134047 ] } },
{ "type": "Feature", "properties": { "STOP_NAME": "Renown St/Sydney Rd #38", "minutes": 44.3, "tier": 45, "centre": "southern-cross", "MODE": "METRO TRAM" }, "geometry": { "type": "Point", "coordinates": [ 144.9642657, -37.73161894 ] } },
{ "type": "Feature", "properties": { "STOP_NAME": "Reynard St/Melville Rd #42", "minutes": 41.1, "tier": 45, "centre": "southern-cross", "MODE": "METRO TRAM" }, "geometry": { "type": "Point", "coordinates": [ 144.944556, -37.74639864 ] } },
{ "type": "Feature", "properties": { "STOP_NAME": "Reynard St/Sydney Rd #31", "minutes": 43.2, "tier": 45, "centre": "southern-cross", "MODE": "METRO TRAM" }, "geometry": { "type": "Point", "coordinates": [ 144.96520392, -37.74873966 ] } },
{ "type": "Feature", "properties": { "STOP_NAME": "Richardson St/Lygon St #117", "minutes": 28.4, "tier": 30, "centre": "southern-cross", "MODE": "METRO TRAM" }, "geometry": { "type": "Point", "coordinates": [ 144.969731950000011, -37.78403601 ] } },
{ "type": "Feature", "properties": { "STOP_NAME": "Richardson St/Mills St #135", "minutes": 19.2, "tier": 30, "centre": "southern-cross", "MODE": "METRO TRAM" }, "geometry": { "type": "Point", "coordinates": [ 144.95740312, -37.84740974 ] } },
{ "type": "Feature", "properties": { "STOP_NAME": "Richardson St/Victoria Ave #30", "minutes": 24.1, "tier": 30, "centre": "southern-cross", "MODE": "METRO TRAM" }, "geometry": { "type": "Point", "coordinates": [ 144.95128269, -37.84394201 ] } },
{ "type": "Feature", "properties": { "STOP_NAME": "Richmond Station/Swan St #8", "minutes": 14.1, "tier": 15, "centre": "southern-cross", "MODE": "METRO TRAM" }, "geometry": { "type": "Point", "coordinates": [ 144.989057229999986, -37.82467737 ] } },
{ "type": "Feature", "properties": { "STOP_NAME": "Richmond Town Hall/Bridge Rd #19", "minutes": 24.3, "tier": 30, "centre": "southern-cross", "MODE": "METRO TRAM" }, "geometry": { "type": "Point", "coordinates": [ 145.00137354, -37.81875004 ] } },
{ "type": "Feature", "properties": { "STOP_NAME": "River Bvd/Victoria St #25", "minutes": 33.3, "tier": 45, "centre": "southern-cross", "MODE": "METRO TRAM" }, "geometry": { "type": "Point", "coordinates": [ 145.013239059999989, -37.81176843 ] } },
{ "type": "Feature", "properties": { "STOP_NAME": "River St/Rosamond Rd #52", "minutes": 34.0, "tier": 45, "centre": "southern-cross", "MODE": "METRO TRAM" }, "geometry": { "type": "Point", "coordinates": [ 144.88520578, -37.77850236 ] } },
{ "type": "Feature", "properties": { "STOP_NAME": "Riversdale Rd/Burke Rd #61", "minutes": 33.7, "tier": 45, "centre": "southern-cross", "MODE": "METRO TRAM" }, "geometry": { "type": "Point", "coordinates": [ 145.056566299999986, -37.83156962 ] } },
{ "type": "Feature", "properties": { "STOP_NAME": "Riversdale Rd/Glenferrie Rd #70", "minutes": 31.0, "tier": 45, "centre": "southern-cross", "MODE": "METRO TRAM" }, "geometry": { "type": "Point", "coordinates": [ 145.03408094, -37.8289794 ] } },
{ "type": "Feature", "properties": { "STOP_NAME": "Robinson Rd/Riversdale Rd #35", "minutes": 34.4, "tier": 45, "centre": "southern-cross", "MODE": "METRO TRAM" }, "geometry": { "type": "Point", "coordinates": [ 145.04155368, -37.82953651 ] } },
{ "type": "Feature", "properties": { "STOP_NAME": "Rod Laver Arena/MCG Gates 1-3 #7B", "minutes": 18.9, "tier": 30, "centre": "southern-cross", "MODE": "METRO TRAM" }, "geometry": { "type": "Point", "coordinates": [ 144.97913015, -37.81958697 ] } },
{ "type": "Feature", "properties": { "STOP_NAME": "Rogers Ave/Hawthorn Rd #67", "minutes": 55.1, "tier": 60, "centre": "southern-cross", "MODE": "METRO TRAM" }, "geometry": { "type": "Point", "coordinates": [ 145.01753149000001, -37.91107838 ] } },
{ "type": "Feature", "properties": { "STOP_NAME": "Rogers St/Sydney Rd #36", "minutes": 47.4, "tier": 60, "centre": "southern-cross", "MODE": "METRO TRAM" }, "geometry": { "type": "Point", "coordinates": [ 144.96607617, -37.73553432 ] } },
{ "type": "Feature", "properties": { "STOP_NAME": "Rosamond Rd/Raleigh Rd #46", "minutes": 41.7, "tier": 45, "centre": "southern-cross", "MODE": "METRO TRAM" }, "geometry": { "type": "Point", "coordinates": [ 144.88672852, -37.76888717 ] } },
{ "type": "Feature", "properties": { "STOP_NAME": "Rosamond Rd/River St #52", "minutes": 34.8, "tier": 45, "centre": "southern-cross", "MODE": "METRO TRAM" }, "geometry": { "type": "Point", "coordinates": [ 144.88574983, -37.7793322 ] } },
{ "type": "Feature", "properties": { "STOP_NAME": "Rose St/Nicholson St #14", "minutes": 19.8, "tier": 30, "centre": "southern-cross", "MODE": "METRO TRAM" }, "geometry": { "type": "Point", "coordinates": [ 144.975387070000011, -37.79525393 ] } },
{ "type": "Feature", "properties": { "STOP_NAME": "Rose St/Smith St #20", "minutes": 25.8, "tier": 30, "centre": "southern-cross", "MODE": "METRO TRAM" }, "geometry": { "type": "Point", "coordinates": [ 144.98456711, -37.79678119 ] } },
{ "type": "Feature", "properties": { "STOP_NAME": "Roslyn St/Burwood Hwy #60", "minutes": 49.4, "tier": 60, "centre": "southern-cross", "MODE": "METRO TRAM" }, "geometry": { "type": "Point", "coordinates": [ 145.10208861000001, -37.85044421 ] } },
{ "type": "Feature", "properties": { "STOP_NAME": "Royal Childrens Hospital/Flemington Rd #19", "minutes": 22.5, "tier": 30, "centre": "southern-cross", "MODE": "METRO TRAM" }, "geometry": { "type": "Point", "coordinates": [ 144.948362659999987, -37.79428158 ] } },
{ "type": "Feature", "properties": { "STOP_NAME": "Royal Melbourne Hospital-Parkville Station/Royal Pde (Melbo... #10", "minutes": 19.9, "tier": 30, "centre": "southern-cross", "MODE": "METRO TRAM" }, "geometry": { "type": "Point", "coordinates": [ 144.957508, -37.79992871 ] } },
{ "type": "Feature", "properties": { "STOP_NAME": "Royal Melbourne Hospital-Parkville Station/Royal Pde (Parkv... #10", "minutes": 20.2, "tier": 30, "centre": "southern-cross", "MODE": "METRO TRAM" }, "geometry": { "type": "Point", "coordinates": [ 144.95759813, -37.79954277 ] } },
{ "type": "Feature", "properties": { "STOP_NAME": "Royal Melbourne Hospital/Flemington Rd #14", "minutes": 17.5, "tier": 30, "centre": "southern-cross", "MODE": "METRO TRAM" }, "geometry": { "type": "Point", "coordinates": [ 144.95488555, -37.79947767 ] } },
{ "type": "Feature", "properties": { "STOP_NAME": "Royal Park Station/Royal Park #27", "minutes": 26.9, "tier": 30, "centre": "southern-cross", "MODE": "METRO TRAM" }, "geometry": { "type": "Point", "coordinates": [ 144.95135965, -37.780753 ] } },
{ "type": "Feature", "properties": { "STOP_NAME": "Royal Pde/Glenhuntly Rd #50", "minutes": 48.0, "tier": 60, "centre": "southern-cross", "MODE": "METRO TRAM" }, "geometry": { "type": "Point", "coordinates": [ 145.01825917, -37.88649766 ] } },
{ "type": "Feature", "properties": { "STOP_NAME": "Russell St/Bourke St #7", "minutes": 10.8, "tier": 15, "centre": "southern-cross", "MODE": "METRO TRAM" }, "geometry": { "type": "Point", "coordinates": [ 144.96835439, -37.81276887 ] } },
{ "type": "Feature", "properties": { "STOP_NAME": "Russell St/Flinders St #6", "minutes": 12.4, "tier": 15, "centre": "southern-cross", "MODE": "METRO TRAM" }, "geometry": { "type": "Point", "coordinates": [ 144.97084417, -37.81642552 ] } },
{ "type": "Feature", "properties": { "STOP_NAME": "Sackville St/Burke Rd #69", "minutes": 35.4, "tier": 45, "centre": "southern-cross", "MODE": "METRO TRAM" }, "geometry": { "type": "Point", "coordinates": [ 145.05987493, -37.81413214 ] } },
{ "type": "Feature", "properties": { "STOP_NAME": "Salisbury St/Pascoe Vale Rd #36", "minutes": 42.4, "tier": 45, "centre": "southern-cross", "MODE": "METRO TRAM" }, "geometry": { "type": "Point", "coordinates": [ 144.9262861, -37.75974036 ] } },
{ "type": "Feature", "properties": { "STOP_NAME": "Sandown Rd/Epsom Rd #32", "minutes": 37.2, "tier": 45, "centre": "southern-cross", "MODE": "METRO TRAM" }, "geometry": { "type": "Point", "coordinates": [ 144.91671163, -37.78258743 ] } },
{ "type": "Feature", "properties": { "STOP_NAME": "Scotchmer St/Nicholson St #18", "minutes": 23.8, "tier": 30, "centre": "southern-cross", "MODE": "METRO TRAM" }, "geometry": { "type": "Point", "coordinates": [ 144.97760444, -37.78307201 ] } },
{ "type": "Feature", "properties": { "STOP_NAME": "Scotchmer St/St Georges Rd #22", "minutes": 33.3, "tier": 45, "centre": "southern-cross", "MODE": "METRO TRAM" }, "geometry": { "type": "Point", "coordinates": [ 144.984027239999989, -37.78321817 ] } },
{ "type": "Feature", "properties": { "STOP_NAME": "Scott St/Brighton Rd #40", "minutes": 42.3, "tier": 45, "centre": "southern-cross", "MODE": "METRO TRAM" }, "geometry": { "type": "Point", "coordinates": [ 144.99389209, -37.8789475 ] } },
{ "type": "Feature", "properties": { "STOP_NAME": "Separation St/High St #33", "minutes": 41.8, "tier": 45, "centre": "southern-cross", "MODE": "METRO TRAM" }, "geometry": { "type": "Point", "coordinates": [ 144.99917797, -37.76919272 ] } },
{ "type": "Feature", "properties": { "STOP_NAME": "Service St/Keilor Rd #48", "minutes": 40.0, "tier": 45, "centre": "southern-cross", "MODE": "METRO TRAM" }, "geometry": { "type": "Point", "coordinates": [ 144.90576757, -37.74268759 ] } },
{ "type": "Feature", "properties": { "STOP_NAME": "Sevenoaks Rd/Burwood Hwy #71", "minutes": 57.5, "tier": 60, "centre": "southern-cross", "MODE": "METRO TRAM" }, "geometry": { "type": "Point", "coordinates": [ 145.158540640000012, -37.85362086 ] } },
{ "type": "Feature", "properties": { "STOP_NAME": "Seymour Gr/Burke Rd #59", "minutes": 36.2, "tier": 45, "centre": "southern-cross", "MODE": "METRO TRAM" }, "geometry": { "type": "Point", "coordinates": [ 145.0560735, -37.83519327 ] } },
{ "type": "Feature", "properties": { "STOP_NAME": "Seymour St/Plenty Rd #44", "minutes": 38.9, "tier": 45, "centre": "southern-cross", "MODE": "METRO TRAM" }, "geometry": { "type": "Point", "coordinates": [ 145.0051197, -37.74706115 ] } },
{ "type": "Feature", "properties": { "STOP_NAME": "Shaftesbury Ave/Malvern Rd #46", "minutes": 42.0, "tier": 45, "centre": "southern-cross", "MODE": "METRO TRAM" }, "geometry": { "type": "Point", "coordinates": [ 145.03882266, -37.85285871 ] } },
{ "type": "Feature", "properties": { "STOP_NAME": "Shamrock St/Mt Alexander Rd #42", "minutes": 36.5, "tier": 45, "centre": "southern-cross", "MODE": "METRO TRAM" }, "geometry": { "type": "Point", "coordinates": [ 144.915649190000011, -37.75249642 ] } },
{ "type": "Feature", "properties": { "STOP_NAME": "Shoobra Rd/Glenhuntly Rd #47", "minutes": 48.4, "tier": 60, "centre": "southern-cross", "MODE": "METRO TRAM" }, "geometry": { "type": "Point", "coordinates": [ 145.009112929999986, -37.88538803 ] } },
{ "type": "Feature", "properties": { "STOP_NAME": "Shrine of Remembrance/St Kilda Rd #19", "minutes": 16.4, "tier": 30, "centre": "southern-cross", "MODE": "METRO TRAM" }, "geometry": { "type": "Point", "coordinates": [ 144.97136874, -37.82879869 ] } },
{ "type": "Feature", "properties": { "STOP_NAME": "Sidwell Ave/Balaclava Rd #42", "minutes": 42.0, "tier": 45, "centre": "southern-cross", "MODE": "METRO TRAM" }, "geometry": { "type": "Point", "coordinates": [ 145.00531655, -37.87016601 ] } },
{ "type": "Feature", "properties": { "STOP_NAME": "Simpson St/Wellington Pde #13", "minutes": 12.4, "tier": 15, "centre": "southern-cross", "MODE": "METRO TRAM" }, "geometry": { "type": "Point", "coordinates": [ 144.98698338, -37.81654033 ] } },
{ "type": "Feature", "properties": { "STOP_NAME": "Smith Rd/Camberwell Rd #50", "minutes": 38.6, "tier": 45, "centre": "southern-cross", "MODE": "METRO TRAM" }, "geometry": { "type": "Point", "coordinates": [ 145.07320252, -37.8459106 ] } },
{ "type": "Feature", "properties": { "STOP_NAME": "Smith St/Gertrude St #15", "minutes": 20.8, "tier": 30, "centre": "southern-cross", "MODE": "METRO TRAM" }, "geometry": { "type": "Point", "coordinates": [ 144.98266259, -37.80625603 ] } },
{ "type": "Feature", "properties": { "STOP_NAME": "Smith St/Melville Rd #34", "minutes": 33.1, "tier": 45, "centre": "southern-cross", "MODE": "METRO TRAM" }, "geometry": { "type": "Point", "coordinates": [ 144.94331864, -37.76731147 ] } },
{ "type": "Feature", "properties": { "STOP_NAME": "Smith St/Queens Pde #22", "minutes": 29.8, "tier": 30, "centre": "southern-cross", "MODE": "METRO TRAM" }, "geometry": { "type": "Point", "coordinates": [ 144.986351219999989, -37.79046738 ] } },
{ "type": "Feature", "properties": { "STOP_NAME": "Smith St/Victoria Pde #15", "minutes": 19.3, "tier": 30, "centre": "southern-cross", "MODE": "METRO TRAM" }, "geometry": { "type": "Point", "coordinates": [ 144.98221511, -37.80892486 ] } },
{ "type": "Feature", "properties": { "STOP_NAME": "Smithfield Rd/Racecourse Rd #28", "minutes": 22.8, "tier": 30, "centre": "southern-cross", "MODE": "METRO TRAM" }, "geometry": { "type": "Point", "coordinates": [ 144.924950349999989, -37.78762625 ] } },
{ "type": "Feature", "properties": { "STOP_NAME": "Somers St/Burwood Hwy #59", "minutes": 49.4, "tier": 60, "centre": "southern-cross", "MODE": "METRO TRAM" }, "geometry": { "type": "Point", "coordinates": [ 145.09897931, -37.85070045 ] } },
{ "type": "Feature", "properties": { "STOP_NAME": "Sorrett Ave/Glenferrie Rd #58", "minutes": 37.8, "tier": 45, "centre": "southern-cross", "MODE": "METRO TRAM" }, "geometry": { "type": "Point", "coordinates": [ 145.02977687, -37.85409547 ] } },
{ "type": "Feature", "properties": { "STOP_NAME": "Soudan St/Wattletree Rd #46", "minutes": 32.8, "tier": 45, "centre": "southern-cross", "MODE": "METRO TRAM" }, "geometry": { "type": "Point", "coordinates": [ 145.03138580000001, -37.86282778 ] } },
{ "type": "Feature", "properties": { "STOP_NAME": "South Daly St/Dawson St #33", "minutes": 32.1, "tier": 45, "centre": "southern-cross", "MODE": "METRO TRAM" }, "geometry": { "type": "Point", "coordinates": [ 144.94535746, -37.76952791 ] } },
{ "type": "Feature", "properties": { "STOP_NAME": "South Melbourne Station/Light Rail #127", "minutes": 9.4, "tier": 15, "centre": "southern-cross", "MODE": "METRO TRAM" }, "geometry": { "type": "Point", "coordinates": [ 144.955489770000014, -37.83315604 ] } },
{ "type": "Feature", "properties": { "STOP_NAME": "South St/Glenferrie Rd #69", "minutes": 34.4, "tier": 45, "centre": "southern-cross", "MODE": "METRO TRAM" }, "geometry": { "type": "Point", "coordinates": [ 145.033664789999989, -37.83138762 ] } },
{ "type": "Feature", "properties": { "STOP_NAME": "South Wharf/Wurundjeri Way #D5", "minutes": 5.0, "tier": 15, "centre": "southern-cross", "MODE": "METRO TRAM" }, "geometry": { "type": "Point", "coordinates": [ 144.95121254, -37.82183505 ] } },
{ "type": "Feature", "properties": { "STOP_NAME": "South Yarra Railway Station/Toorak Rd #127", "minutes": 16.4, "tier": 30, "centre": "southern-cross", "MODE": "METRO TRAM" }, "geometry": { "type": "Point", "coordinates": [ 144.99216464, -37.83913121 ] } },
{ "type": "Feature", "properties": { "STOP_NAME": "Southbank Tram Depot/Light Rail #125A", "minutes": 9.2, "tier": 15, "centre": "southern-cross", "MODE": "METRO TRAM" }, "geometry": { "type": "Point", "coordinates": [ 144.95398843000001, -37.82745257 ] } },
{ "type": "Feature", "properties": { "STOP_NAME": "Southern Cross Railway Station/Spencer St #122", "minutes": 0.0, "tier": 15, "centre": "southern-cross", "MODE": "METRO TRAM" }, "geometry": { "type": "Point", "coordinates": [ 144.95378623, -37.81832017 ] } },
{ "type": "Feature", "properties": { "STOP_NAME": "Southern Cross Station/Collins St #D14", "minutes": 1.3, "tier": 15, "centre": "southern-cross", "MODE": "METRO TRAM" }, "geometry": { "type": "Point", "coordinates": [ 144.952215020000011, -37.81968066 ] } },
{ "type": "Feature", "properties": { "STOP_NAME": "Spencer Rd/Riversdale Rd #46", "minutes": 28.4, "tier": 30, "centre": "southern-cross", "MODE": "METRO TRAM" }, "geometry": { "type": "Point", "coordinates": [ 145.0693081, -37.83269847 ] } },
{ "type": "Feature", "properties": { "STOP_NAME": "Spencer St/Bourke St #1", "minutes": 0.8, "tier": 15, "centre": "southern-cross", "MODE": "METRO TRAM" }, "geometry": { "type": "Point", "coordinates": [ 144.95351423, -37.81706281 ] } },
{ "type": "Feature", "properties": { "STOP_NAME": "Spencer St/Collins St #1", "minutes": 2.5, "tier": 15, "centre": "southern-cross", "MODE": "METRO TRAM" }, "geometry": { "type": "Point", "coordinates": [ 144.95505538, -37.81884688 ] } },
{ "type": "Feature", "properties": { "STOP_NAME": "Spencer St/Flinders St #1", "minutes": 5.2, "tier": 15, "centre": "southern-cross", "MODE": "METRO TRAM" }, "geometry": { "type": "Point", "coordinates": [ 144.955852560000011, -37.82083429 ] } },
{ "type": "Feature", "properties": { "STOP_NAME": "Spencer St/La Trobe St #1", "minutes": 11.5, "tier": 15, "centre": "southern-cross", "MODE": "METRO TRAM" }, "geometry": { "type": "Point", "coordinates": [ 144.95257325, -37.81288303 ] } },
{ "type": "Feature", "properties": { "STOP_NAME": "Spring St/Bourke St #9", "minutes": 12.8, "tier": 15, "centre": "southern-cross", "MODE": "METRO TRAM" }, "geometry": { "type": "Point", "coordinates": [ 144.97257946, -37.811544 ] } },
{ "type": "Feature", "properties": { "STOP_NAME": "Spring St/Collins St #8", "minutes": 12.3, "tier": 15, "centre": "southern-cross", "MODE": "METRO TRAM" }, "geometry": { "type": "Point", "coordinates": [ 144.973285479999987, -37.81355676 ] } },
{ "type": "Feature", "properties": { "STOP_NAME": "Spring St/Flinders St #8", "minutes": 17.9, "tier": 30, "centre": "southern-cross", "MODE": "METRO TRAM" }, "geometry": { "type": "Point", "coordinates": [ 144.97454245, -37.81536272 ] } },
{ "type": "Feature", "properties": { "STOP_NAME": "Springvale Rd/Burwood Hwy #73", "minutes": 58.0, "tier": 60, "centre": "southern-cross", "MODE": "METRO TRAM" }, "geometry": { "type": "Point", "coordinates": [ 145.16819608, -37.85476282 ] } },
{ "type": "Feature", "properties": { "STOP_NAME": "St David St/Brunswick St #15", "minutes": 22.3, "tier": 30, "centre": "southern-cross", "MODE": "METRO TRAM" }, "geometry": { "type": "Point", "coordinates": [ 144.97818436, -37.80053784 ] } },
{ "type": "Feature", "properties": { "STOP_NAME": "St George's Hospital/Cotham Rd #40", "minutes": 55.3, "tier": 60, "centre": "southern-cross", "MODE": "METRO TRAM" }, "geometry": { "type": "Point", "coordinates": [ 145.05291148, -37.80937608 ] } },
{ "type": "Feature", "properties": { "STOP_NAME": "St Georges Rd/Miller St #35", "minutes": 46.3, "tier": 60, "centre": "southern-cross", "MODE": "METRO TRAM" }, "geometry": { "type": "Point", "coordinates": [ 144.99479302, -37.75164413 ] } },
{ "type": "Feature", "properties": { "STOP_NAME": "St Ignatius Church/Church St #59", "minutes": 29.7, "tier": 30, "centre": "southern-cross", "MODE": "METRO TRAM" }, "geometry": { "type": "Point", "coordinates": [ 144.99854095, -37.82183804 ] } },
{ "type": "Feature", "properties": { "STOP_NAME": "St James Park/Burwood Rd #25", "minutes": 21.8, "tier": 30, "centre": "southern-cross", "MODE": "METRO TRAM" }, "geometry": { "type": "Point", "coordinates": [ 145.02102657, -37.82088436 ] } },
{ "type": "Feature", "properties": { "STOP_NAME": "St Kilda Junction/St Kilda Rd #30", "minutes": 26.9, "tier": 30, "centre": "southern-cross", "MODE": "METRO TRAM" }, "geometry": { "type": "Point", "coordinates": [ 144.98253116, -37.85529579 ] } },
{ "type": "Feature", "properties": { "STOP_NAME": "St Kilda Primary School/Brighton Rd #36", "minutes": 40.2, "tier": 45, "centre": "southern-cross", "MODE": "METRO TRAM" }, "geometry": { "type": "Point", "coordinates": [ 144.98834518000001, -37.87012046 ] } },
{ "type": "Feature", "properties": { "STOP_NAME": "St Kilda Rd/Carlisle St #35", "minutes": 34.5, "tier": 45, "centre": "southern-cross", "MODE": "METRO TRAM" }, "geometry": { "type": "Point", "coordinates": [ 144.98656595, -37.8678281 ] } },
{ "type": "Feature", "properties": { "STOP_NAME": "St Kilda Rd/Fitzroy St #131", "minutes": 24.1, "tier": 30, "centre": "southern-cross", "MODE": "METRO TRAM" }, "geometry": { "type": "Point", "coordinates": [ 144.98220146, -37.85696632 ] } },
{ "type": "Feature", "properties": { "STOP_NAME": "St Kilda Station/Fitzroy St #132", "minutes": 17.2, "tier": 30, "centre": "southern-cross", "MODE": "METRO TRAM" }, "geometry": { "type": "Point", "coordinates": [ 144.97763712, -37.8592851 ] } },
{ "type": "Feature", "properties": { "STOP_NAME": "St Kilda Town Hall/Carlisle St #36", "minutes": 35.1, "tier": 45, "centre": "southern-cross", "MODE": "METRO TRAM" }, "geometry": { "type": "Point", "coordinates": [ 144.98868461, -37.86808962 ] } },
{ "type": "Feature", "properties": { "STOP_NAME": "St Leonards Rd/Union Rd #36", "minutes": 35.4, "tier": 45, "centre": "southern-cross", "MODE": "METRO TRAM" }, "geometry": { "type": "Point", "coordinates": [ 144.915942980000011, -37.77357111 ] } },
{ "type": "Feature", "properties": { "STOP_NAME": "St Michaels Grammar School/Chapel St #41", "minutes": 29.0, "tier": 30, "centre": "southern-cross", "MODE": "METRO TRAM" }, "geometry": { "type": "Point", "coordinates": [ 144.99187264, -37.85952884 ] } },
{ "type": "Feature", "properties": { "STOP_NAME": "St Pauls Catholic Church/Sydney Rd #35", "minutes": 45.4, "tier": 60, "centre": "southern-cross", "MODE": "METRO TRAM" }, "geometry": { "type": "Point", "coordinates": [ 144.96693006000001, -37.73750463 ] } },
{ "type": "Feature", "properties": { "STOP_NAME": "St Vincent Plaza/Victoria St  #12", "minutes": 16.3, "tier": 30, "centre": "southern-cross", "MODE": "METRO TRAM" }, "geometry": { "type": "Point", "coordinates": [ 144.976351529999988, -37.80818441 ] } },
{ "type": "Feature", "properties": { "STOP_NAME": "St Vincents Plaza/Victoria Pde #12", "minutes": 16.3, "tier": 30, "centre": "southern-cross", "MODE": "METRO TRAM" }, "geometry": { "type": "Point", "coordinates": [ 144.97633747, -37.80828329 ] } },
{ "type": "Feature", "properties": { "STOP_NAME": "Stadium Precinct - Bourke St/Harbour Esp #D3", "minutes": 6.4, "tier": 15, "centre": "southern-cross", "MODE": "METRO TRAM" }, "geometry": { "type": "Point", "coordinates": [ 144.946245659999988, -37.8178194 ] } },
{ "type": "Feature", "properties": { "STOP_NAME": "Stanley Rd/Burwood Hwy #74", "minutes": 60.0, "tier": 60, "centre": "southern-cross", "MODE": "METRO TRAM" }, "geometry": { "type": "Point", "coordinates": [ 145.174973709999989, -37.85554399 ] } },
{ "type": "Feature", "properties": { "STOP_NAME": "State Netball Hockey Centre/Royal Park #25", "minutes": 24.1, "tier": 30, "centre": "southern-cross", "MODE": "METRO TRAM" }, "geometry": { "type": "Point", "coordinates": [ 144.94884786, -37.78453929 ] } },
{ "type": "Feature", "properties": { "STOP_NAME": "Station St/Burwood Hwy #64", "minutes": 52.4, "tier": 60, "centre": "southern-cross", "MODE": "METRO TRAM" }, "geometry": { "type": "Point", "coordinates": [ 145.11939522, -37.85055074 ] } },
{ "type": "Feature", "properties": { "STOP_NAME": "Station St/High St #41", "minutes": 51.3, "tier": 60, "centre": "southern-cross", "MODE": "METRO TRAM" }, "geometry": { "type": "Point", "coordinates": [ 145.05392663, -37.79796577 ] } },
{ "type": "Feature", "properties": { "STOP_NAME": "Stawell St/Swan St #15", "minutes": 17.4, "tier": 30, "centre": "southern-cross", "MODE": "METRO TRAM" }, "geometry": { "type": "Point", "coordinates": [ 145.009784419999988, -37.8270482 ] } },
{ "type": "Feature", "properties": { "STOP_NAME": "Stevenson St/High St #31", "minutes": 39.0, "tier": 45, "centre": "southern-cross", "MODE": "METRO TRAM" }, "geometry": { "type": "Point", "coordinates": [ 145.02616139, -37.81022844 ] } },
{ "type": "Feature", "properties": { "STOP_NAME": "Stewart St/Lygon St #126", "minutes": 39.8, "tier": 45, "centre": "southern-cross", "MODE": "METRO TRAM" }, "geometry": { "type": "Point", "coordinates": [ 144.97290196, -37.76442681 ] } },
{ "type": "Feature", "properties": { "STOP_NAME": "Stewart St/Sydney Rd #25", "minutes": 37.7, "tier": 45, "centre": "southern-cross", "MODE": "METRO TRAM" }, "geometry": { "type": "Point", "coordinates": [ 144.96269537, -37.7632324 ] } },
{ "type": "Feature", "properties": { "STOP_NAME": "Stone St/Hawthorn Rd #61", "minutes": 58.6, "tier": 60, "centre": "southern-cross", "MODE": "METRO TRAM" }, "geometry": { "type": "Point", "coordinates": [ 145.0202526, -37.89655226 ] } },
{ "type": "Feature", "properties": { "STOP_NAME": "Stonnington Pl/Glenferrie Rd #60", "minutes": 42.4, "tier": 45, "centre": "southern-cross", "MODE": "METRO TRAM" }, "geometry": { "type": "Point", "coordinates": [ 145.03036085, -37.84966243 ] } },
{ "type": "Feature", "properties": { "STOP_NAME": "Stubbs St/Racecourse Rd #23", "minutes": 31.4, "tier": 45, "centre": "southern-cross", "MODE": "METRO TRAM" }, "geometry": { "type": "Point", "coordinates": [ 144.93658052, -37.78876781 ] } },
{ "type": "Feature", "properties": { "STOP_NAME": "Sturt St/Kings Way #118", "minutes": 19.1, "tier": 30, "centre": "southern-cross", "MODE": "METRO TRAM" }, "geometry": { "type": "Point", "coordinates": [ 144.96537541, -37.83107437 ] } },
{ "type": "Feature", "properties": { "STOP_NAME": "Summerhill Rd/Toorak Rd #52", "minutes": 37.6, "tier": 45, "centre": "southern-cross", "MODE": "METRO TRAM" }, "geometry": { "type": "Point", "coordinates": [ 145.07707518, -37.84819985 ] } },
{ "type": "Feature", "properties": { "STOP_NAME": "Sumner Ave/St Georges Rd #28", "minutes": 40.3, "tier": 45, "centre": "southern-cross", "MODE": "METRO TRAM" }, "geometry": { "type": "Point", "coordinates": [ 144.9906332, -37.77157059 ] } },
{ "type": "Feature", "properties": { "STOP_NAME": "Surrey Rd/Malvern Rd #32", "minutes": 25.9, "tier": 30, "centre": "southern-cross", "MODE": "METRO TRAM" }, "geometry": { "type": "Point", "coordinates": [ 144.9978074, -37.84729285 ] } },
{ "type": "Feature", "properties": { "STOP_NAME": "Swan St/Church St #57", "minutes": 17.4, "tier": 30, "centre": "southern-cross", "MODE": "METRO TRAM" }, "geometry": { "type": "Point", "coordinates": [ 144.997863880000011, -37.82587282 ] } },
{ "type": "Feature", "properties": { "STOP_NAME": "Swan Street Shopping Centre/Swan St #10", "minutes": 18.9, "tier": 30, "centre": "southern-cross", "MODE": "METRO TRAM" }, "geometry": { "type": "Point", "coordinates": [ 144.996055430000013, -37.82552664 ] } },
{ "type": "Feature", "properties": { "STOP_NAME": "Swanston St/Bourke St #6", "minutes": 9.1, "tier": 15, "centre": "southern-cross", "MODE": "METRO TRAM" }, "geometry": { "type": "Point", "coordinates": [ 144.96590389, -37.81348355 ] } },
{ "type": "Feature", "properties": { "STOP_NAME": "Swanston St/Flinders St #5", "minutes": 7.0, "tier": 15, "centre": "southern-cross", "MODE": "METRO TRAM" }, "geometry": { "type": "Point", "coordinates": [ 144.96713247, -37.81756006 ] } },
{ "type": "Feature", "properties": { "STOP_NAME": "Sycamore St/Hawthorn Rd #58", "minutes": 46.0, "tier": 60, "centre": "southern-cross", "MODE": "METRO TRAM" }, "geometry": { "type": "Point", "coordinates": [ 145.02132813, -37.88993771 ] } },
{ "type": "Feature", "properties": { "STOP_NAME": "Sydney Rd/Moreland Rd #132", "minutes": 37.0, "tier": 45, "centre": "southern-cross", "MODE": "METRO TRAM" }, "geometry": { "type": "Point", "coordinates": [ 144.96427918, -37.75556367 ] } },
{ "type": "Feature", "properties": { "STOP_NAME": "Sylverly Gr/Hawthorn Rd #55", "minutes": 44.0, "tier": 45, "centre": "southern-cross", "MODE": "METRO TRAM" }, "geometry": { "type": "Point", "coordinates": [ 145.022718919999988, -37.88258047 ] } },
{ "type": "Feature", "properties": { "STOP_NAME": "Sylvester Gr/Plenty Rd #50", "minutes": 55.8, "tier": 60, "centre": "southern-cross", "MODE": "METRO TRAM" }, "geometry": { "type": "Point", "coordinates": [ 145.01241836, -37.73683882 ] } },
{ "type": "Feature", "properties": { "STOP_NAME": "Taylor St/Hawthorn Rd #64", "minutes": 56.9, "tier": 60, "centre": "southern-cross", "MODE": "METRO TRAM" }, "geometry": { "type": "Point", "coordinates": [ 145.018594689999986, -37.90409419 ] } },
{ "type": "Feature", "properties": { "STOP_NAME": "Tennyson St/Waverley Rd #61", "minutes": 35.0, "tier": 45, "centre": "southern-cross", "MODE": "METRO TRAM" }, "geometry": { "type": "Point", "coordinates": [ 145.05108034, -37.87637585 ] } },
{ "type": "Feature", "properties": { "STOP_NAME": "The Avenue/Dandenong Rd #34", "minutes": 34.4, "tier": 45, "centre": "southern-cross", "MODE": "METRO TRAM" }, "geometry": { "type": "Point", "coordinates": [ 144.997233740000013, -37.85841261 ] } },
{ "type": "Feature", "properties": { "STOP_NAME": "The Avenue/Nicholson St #130", "minutes": 44.4, "tier": 45, "centre": "southern-cross", "MODE": "METRO TRAM" }, "geometry": { "type": "Point", "coordinates": [ 144.97594518, -37.75356579 ] } },
{ "type": "Feature", "properties": { "STOP_NAME": "The Avenue/Sydney Rd #30", "minutes": 38.0, "tier": 45, "centre": "southern-cross", "MODE": "METRO TRAM" }, "geometry": { "type": "Point", "coordinates": [ 144.9646359, -37.75207324 ] } },
{ "type": "Feature", "properties": { "STOP_NAME": "The Avenue/Waverley Rd #62", "minutes": 37.0, "tier": 45, "centre": "southern-cross", "MODE": "METRO TRAM" }, "geometry": { "type": "Point", "coordinates": [ 145.05468729, -37.87669687 ] } },
{ "type": "Feature", "properties": { "STOP_NAME": "Thistle St/Mt Alexander Rd #43", "minutes": 37.4, "tier": 45, "centre": "southern-cross", "MODE": "METRO TRAM" }, "geometry": { "type": "Point", "coordinates": [ 144.9143614, -37.75066226 ] } },
{ "type": "Feature", "properties": { "STOP_NAME": "Thomas St/Cotham Rd #39", "minutes": 53.3, "tier": 60, "centre": "southern-cross", "MODE": "METRO TRAM" }, "geometry": { "type": "Point", "coordinates": [ 145.04974918, -37.80911647 ] } },
{ "type": "Feature", "properties": { "STOP_NAME": "Thorn St/Mt Alexander Rd #44", "minutes": 49.4, "tier": 60, "centre": "southern-cross", "MODE": "METRO TRAM" }, "geometry": { "type": "Point", "coordinates": [ 144.91275361000001, -37.74810148 ] } },
{ "type": "Feature", "properties": { "STOP_NAME": "Through Rd/Riversdale Rd #54", "minutes": 48.5, "tier": 60, "centre": "southern-cross", "MODE": "METRO TRAM" }, "geometry": { "type": "Point", "coordinates": [ 145.09319223, -37.8353407 ] } },
{ "type": "Feature", "properties": { "STOP_NAME": "Through Rd/Toorak Rd #55", "minutes": 42.4, "tier": 45, "centre": "southern-cross", "MODE": "METRO TRAM" }, "geometry": { "type": "Point", "coordinates": [ 145.086717709999988, -37.84932124 ] } },
{ "type": "Feature", "properties": { "STOP_NAME": "Through St/Riversdale Rd #30", "minutes": 30.4, "tier": 45, "centre": "southern-cross", "MODE": "METRO TRAM" }, "geometry": { "type": "Point", "coordinates": [ 145.02906809000001, -37.82821069 ] } },
{ "type": "Feature", "properties": { "STOP_NAME": "Tiernan St/Droop St #60", "minutes": 27.4, "tier": 30, "centre": "southern-cross", "MODE": "METRO TRAM" }, "geometry": { "type": "Point", "coordinates": [ 144.895515710000012, -37.79489006 ] } },
{ "type": "Feature", "properties": { "STOP_NAME": "Titch St/Gordon St #57", "minutes": 31.4, "tier": 45, "centre": "southern-cross", "MODE": "METRO TRAM" }, "geometry": { "type": "Point", "coordinates": [ 144.88992439, -37.78864405 ] } },
{ "type": "Feature", "properties": { "STOP_NAME": "Tivoli Rd/Toorak Rd #129", "minutes": 22.1, "tier": 30, "centre": "southern-cross", "MODE": "METRO TRAM" }, "geometry": { "type": "Point", "coordinates": [ 144.9986657, -37.83992681 ] } },
{ "type": "Feature", "properties": { "STOP_NAME": "Toorak Rd/Burke Rd #54", "minutes": 44.4, "tier": 45, "centre": "southern-cross", "MODE": "METRO TRAM" }, "geometry": { "type": "Point", "coordinates": [ 145.05387441, -37.84579993 ] } },
{ "type": "Feature", "properties": { "STOP_NAME": "Toorak Rd/Camberwell Rd #51", "minutes": 36.8, "tier": 45, "centre": "southern-cross", "MODE": "METRO TRAM" }, "geometry": { "type": "Point", "coordinates": [ 145.0756184, -37.84784261 ] } },
{ "type": "Feature", "properties": { "STOP_NAME": "Toorak Rd/Chapel St #50", "minutes": 19.7, "tier": 30, "centre": "southern-cross", "MODE": "METRO TRAM" }, "geometry": { "type": "Point", "coordinates": [ 144.99550284, -37.8396477 ] } },
{ "type": "Feature", "properties": { "STOP_NAME": "Toorak Rd/Glenferrie Rd #63", "minutes": 36.6, "tier": 45, "centre": "southern-cross", "MODE": "METRO TRAM" }, "geometry": { "type": "Point", "coordinates": [ 145.03143361, -37.84393985 ] } },
{ "type": "Feature", "properties": { "STOP_NAME": "Toorak Rd/St Kilda Rd #22", "minutes": 21.7, "tier": 30, "centre": "southern-cross", "MODE": "METRO TRAM" }, "geometry": { "type": "Point", "coordinates": [ 144.97539977, -37.83595132 ] } },
{ "type": "Feature", "properties": { "STOP_NAME": "Toorak Village/Toorak Rd #132", "minutes": 27.1, "tier": 30, "centre": "southern-cross", "MODE": "METRO TRAM" }, "geometry": { "type": "Point", "coordinates": [ 145.00845238, -37.84109309 ] } },
{ "type": "Feature", "properties": { "STOP_NAME": "Tooronga Rd/High St #48", "minutes": 40.8, "tier": 45, "centre": "southern-cross", "MODE": "METRO TRAM" }, "geometry": { "type": "Point", "coordinates": [ 145.04104854, -37.85807757 ] } },
{ "type": "Feature", "properties": { "STOP_NAME": "Tooronga Rd/Malvern Rd #47", "minutes": 33.3, "tier": 45, "centre": "southern-cross", "MODE": "METRO TRAM" }, "geometry": { "type": "Point", "coordinates": [ 145.04198653, -37.85312767 ] } },
{ "type": "Feature", "properties": { "STOP_NAME": "Tooronga Rd/Riversdale Rd #37", "minutes": 49.9, "tier": 60, "centre": "southern-cross", "MODE": "METRO TRAM" }, "geometry": { "type": "Point", "coordinates": [ 145.047636, -37.83025934 ] } },
{ "type": "Feature", "properties": { "STOP_NAME": "Tooronga Rd/Wattletree Rd #49", "minutes": 40.8, "tier": 45, "centre": "southern-cross", "MODE": "METRO TRAM" }, "geometry": { "type": "Point", "coordinates": [ 145.040278269999988, -37.8639855 ] } },
{ "type": "Feature", "properties": { "STOP_NAME": "Trafalgar Rd/Camberwell Rd #44", "minutes": 36.4, "tier": 45, "centre": "southern-cross", "MODE": "METRO TRAM" }, "geometry": { "type": "Point", "coordinates": [ 145.06215622, -37.83592438 ] } },
{ "type": "Feature", "properties": { "STOP_NAME": "Trafalgar Rd/Riversdale Rd #43", "minutes": 43.4, "tier": 45, "centre": "southern-cross", "MODE": "METRO TRAM" }, "geometry": { "type": "Point", "coordinates": [ 145.063507140000013, -37.83206249 ] } },
{ "type": "Feature", "properties": { "STOP_NAME": "Treadwell Rd/Keilor Rd #52", "minutes": 50.2, "tier": 60, "centre": "southern-cross", "MODE": "METRO TRAM" }, "geometry": { "type": "Point", "coordinates": [ 144.89234968, -37.73723052 ] } },
{ "type": "Feature", "properties": { "STOP_NAME": "Truganini Rd/Glenhuntly Rd #66", "minutes": 41.0, "tier": 45, "centre": "southern-cross", "MODE": "METRO TRAM" }, "geometry": { "type": "Point", "coordinates": [ 145.05406646, -37.89078104 ] } },
{ "type": "Feature", "properties": { "STOP_NAME": "Tweedie Pl/Church St #63", "minutes": 31.2, "tier": 45, "centre": "southern-cross", "MODE": "METRO TRAM" }, "geometry": { "type": "Point", "coordinates": [ 144.999880030000014, -37.81431791 ] } },
{ "type": "Feature", "properties": { "STOP_NAME": "Tyler St/Plenty Rd #52", "minutes": 57.8, "tier": 60, "centre": "southern-cross", "MODE": "METRO TRAM" }, "geometry": { "type": "Point", "coordinates": [ 145.0147646, -37.73099358 ] } },
{ "type": "Feature", "properties": { "STOP_NAME": "Tyrone St/Camberwell Rd #49", "minutes": 36.3, "tier": 45, "centre": "southern-cross", "MODE": "METRO TRAM" }, "geometry": { "type": "Point", "coordinates": [ 145.07143027, -37.84414229 ] } },
{ "type": "Feature", "properties": { "STOP_NAME": "Union Rd/Maribyrnong Rd #37", "minutes": 45.4, "tier": 60, "centre": "southern-cross", "MODE": "METRO TRAM" }, "geometry": { "type": "Point", "coordinates": [ 144.9159386, -37.7717056 ] } },
{ "type": "Feature", "properties": { "STOP_NAME": "Union Rd/Riversdale Rd #55", "minutes": 46.2, "tier": 60, "centre": "southern-cross", "MODE": "METRO TRAM" }, "geometry": { "type": "Point", "coordinates": [ 145.09540199, -37.83557473 ] } },
{ "type": "Feature", "properties": { "STOP_NAME": "Union Rd/Whitehorse Rd #53", "minutes": 41.9, "tier": 45, "centre": "southern-cross", "MODE": "METRO TRAM" }, "geometry": { "type": "Point", "coordinates": [ 145.09924935, -37.81494552 ] } },
{ "type": "Feature", "properties": { "STOP_NAME": "Union Square Shopping Centre/Grantham St #30", "minutes": 30.1, "tier": 45, "centre": "southern-cross", "MODE": "METRO TRAM" }, "geometry": { "type": "Point", "coordinates": [ 144.94953923, -37.77225925 ] } },
{ "type": "Feature", "properties": { "STOP_NAME": "Union St/Hawthorn Rd #66", "minutes": 52.1, "tier": 60, "centre": "southern-cross", "MODE": "METRO TRAM" }, "geometry": { "type": "Point", "coordinates": [ 145.017765129999987, -37.90873026 ] } },
{ "type": "Feature", "properties": { "STOP_NAME": "Union St/High St #34", "minutes": 42.3, "tier": 45, "centre": "southern-cross", "MODE": "METRO TRAM" }, "geometry": { "type": "Point", "coordinates": [ 145.034166199999987, -37.80564013 ] } },
{ "type": "Feature", "properties": { "STOP_NAME": "Union St/St Kilda Rd #29", "minutes": 29.4, "tier": 30, "centre": "southern-cross", "MODE": "METRO TRAM" }, "geometry": { "type": "Point", "coordinates": [ 144.981707199999988, -37.8530017 ] } },
{ "type": "Feature", "properties": { "STOP_NAME": "Urquhart St/Glenferrie Rd #71", "minutes": 26.9, "tier": 30, "centre": "southern-cross", "MODE": "METRO TRAM" }, "geometry": { "type": "Point", "coordinates": [ 145.034613369999988, -37.82604142 ] } },
{ "type": "Feature", "properties": { "STOP_NAME": "Vadlure Ave/Balaclava Rd #41", "minutes": 42.1, "tier": 45, "centre": "southern-cross", "MODE": "METRO TRAM" }, "geometry": { "type": "Point", "coordinates": [ 145.00258173, -37.86998445 ] } },
{ "type": "Feature", "properties": { "STOP_NAME": "Van Ness Ave/Raleigh Rd #43", "minutes": 43.0, "tier": 45, "centre": "southern-cross", "MODE": "METRO TRAM" }, "geometry": { "type": "Point", "coordinates": [ 144.89612211, -37.76950591 ] } },
{ "type": "Feature", "properties": { "STOP_NAME": "Victoria Park/High St #38", "minutes": 47.3, "tier": 60, "centre": "southern-cross", "MODE": "METRO TRAM" }, "geometry": { "type": "Point", "coordinates": [ 145.045980719999989, -37.80125872 ] } },
{ "type": "Feature", "properties": { "STOP_NAME": "Victoria Police Centre/Flinders St #D6", "minutes": 7.5, "tier": 15, "centre": "southern-cross", "MODE": "METRO TRAM" }, "geometry": { "type": "Point", "coordinates": [ 144.95321503, -37.82172569 ] } },
{ "type": "Feature", "properties": { "STOP_NAME": "Victoria Rd/Burke Rd #65", "minutes": 29.6, "tier": 30, "centre": "southern-cross", "MODE": "METRO TRAM" }, "geometry": { "type": "Point", "coordinates": [ 145.05805964000001, -37.82358271 ] } },
{ "type": "Feature", "properties": { "STOP_NAME": "Victoria St/Church St #65", "minutes": 28.4, "tier": 30, "centre": "southern-cross", "MODE": "METRO TRAM" }, "geometry": { "type": "Point", "coordinates": [ 145.00059662000001, -37.8109146 ] } },
{ "type": "Feature", "properties": { "STOP_NAME": "Victoria St/Errol St #11", "minutes": 21.4, "tier": 30, "centre": "southern-cross", "MODE": "METRO TRAM" }, "geometry": { "type": "Point", "coordinates": [ 144.94933927, -37.8049595 ] } },
{ "type": "Feature", "properties": { "STOP_NAME": "Victoria St/La Trobe St #9", "minutes": 16.0, "tier": 30, "centre": "southern-cross", "MODE": "METRO TRAM" }, "geometry": { "type": "Point", "coordinates": [ 144.97026645, -37.80765612 ] } },
{ "type": "Feature", "properties": { "STOP_NAME": "Victoria St/Lygon St #124", "minutes": 37.8, "tier": 45, "centre": "southern-cross", "MODE": "METRO TRAM" }, "geometry": { "type": "Point", "coordinates": [ 144.9722313, -37.76820024 ] } },
{ "type": "Feature", "properties": { "STOP_NAME": "Victoria St/Melville Rd #35", "minutes": 34.1, "tier": 45, "centre": "southern-cross", "MODE": "METRO TRAM" }, "geometry": { "type": "Point", "coordinates": [ 144.94389025000001, -37.76470803 ] } },
{ "type": "Feature", "properties": { "STOP_NAME": "Victoria St/Peel St #10", "minutes": 14.7, "tier": 15, "centre": "southern-cross", "MODE": "METRO TRAM" }, "geometry": { "type": "Point", "coordinates": [ 144.9560286, -37.80539121 ] } },
{ "type": "Feature", "properties": { "STOP_NAME": "Victoria St/Racecourse Rd #24", "minutes": 23.8, "tier": 30, "centre": "southern-cross", "MODE": "METRO TRAM" }, "geometry": { "type": "Point", "coordinates": [ 144.9334895, -37.78844326 ] } },
{ "type": "Feature", "properties": { "STOP_NAME": "Victoria St/Sydney Rd #23", "minutes": 35.4, "tier": 45, "centre": "southern-cross", "MODE": "METRO TRAM" }, "geometry": { "type": "Point", "coordinates": [ 144.962031849999988, -37.76714106 ] } },
{ "type": "Feature", "properties": { "STOP_NAME": "Vincent St/Wattletree Rd #50", "minutes": 40.0, "tier": 45, "centre": "southern-cross", "MODE": "METRO TRAM" }, "geometry": { "type": "Point", "coordinates": [ 145.043375160000011, -37.86422627 ] } },
{ "type": "Feature", "properties": { "STOP_NAME": "Vision Australia/Glenferrie Rd #66", "minutes": 28.9, "tier": 30, "centre": "southern-cross", "MODE": "METRO TRAM" }, "geometry": { "type": "Point", "coordinates": [ 145.03261666, -37.83833625 ] } },
{ "type": "Feature", "properties": { "STOP_NAME": "Visy Park/Royal Pde #16", "minutes": 27.1, "tier": 30, "centre": "southern-cross", "MODE": "METRO TRAM" }, "geometry": { "type": "Point", "coordinates": [ 144.959274310000012, -37.78485559 ] } },
{ "type": "Feature", "properties": { "STOP_NAME": "Walker St/High St #26", "minutes": 34.9, "tier": 45, "centre": "southern-cross", "MODE": "METRO TRAM" }, "geometry": { "type": "Point", "coordinates": [ 144.99616734, -37.78356952 ] } },
{ "type": "Feature", "properties": { "STOP_NAME": "Walker St/Royal Pde #16", "minutes": 26.4, "tier": 30, "centre": "southern-cross", "MODE": "METRO TRAM" }, "geometry": { "type": "Point", "coordinates": [ 144.95950873000001, -37.7845893 ] } },
{ "type": "Feature", "properties": { "STOP_NAME": "Walsh St/Toorak Rd #124", "minutes": 23.1, "tier": 30, "centre": "southern-cross", "MODE": "METRO TRAM" }, "geometry": { "type": "Point", "coordinates": [ 144.98456545, -37.8381903 ] } },
{ "type": "Feature", "properties": { "STOP_NAME": "Waltham St/Bridge Rd #17", "minutes": 23.3, "tier": 30, "centre": "southern-cross", "MODE": "METRO TRAM" }, "geometry": { "type": "Point", "coordinates": [ 144.99652359000001, -37.81829814 ] } },
{ "type": "Feature", "properties": { "STOP_NAME": "Wanda Rd/Hawthorn Rd #49", "minutes": 33.5, "tier": 45, "centre": "southern-cross", "MODE": "METRO TRAM" }, "geometry": { "type": "Point", "coordinates": [ 145.02551895, -37.86799239 ] } },
{ "type": "Feature", "properties": { "STOP_NAME": "Warra St/Glenferrie Rd #65", "minutes": 29.7, "tier": 30, "centre": "southern-cross", "MODE": "METRO TRAM" }, "geometry": { "type": "Point", "coordinates": [ 145.03213956, -37.84004052 ] } },
{ "type": "Feature", "properties": { "STOP_NAME": "Warrick St/Mt Alexander Rd #29", "minutes": 38.8, "tier": 45, "centre": "southern-cross", "MODE": "METRO TRAM" }, "geometry": { "type": "Point", "coordinates": [ 144.928535399999987, -37.77554152 ] } },
{ "type": "Feature", "properties": { "STOP_NAME": "Warrigal Rd/Burwood Hwy #58", "minutes": 47.4, "tier": 60, "centre": "southern-cross", "MODE": "METRO TRAM" }, "geometry": { "type": "Point", "coordinates": [ 145.095465639999986, -37.85032824 ] } },
{ "type": "Feature", "properties": { "STOP_NAME": "Warrigal Rd/Riversdale Rd #56", "minutes": 48.4, "tier": 60, "centre": "southern-cross", "MODE": "METRO TRAM" }, "geometry": { "type": "Point", "coordinates": [ 145.09805265, -37.83589695 ] } },
{ "type": "Feature", "properties": { "STOP_NAME": "Warrs Rd/Raleigh Rd #44", "minutes": 42.0, "tier": 45, "centre": "southern-cross", "MODE": "METRO TRAM" }, "geometry": { "type": "Point", "coordinates": [ 144.8921842, -37.76905702 ] } },
{ "type": "Feature", "properties": { "STOP_NAME": "Waterfront City/Docklands Dr #D11", "minutes": 11.9, "tier": 15, "centre": "southern-cross", "MODE": "METRO TRAM" }, "geometry": { "type": "Point", "coordinates": [ 144.93875383, -37.81434514 ] } },
{ "type": "Feature", "properties": { "STOP_NAME": "Wattle Ave/Doncaster Rd #46", "minutes": 56.3, "tier": 60, "centre": "southern-cross", "MODE": "METRO TRAM" }, "geometry": { "type": "Point", "coordinates": [ 145.067450400000013, -37.79283539 ] } },
{ "type": "Feature", "properties": { "STOP_NAME": "Wattle Park/Riversdale Rd #58", "minutes": 55.0, "tier": 60, "centre": "southern-cross", "MODE": "METRO TRAM" }, "geometry": { "type": "Point", "coordinates": [ 145.10218389, -37.83653137 ] } },
{ "type": "Feature", "properties": { "STOP_NAME": "Wattle Rd/Power St #28", "minutes": 25.5, "tier": 30, "centre": "southern-cross", "MODE": "METRO TRAM" }, "geometry": { "type": "Point", "coordinates": [ 145.02586469, -37.82477759 ] } },
{ "type": "Feature", "properties": { "STOP_NAME": "Wattle Valley Rd/Riversdale Rd #50", "minutes": 43.4, "tier": 45, "centre": "southern-cross", "MODE": "METRO TRAM" }, "geometry": { "type": "Point", "coordinates": [ 145.08120193, -37.83411853 ] } },
{ "type": "Feature", "properties": { "STOP_NAME": "Wattletree Rd/Dandenong Rd #40", "minutes": 43.3, "tier": 45, "centre": "southern-cross", "MODE": "METRO TRAM" }, "geometry": { "type": "Point", "coordinates": [ 145.01469634, -37.86080819 ] } },
{ "type": "Feature", "properties": { "STOP_NAME": "Wattletree Rd/Glenferrie Rd #54", "minutes": 31.2, "tier": 45, "centre": "southern-cross", "MODE": "METRO TRAM" }, "geometry": { "type": "Point", "coordinates": [ 145.028257810000014, -37.86247803 ] } },
{ "type": "Feature", "properties": { "STOP_NAME": "Wellington St/Glenferrie Rd #79", "minutes": 30.4, "tier": 45, "centre": "southern-cross", "MODE": "METRO TRAM" }, "geometry": { "type": "Point", "coordinates": [ 145.037637710000013, -37.81008681 ] } },
{ "type": "Feature", "properties": { "STOP_NAME": "Wellington St/Mt Alexander Rd #26", "minutes": 35.8, "tier": 45, "centre": "southern-cross", "MODE": "METRO TRAM" }, "geometry": { "type": "Point", "coordinates": [ 144.932626199999987, -37.78111958 ] } },
{ "type": "Feature", "properties": { "STOP_NAME": "Wellington St/Queens Pde #23", "minutes": 30.8, "tier": 45, "centre": "southern-cross", "MODE": "METRO TRAM" }, "geometry": { "type": "Point", "coordinates": [ 144.98875135, -37.78948105 ] } },
{ "type": "Feature", "properties": { "STOP_NAME": "Wellington St/Racecourse Rd #25", "minutes": 20.5, "tier": 30, "centre": "southern-cross", "MODE": "METRO TRAM" }, "geometry": { "type": "Point", "coordinates": [ 144.931235390000012, -37.78824148 ] } },
{ "type": "Feature", "properties": { "STOP_NAME": "Wellington St/Victoria Pde #16", "minutes": 20.3, "tier": 30, "centre": "southern-cross", "MODE": "METRO TRAM" }, "geometry": { "type": "Point", "coordinates": [ 144.98613581, -37.80927135 ] } },
{ "type": "Feature", "properties": { "STOP_NAME": "Wells St/Park St #119", "minutes": 21.1, "tier": 30, "centre": "southern-cross", "MODE": "METRO TRAM" }, "geometry": { "type": "Point", "coordinates": [ 144.969816110000011, -37.83280018 ] } },
{ "type": "Feature", "properties": { "STOP_NAME": "West Preston/Gilbert Rd #47", "minutes": 55.3, "tier": 60, "centre": "southern-cross", "MODE": "METRO TRAM" }, "geometry": { "type": "Point", "coordinates": [ 144.99158656, -37.72918594 ] } },
{ "type": "Feature", "properties": { "STOP_NAME": "Westbourne Gr/St Georges Rd #27", "minutes": 39.3, "tier": 45, "centre": "southern-cross", "MODE": "METRO TRAM" }, "geometry": { "type": "Point", "coordinates": [ 144.990152349999988, -37.77381535 ] } },
{ "type": "Feature", "properties": { "STOP_NAME": "Westbury St/Dandenong Rd #34", "minutes": 34.8, "tier": 45, "centre": "southern-cross", "MODE": "METRO TRAM" }, "geometry": { "type": "Point", "coordinates": [ 144.99753805, -37.8585079 ] } },
{ "type": "Feature", "properties": { "STOP_NAME": "Westgarth St/High St #27", "minutes": 28.4, "tier": 30, "centre": "southern-cross", "MODE": "METRO TRAM" }, "geometry": { "type": "Point", "coordinates": [ 144.996811760000014, -37.78030919 ] } },
{ "type": "Feature", "properties": { "STOP_NAME": "Weston St/Lygon St #121", "minutes": 31.4, "tier": 45, "centre": "southern-cross", "MODE": "METRO TRAM" }, "geometry": { "type": "Point", "coordinates": [ 144.9709714, -37.77566737 ] } },
{ "type": "Feature", "properties": { "STOP_NAME": "Wests Rd/Cordite Ave #48", "minutes": 49.2, "tier": 60, "centre": "southern-cross", "MODE": "METRO TRAM" }, "geometry": { "type": "Point", "coordinates": [ 144.88242513, -37.76931454 ] } },
{ "type": "Feature", "properties": { "STOP_NAME": "Wests Rd/Raleigh Rd #48", "minutes": 49.9, "tier": 60, "centre": "southern-cross", "MODE": "METRO TRAM" }, "geometry": { "type": "Point", "coordinates": [ 144.88208268, -37.76938048 ] } },
{ "type": "Feature", "properties": { "STOP_NAME": "Wests Rd/Williamson Rd #50", "minutes": 39.6, "tier": 45, "centre": "southern-cross", "MODE": "METRO TRAM" }, "geometry": { "type": "Point", "coordinates": [ 144.882143320000011, -37.77521214 ] } },
{ "type": "Feature", "properties": { "STOP_NAME": "William Barak Bridge/Melbourne Park #7A", "minutes": 19.2, "tier": 30, "centre": "southern-cross", "MODE": "METRO TRAM" }, "geometry": { "type": "Point", "coordinates": [ 144.97620389, -37.81816692 ] } },
{ "type": "Feature", "properties": { "STOP_NAME": "William St/Bourke St #3", "minutes": 3.8, "tier": 15, "centre": "southern-cross", "MODE": "METRO TRAM" }, "geometry": { "type": "Point", "coordinates": [ 144.95762499, -37.81588156 ] } },
{ "type": "Feature", "properties": { "STOP_NAME": "William St/Collins St #3", "minutes": 4.3, "tier": 15, "centre": "southern-cross", "MODE": "METRO TRAM" }, "geometry": { "type": "Point", "coordinates": [ 144.95942911, -37.81760704 ] } },
{ "type": "Feature", "properties": { "STOP_NAME": "William St/Victoria St #9", "minutes": 16.4, "tier": 30, "centre": "southern-cross", "MODE": "METRO TRAM" }, "geometry": { "type": "Point", "coordinates": [ 144.95390781, -37.80568781 ] } },
{ "type": "Feature", "properties": { "STOP_NAME": "Williams Rd/Dandenong Rd #35", "minutes": 36.4, "tier": 45, "centre": "southern-cross", "MODE": "METRO TRAM" }, "geometry": { "type": "Point", "coordinates": [ 145.00164876, -37.85907341 ] } },
{ "type": "Feature", "properties": { "STOP_NAME": "Williams Rd/High St #35", "minutes": 36.2, "tier": 45, "centre": "southern-cross", "MODE": "METRO TRAM" }, "geometry": { "type": "Point", "coordinates": [ 145.00232392, -37.85301095 ] } },
{ "type": "Feature", "properties": { "STOP_NAME": "Williams Rd/Malvern Rd #34", "minutes": 23.6, "tier": 30, "centre": "southern-cross", "MODE": "METRO TRAM" }, "geometry": { "type": "Point", "coordinates": [ 145.00305004, -37.84800372 ] } },
{ "type": "Feature", "properties": { "STOP_NAME": "Williams Rd/Toorak Rd #131", "minutes": 25.1, "tier": 30, "centre": "southern-cross", "MODE": "METRO TRAM" }, "geometry": { "type": "Point", "coordinates": [ 145.00536, -37.84072532 ] } },
{ "type": "Feature", "properties": { "STOP_NAME": "Williamson Rd/Rosamond Rd #51", "minutes": 35.0, "tier": 45, "centre": "southern-cross", "MODE": "METRO TRAM" }, "geometry": { "type": "Point", "coordinates": [ 144.88557115, -37.77603972 ] } },
{ "type": "Feature", "properties": { "STOP_NAME": "Williamson Rd/Wests Rd #50", "minutes": 37.0, "tier": 45, "centre": "southern-cross", "MODE": "METRO TRAM" }, "geometry": { "type": "Point", "coordinates": [ 144.881992419999989, -37.77493006 ] } },
{ "type": "Feature", "properties": { "STOP_NAME": "Willow Gr/Riversdale Rd #47", "minutes": 32.1, "tier": 45, "centre": "southern-cross", "MODE": "METRO TRAM" }, "geometry": { "type": "Point", "coordinates": [ 145.07239936, -37.8331096 ] } },
{ "type": "Feature", "properties": { "STOP_NAME": "Wilson Gr/Camberwell Rd #49", "minutes": 41.3, "tier": 45, "centre": "southern-cross", "MODE": "METRO TRAM" }, "geometry": { "type": "Point", "coordinates": [ 145.07152499, -37.84443222 ] } },
{ "type": "Feature", "properties": { "STOP_NAME": "Wilson St/Chapel St #48", "minutes": 25.2, "tier": 30, "centre": "southern-cross", "MODE": "METRO TRAM" }, "geometry": { "type": "Point", "coordinates": [ 144.99489477, -37.84363857 ] } },
{ "type": "Feature", "properties": { "STOP_NAME": "Wimbledon Ave/Brighton Rd #38", "minutes": 41.2, "tier": 45, "centre": "southern-cross", "MODE": "METRO TRAM" }, "geometry": { "type": "Point", "coordinates": [ 144.9900777, -37.87288061 ] } },
{ "type": "Feature", "properties": { "STOP_NAME": "Windsor Railway Station/Chapel St #43", "minutes": 24.4, "tier": 30, "centre": "southern-cross", "MODE": "METRO TRAM" }, "geometry": { "type": "Point", "coordinates": [ 144.99245063, -37.8562404 ] } },
{ "type": "Feature", "properties": { "STOP_NAME": "Wood St/Plenty Rd #51", "minutes": 56.8, "tier": 60, "centre": "southern-cross", "MODE": "METRO TRAM" }, "geometry": { "type": "Point", "coordinates": [ 145.013548359999987, -37.73446971 ] } },
{ "type": "Feature", "properties": { "STOP_NAME": "Woodlands Ave/High St #42", "minutes": 52.3, "tier": 60, "centre": "southern-cross", "MODE": "METRO TRAM" }, "geometry": { "type": "Point", "coordinates": [ 145.05767205, -37.79632435 ] } },
{ "type": "Feature", "properties": { "STOP_NAME": "Woodlands Ave/Melville Rd #41", "minutes": 40.1, "tier": 45, "centre": "southern-cross", "MODE": "METRO TRAM" }, "geometry": { "type": "Point", "coordinates": [ 144.946246519999988, -37.74887933 ] } },
{ "type": "Feature", "properties": { "STOP_NAME": "Woolton Ave/High St #37", "minutes": 33.9, "tier": 45, "centre": "southern-cross", "MODE": "METRO TRAM" }, "geometry": { "type": "Point", "coordinates": [ 145.00004289, -37.76152929 ] } },
{ "type": "Feature", "properties": { "STOP_NAME": "Woorigoleen Rd/Toorak Rd #135", "minutes": 31.1, "tier": 45, "centre": "southern-cross", "MODE": "METRO TRAM" }, "geometry": { "type": "Point", "coordinates": [ 145.01758276000001, -37.8421664 ] } },
{ "type": "Feature", "properties": { "STOP_NAME": "Yarra Bvd/Bridge Rd #22", "minutes": 30.7, "tier": 45, "centre": "southern-cross", "MODE": "METRO TRAM" }, "geometry": { "type": "Point", "coordinates": [ 145.013969980000013, -37.82009867 ] } },
{ "type": "Feature", "properties": { "STOP_NAME": "Yarra Bvd/Swan St #18", "minutes": 27.4, "tier": 30, "centre": "southern-cross", "MODE": "METRO TRAM" }, "geometry": { "type": "Point", "coordinates": [ 145.01955426, -37.82666322 ] } },
{ "type": "Feature", "properties": { "STOP_NAME": "York St/Clarendon St #127", "minutes": 11.2, "tier": 15, "centre": "southern-cross", "MODE": "METRO TRAM" }, "geometry": { "type": "Point", "coordinates": [ 144.95952649, -37.83098215 ] } },
{ "type": "Feature", "properties": { "STOP_NAME": "York St/Kings Way #117", "minutes": 19.9, "tier": 30, "centre": "southern-cross", "MODE": "METRO TRAM" }, "geometry": { "type": "Point", "coordinates": [ 144.96422972, -37.82976589 ] } }
]
}
