{"name":"school_zone","format":"pbf","version":1778989030,"minZoom":9,"maxZoom":11,"bounds":[145.2084391,-38.0418599,145.3793725,-37.9598265],"tiles":["10/925/628","10/925/629","11/1850/1257","11/1850/1258","11/1851/1257","9/462/314"]}