{"name":"school_zone","format":"pbf","version":1778989032,"minZoom":9,"maxZoom":11,"bounds":[145.0142781,-37.8370583,145.1265477,-37.7290914],"tiles":["10/924/628","11/1848/1256","11/1849/1256","9/462/314"]}