{"name":"school_zone","format":"pbf","version":1778989034,"minZoom":9,"maxZoom":11,"bounds":[144.2871112,-38.219829,145.0994157,-37.691912],"tiles":["10/922/629","10/924/627","10/924/628","10/924/629","11/1844/1258","11/1844/1259","11/1845/1258","11/1845/1259","11/1848/1255","11/1848/1256","11/1848/1257","11/1849/1256","11/1849/1257","11/1849/1258","9/461/314","9/462/313","9/462/314"]}