{"name":"suburbs","format":"pbf","version":1777292177,"minZoom":6,"maxZoom":9,"bounds":[140.96186580000006,-39.15917646999998,149.97619755300002,-33.98063640299995],"tiles":["6/57/38","6/57/39","6/58/38","6/58/39","7/114/76","7/114/77","7/114/78","7/115/77","7/115/78","7/115/79","7/116/77","7/116/78","7/116/79","7/117/78","8/228/153","8/228/154","8/228/155","8/228/156","8/228/157","8/229/153","8/229/154","8/229/155","8/229/156","8/229/157","8/230/154","8/230/155","8/230/156","8/230/157","8/230/158","8/231/155","8/231/156","8/231/157","8/231/158","8/232/155","8/232/156","8/232/157","8/232/158","8/233/155","8/233/156","8/233/157","8/234/156","8/234/157","9/456/307","9/456/308","9/456/309","9/456/310","9/456/311","9/456/312","9/456/313","9/456/314","9/457/307","9/457/308","9/457/309","9/457/310","9/457/311","9/457/312","9/457/313","9/457/314","9/457/315","9/458/307","9/458/308","9/458/309","9/458/310","9/458/311","9/458/312","9/458/313","9/458/314","9/458/315","9/459/308","9/459/309","9/459/310","9/459/311","9/459/312","9/459/313","9/459/314","9/459/315","9/460/309","9/460/310","9/460/311","9/460/312","9/460/313","9/460/314","9/460/315","9/460/316","9/461/310","9/461/311","9/461/312","9/461/313","9/461/314","9/461/315","9/462/310","9/462/311","9/462/312","9/462/313","9/462/314","9/462/315","9/463/310","9/463/311","9/463/312","9/463/313","9/463/314","9/463/315","9/463/316","9/464/310","9/464/311","9/464/312","9/464/313","9/464/314","9/464/315","9/464/316","9/465/310","9/465/311","9/465/312","9/465/313","9/465/314","9/465/315","9/466/310","9/466/311","9/466/312","9/466/313","9/466/314","9/467/312","9/467/313","9/467/314","9/468/312","9/468/313","9/468/314","9/469/313"]}